baizhanquan__FireDetectionDataset-flame-forest-flameye-wildfire/data/train-00001-of-00013.parquet	284378756	1789642045.8007435830
baizhanquan__FireDetectionDataset-flame-forest-flameye-wildfire/data/test-00000-of-00002.parquet	369475584	1789642183.4447548840
baizhanquan__FireDetectionDataset-flame-forest-flameye-wildfire/data/train-00007-of-00013.parquet	309712613	1789643772.7125719230
baizhanquan__FireDetectionDataset-flame-forest-flameye-wildfire/data/train-00004-of-00013.parquet	276825640	1789644001.1553039340
baizhanquan__FireDetectionDataset-flame-forest-flameye-wildfire/data/train-00008-of-00013.parquet	377775771	1789644889.0745333200
baizhanquan__FireDetectionDataset-flame-forest-flameye-wildfire/data/validation-00001-of-00004.parquet	372354562	1789646630.8734147900
baizhanquan__FireDetectionDataset-flame-forest-flameye-wildfire/data/validation-00002-of-00004.parquet	355591906	1789640212.3402200930
baizhanquan__FireDetectionDataset-flame-forest-flameye-wildfire/data/train-00006-of-00013.parquet	401082157	1789649628.1205147130
baizhanquan__FireDetectionDataset-flame-forest-flameye-wildfire/data/train-00005-of-00013.parquet	430388204	1789649922.8027300740
baizhanquan__FireDetectionDataset-flame-forest-flameye-wildfire/data/train-00003-of-00013.parquet	474723337	1789650178.2613920400
baizhanquan__FireDetectionDataset-flame-forest-flameye-wildfire/data/train-00000-of-00013.parquet	472353509	1789650413.4965567930
baizhanquan__FireDetectionDataset-flame-forest-flameye-wildfire/data/test-00001-of-00002.parquet	516074555	1789650595.1458222140
baizhanquan__FireDetectionDataset-flame-forest-flameye-wildfire/data/validation-00000-of-00004.parquet	358190645	1789648157.2180897600
baizhanquan__FireDetectionDataset-flame-forest-flameye-wildfire/data/train-00002-of-00013.parquet	482326279	1789650779.6010309220
baizhanquan__FireDetectionDataset-flame-forest-flameye-wildfire/data/train-00009-of-00013.parquet	566495002	1789650841.2177414460
baizhanquan__FireDetectionDataset-flame-forest-flameye-wildfire/data/validation-00003-of-00004.parquet	672780187	1789651701.7483838380
baizhanquan__FireDetectionDataset-flame-forest-flameye-wildfire/data/train-00011-of-00013.parquet	728966842	1789652209.8618038490
baizhanquan__FireDetectionDataset-flame-forest-flameye-wildfire/data/train-00010-of-00013.parquet	726426340	1789652468.5612938070
baizhanquan__FireDetectionDataset-flame-forest-flameye-wildfire/data/train-00012-of-00013.parquet	727927054	1789652947.8517257910
baizhanquan__FireDetectionDataset-flame-forest-flameye-wildfire/README.md	3288	1789626049.2066087700
baizhanquan__FireDetectionDataset-flame-forest-flameye-wildfire/.gitattributes	2504	1789626049.5026252250
baizhanquan__FireDetectionDataset-flame-forest-flameye-wildfire/FIREDETECTION_CATALOG.md	619	1789626050.2706678920
fireviewer__fire-smoke-detection-corpus-v1/SOURCE_RIGHTS_MATRIX.json	5076	1789683813.9500707560
fireviewer__fire-smoke-detection-corpus-v1/data/test/test-00004.parquet	1260722471	1789684276.5173786130
fireviewer__fire-smoke-detection-corpus-v1/data/test/test-00001.parquet	1316413034	1789684523.5387690420
fireviewer__fire-smoke-detection-corpus-v1/data/test/test-00003.parquet	1475916715	1789684669.6756679310
fireviewer__fire-smoke-detection-corpus-v1/data/test/test-00000.parquet	1297858289	1789684751.8021172010
fireviewer__fire-smoke-detection-corpus-v1/data/test/test-00002.parquet	1394746190	1789684891.2557330360
fireviewer__fire-smoke-detection-corpus-v1/data/train/train-00001.parquet	463780358	1789683914.4522364510
fireviewer__fire-smoke-detection-corpus-v1/data/train/train-00006.parquet	576815584	1789684230.3828653630
fireviewer__fire-smoke-detection-corpus-v1/data/train/train-00003.parquet	675861525	1789684256.0300272580
fireviewer__fire-smoke-detection-corpus-v1/data/train/train-00007.parquet	617419261	1789684404.9616889470
fireviewer__fire-smoke-detection-corpus-v1/data/train/train-00000.parquet	1094714189	1789684485.4156635310
fireviewer__fire-smoke-detection-corpus-v1/data/train/train-00002.parquet	954593804	1789684539.5864039970
fireviewer__fire-smoke-detection-corpus-v1/data/train/train-00004.parquet	676315321	1789684564.5978479330
fireviewer__fire-smoke-detection-corpus-v1/data/train/train-00005.parquet	770799757	1789684677.8155086730
fireviewer__fire-smoke-detection-corpus-v1/data/train/train-00011.parquet	558226233	1789684705.0189855760
fireviewer__fire-smoke-detection-corpus-v1/data/train/train-00010.parquet	617208751	1789684719.5307121060
fireviewer__fire-smoke-detection-corpus-v1/data/train/train-00008.parquet	468079422	1789684747.9661869820
fireviewer__fire-smoke-detection-corpus-v1/data/train/train-00009.parquet	691270385	1789684829.6407516960
fireviewer__fire-smoke-detection-corpus-v1/data/train/train-00019.parquet	127686536	1789684899.1676058470
fireviewer__fire-smoke-detection-corpus-v1/data/train/train-00012.parquet	646074089	1789685192.4953529030
fireviewer__fire-smoke-detection-corpus-v1/data/train/train-00015.parquet	1475386185	1789685383.3369403790
fireviewer__fire-smoke-detection-corpus-v1/data/train/train-00017.parquet	1500161069	1789685441.4242444990
fireviewer__fire-smoke-detection-corpus-v1/data/train/train-00014.parquet	1449261876	1789685511.9023407760
fireviewer__fire-smoke-detection-corpus-v1/data/train/train-00013.parquet	1375079472	1789685545.4016881910
fireviewer__fire-smoke-detection-corpus-v1/data/train/train-00018.parquet	1483978213	1789685599.8987018740
fireviewer__fire-smoke-detection-corpus-v1/data/train/train-00016.parquet	1443019042	1789685609.3275183690
fireviewer__fire-smoke-detection-corpus-v1/data/validation/validation-00001.parquet	487708990	1789684907.5234723700
fireviewer__fire-smoke-detection-corpus-v1/data/validation/validation-00002.parquet	531137852	1789685077.8369205820
fireviewer__fire-smoke-detection-corpus-v1/data/validation/validation-00000.parquet	835109395	1789685195.5753121670
fireviewer__fire-smoke-detection-corpus-v1/data/validation/validation-00006.parquet	1329015580	1789685507.8659229520
fireviewer__fire-smoke-detection-corpus-v1/data/validation/validation-00003.parquet	1482194071	1789685517.6349287130
fireviewer__fire-smoke-detection-corpus-v1/data/validation/validation-00005.parquet	1499718723	1789685581.7410881540
fireviewer__fire-smoke-detection-corpus-v1/data/validation/validation-00004.parquet	1488370587	1789685627.5610569320
fireviewer__fire-smoke-detection-corpus-v1/RIGHTS_AND_ATTRIBUTION.md	3920	1789683813.9780689920
fireviewer__fire-smoke-detection-corpus-v1/DATA_FILES_MANIFEST.json	7785	1789683814.0100669760
fireviewer__fire-smoke-detection-corpus-v1/README.md	5551	1789683814.0500644600
fireviewer__fire-smoke-detection-corpus-v1/.gitattributes	2876	1789683814.0940616920
fireviewer__fire-smoke-detection-corpus-v1/corpus-audit.json	3991	1789683814.0940616920
fireviewer__fire-smoke-detection-corpus-v1/SOURCE_SNAPSHOT_LEDGER.md	1746	1789683814.0980614410
fireviewer__fire-smoke-detection-corpus-v1/THIRD_PARTY_NOTICES.md	2941	1789683814.1100606860
fireviewer__fire-smoke-detection-corpus-v1/SOURCES_CHECKED.md	3281	1789683814.1180601830
fireviewer__fire-smoke-detection-corpus-v1/SOURCE_EVIDENCE.json	4436	1789683814.1340591760
fireviewer__fire-smoke-detection-corpus-v1/SOURCE_RIGHTS_MATRIX.csv	1535	1789683814.1420586730
fireviewer__fire-smoke-detection-corpus-v1/DEDUPLICATION_REPORT.json	2275	1789683814.1540579180
fireviewer__fire-smoke-detection-corpus-v1/manifests/alarmod/manifest.rtdetr.jsonl	13072466	1789685198.2952762470
fireviewer__fire-smoke-detection-corpus-v1/manifests/boreal/manifest.jsonl	8552185	1789685236.1427816600
fireviewer__fire-smoke-detection-corpus-v1/manifests/fasdd/manifest.jsonl	83451571	1789685220.3909863380
fireviewer__fire-smoke-detection-corpus-v1/manifests/pyro-sdis/manifest.jsonl	46993037	1789685256.4585200410
fireviewer__fire-smoke-detection-corpus-v1/provenance/alarmod/UPSTREAM_README.md	1579	1789685238.1587555810
fireviewer__fire-smoke-detection-corpus-v1/provenance/alarmod/preparation-report.json	3860	1789685239.0707437910
fireviewer__fire-smoke-detection-corpus-v1/provenance/boreal/SOURCE_MANIFEST.json	797	1789685240.0707308710
fireviewer__fire-smoke-detection-corpus-v1/provenance/boreal/VALIDATION_REPORT.json	501	1789685241.1827165120
fireviewer__fire-smoke-detection-corpus-v1/provenance/fasdd/quality-report.json	1888	1789685242.1467040700
fireviewer__fire-smoke-detection-corpus-v1/provenance/pyro-sdis/quality-report.json	923	1789685243.0226927690
fireviewer__fire-smoke-detection-corpus-v1/publication-manifest.json	17903	1789685244.6706715210
fireviewer__fire-smoke-detection-corpus-v1/publication-metadata-receipt.json	3322	1789685247.5026350490
fireviewer__fire-smoke-detection-corpus-v1/validation/strict-clean-validation-receipt.json	564	1789685249.8026054660
fireviewer__fire-smoke-detection-corpus-v1/validation/strict-clean-validation-summary.json	8645	1789685250.7785929220
fireviewer__fire-smoke-detection-corpus-v1/validation/strict-cleaning-summary.json	14648	1789685252.7385677500
hayden-yuma__roadwork/data/train-00006-of-00026.parquet	156463591	1789683308.1056346660
hayden-yuma__roadwork/data/test-00003-of-00005.parquet	286078977	1789683317.5097478870
hayden-yuma__roadwork/data/test-00001-of-00005.parquet	317689369	1789683373.1304145160
hayden-yuma__roadwork/data/train-00007-of-00026.parquet	157549559	1789683383.7865416700
hayden-yuma__roadwork/data/train-00008-of-00026.parquet	161005929	1789683387.3465841120
hayden-yuma__roadwork/data/train-00009-of-00026.parquet	156714419	1789683426.9350548240
hayden-yuma__roadwork/data/train-00002-of-00026.parquet	483422863	1789683443.6906188900
hayden-yuma__roadwork/data/train-00011-of-00026.parquet	148562412	1789683450.5338052780
hayden-yuma__roadwork/data/test-00002-of-00005.parquet	267366007	1789683463.7762589330
hayden-yuma__roadwork/data/train-00013-of-00026.parquet	151049408	1789683500.9361103910
hayden-yuma__roadwork/data/test-00000-of-00005.parquet	558529300	1789683502.5399374750
hayden-yuma__roadwork/data/test-00004-of-00005.parquet	293103645	1789683545.1075230900
hayden-yuma__roadwork/data/train-00010-of-00026.parquet	142020278	1789683550.7229652090
hayden-yuma__roadwork/data/train-00004-of-00026.parquet	509204302	1789683560.3100254260
hayden-yuma__roadwork/data/train-00001-of-00026.parquet	352053436	1789683560.4540114350
hayden-yuma__roadwork/data/train-00000-of-00026.parquet	577851753	1789683576.0605154810
hayden-yuma__roadwork/data/train-00021-of-00026.parquet	145949419	1789683605.9697605360
hayden-yuma__roadwork/data/train-00003-of-00026.parquet	559528749	1789683615.7088941160
hayden-yuma__roadwork/data/train-00022-of-00026.parquet	139663883	1789683646.8222224290
hayden-yuma__roadwork/data/train-00023-of-00026.parquet	158276413	1789683661.4010192490
hayden-yuma__roadwork/data/train-00025-of-00026.parquet	161563922	1789683701.7778402570
hayden-yuma__roadwork/data/train-00015-of-00026.parquet	401096596	1789683714.3168968980
hayden-yuma__roadwork/data/train-00017-of-00026.parquet	498013261	1789683739.8350380660
hayden-yuma__roadwork/data/train-00014-of-00026.parquet	782061002	1789683747.6504846490
hayden-yuma__roadwork/data/train-00024-of-00026.parquet	169401707	1789683760.5455873320
hayden-yuma__roadwork/data/train-00016-of-00026.parquet	445302052	1789683773.7646874410
hayden-yuma__roadwork/data/train-00019-of-00026.parquet	518885046	1789683777.1364610800
hayden-yuma__roadwork/data/train-00018-of-00026.parquet	571184146	1789683786.2598549640
hayden-yuma__roadwork/data/train-00020-of-00026.parquet	468498337	1789683806.0385721780
hayden-yuma__roadwork/data/train-00012-of-00026.parquet	145607700	1789683807.0225094570
hayden-yuma__roadwork/data/train-00005-of-00026.parquet	640379180	1789683812.6781509350
hayden-yuma__roadwork/README.md	1138	1789683219.5885609500
hayden-yuma__roadwork/.gitattributes	2461	1789683219.7365627580
hf-vision__hardhat/data/test-00000-of-00001-9fc2e7e45a21ae43.parquet	66929789	1789625857.6114393040
hf-vision__hardhat/data/train-00000-of-00001-3e0d95da2811afee.parquet	199956568	1789627301.4200762460
hf-vision__hardhat/README.md	872	1789625685.0152458300
hf-vision__hardhat/.gitattributes	2307	1789625686.2752477820
iluvvatar__wood_surface_defects/data/train-00000-of-00005-aee708e5dcec3620.parquet	440876516	1789680869.7823560760
iluvvatar__wood_surface_defects/data/train-00002-of-00005-81cab1be3ef4b976.parquet	441034105	1789680883.0504216470
iluvvatar__wood_surface_defects/data/train-00003-of-00005-46f348d8df59f63c.parquet	441133213	1789680906.4265383620
iluvvatar__wood_surface_defects/data/train-00001-of-00005-2be8dd5a78dccedb.parquet	440222873	1789680911.5465641220
iluvvatar__wood_surface_defects/data/train-00004-of-00005-cfde1ad8fb3dd17a.parquet	439651970	1789680921.8306160740
iluvvatar__wood_surface_defects/.gitattributes	2265	1789680796.9660055590
iluvvatar__wood_surface_defects/README.md	906	1789680797.0100057650
kevincluo__structure_wildfire_damage_classification/data/train-00006-of-00009-6639d98a2c7a39f1.parquet	423723489	1789682589.1562058710
kevincluo__structure_wildfire_damage_classification/data/train-00000-of-00009-c8a5637a3d1a80e9.parquet	627110966	1789682605.5444475950
kevincluo__structure_wildfire_damage_classification/data/train-00008-of-00009-36feeda2fbd24ffc.parquet	461848567	1789682615.4205923650
kevincluo__structure_wildfire_damage_classification/data/train-00004-of-00009-79f29caa7513e947.parquet	775134172	1789682649.1770822620
kevincluo__structure_wildfire_damage_classification/data/train-00001-of-00009-92d3029f18f7fed9.parquet	723846651	1789682655.6851758640
kevincluo__structure_wildfire_damage_classification/data/train-00002-of-00009-4c1dcecc6d84bf3c.parquet	538540911	1789682694.3897271470
kevincluo__structure_wildfire_damage_classification/data/train-00007-of-00009-ce9cdffc38bd7725.parquet	606837220	1789682694.8737339850
kevincluo__structure_wildfire_damage_classification/data/train-00003-of-00009-ed945d9945c16977.parquet	328215312	1789682707.5819130220
kevincluo__structure_wildfire_damage_classification/data/train-00005-of-00009-75c7c777fb56f64a.parquet	594533749	1789682710.9339600940
kevincluo__structure_wildfire_damage_classification/README.md	3449	1789682422.7176305720
kevincluo__structure_wildfire_damage_classification/.gitattributes	2307	1789682422.9136337500
keremberke__hard-hat-detection/data/valid-mini.zip	209798	1789680143.2760680000
keremberke__hard-hat-detection/data/test.zip	114425180	1789680162.0000760660
keremberke__hard-hat-detection/data/valid.zip	224860587	1789680179.3000870900
keremberke__hard-hat-detection/data/train.zip	778928861	1789680204.8001093390
keremberke__hard-hat-detection/README.dataset.txt	167	1789680141.0280673070
keremberke__hard-hat-detection/README.md	2534	1789680141.0280673070
keremberke__hard-hat-detection/split_name_to_num_samples.json	45	1789680141.0320673080
keremberke__hard-hat-detection/hard-hat-detection.py	5847	1789680141.0320673080
keremberke__hard-hat-detection/README.roboflow.txt	1004	1789680141.0560673150
keremberke__hard-hat-detection/.gitattributes	2265	1789680141.4280674260
keremberke__hard-hat-detection/thumbnail.jpg	107068	1789680142.6280677940
Voxel51__hard-hat-detection/data/hard_hat_workers1039.png	235348	1789680215.8521211270
Voxel51__hard-hat-detection/data/hard_hat_workers1031.png	249344	1789680215.6561209070
Voxel51__hard-hat-detection/data/hard_hat_workers1054.png	215863	1789680218.4001240250
Voxel51__hard-hat-detection/data/hard_hat_workers1501.png	319419	1789680275.4642057270
Voxel51__hard-hat-detection/data/hard_hat_workers1034.png	245130	1789680215.8241210960
Voxel51__hard-hat-detection/data/hard_hat_workers1049.png	181812	1789680217.2801227430
Voxel51__hard-hat-detection/data/hard_hat_workers1042.png	240300	1789680216.7521221430
Voxel51__hard-hat-detection/data/hard_hat_workers1052.png	284114	1789680218.1601237480
Voxel51__hard-hat-detection/data/hard_hat_workers1504.png	166716	1789680275.6962061230
Voxel51__hard-hat-detection/data/hard_hat_workers1045.png	216704	1789680216.8881222970
Voxel51__hard-hat-detection/data/hard_hat_workers1503.png	277436	1789680275.8562063960
Voxel51__hard-hat-detection/data/hard_hat_workers1064.png	301196	1789680219.6601254820
Voxel51__hard-hat-detection/data/hard_hat_workers100.png	249516	1789680211.2081160200
Voxel51__hard-hat-detection/data/hard_hat_workers1035.png	244926	1789680215.5881208310
Voxel51__hard-hat-detection/data/hard_hat_workers1005.png	289215	1789680211.2081160200
Voxel51__hard-hat-detection/data/hard_hat_workers1048.png	349744	1789680217.1281225700
Voxel51__hard-hat-detection/data/hard_hat_workers1004.png	283588	1789680211.2361160500
Voxel51__hard-hat-detection/data/hard_hat_workers1066.png	223043	1789680219.6961255240
Voxel51__hard-hat-detection/data/hard_hat_workers1000.png	257579	1789680211.3081161280
Voxel51__hard-hat-detection/data/hard_hat_workers106.png	217410	1789680218.8921245910
Voxel51__hard-hat-detection/data/hard_hat_workers1003.png	203837	1789680211.3161161360
Voxel51__hard-hat-detection/data/hard_hat_workers1038.png	263245	1789680215.7041209620
Voxel51__hard-hat-detection/data/hard_hat_workers0.png	215330	1789680211.3361161580
Voxel51__hard-hat-detection/data/hard_hat_workers1058.png	240475	1789680218.7921244760
Voxel51__hard-hat-detection/data/hard_hat_workers1001.png	291181	1789680211.4401162690
Voxel51__hard-hat-detection/data/hard_hat_workers105.png	318814	1789680217.5961231040
Voxel51__hard-hat-detection/data/hard_hat_workers10.png	156273	1789680211.6201164640
Voxel51__hard-hat-detection/data/hard_hat_workers1037.png	295529	1789680215.9721212620
Voxel51__hard-hat-detection/data/hard_hat_workers1002.png	221136	1789680211.6801165290
Voxel51__hard-hat-detection/data/hard_hat_workers1047.png	266844	1789680217.4361229210
Voxel51__hard-hat-detection/data/hard_hat_workers1.png	303581	1789680211.7601166150
Voxel51__hard-hat-detection/data/hard_hat_workers1061.png	205241	1789680219.3361251060
Voxel51__hard-hat-detection/data/hard_hat_workers1006.png	270254	1789680211.8161166760
Voxel51__hard-hat-detection/data/hard_hat_workers1063.png	349573	1789680219.4681252590
Voxel51__hard-hat-detection/data/hard_hat_workers1007.png	227848	1789680211.9961168700
Voxel51__hard-hat-detection/data/hard_hat_workers1050.png	306334	1789680217.8841234320
Voxel51__hard-hat-detection/data/hard_hat_workers1009.png	216690	1789680212.4601173750
Voxel51__hard-hat-detection/data/hard_hat_workers1060.png	301533	1789680219.4401252260
Voxel51__hard-hat-detection/data/hard_hat_workers1008.png	292170	1789680212.5041174230
Voxel51__hard-hat-detection/data/hard_hat_workers1067.png	302468	1789680219.8281256770
Voxel51__hard-hat-detection/data/hard_hat_workers101.png	181997	1789680212.5441174670
Voxel51__hard-hat-detection/data/hard_hat_workers1051.png	240447	1789680217.9641235240
Voxel51__hard-hat-detection/data/hard_hat_workers1012.png	307733	1789680212.6641175970
Voxel51__hard-hat-detection/data/hard_hat_workers1505.png	238938	1789680276.0202066750
Voxel51__hard-hat-detection/data/hard_hat_workers1013.png	255489	1789680212.7401176800
Voxel51__hard-hat-detection/data/hard_hat_workers1053.png	251360	1789680218.0521236250
Voxel51__hard-hat-detection/data/hard_hat_workers1011.png	312911	1789680212.9801179410
Voxel51__hard-hat-detection/data/hard_hat_workers1065.png	305963	1789680219.4961252910
Voxel51__hard-hat-detection/data/hard_hat_workers1015.png	334473	1789680213.0001179640
Voxel51__hard-hat-detection/data/hard_hat_workers1508.png	269822	1789680276.1722069350
Voxel51__hard-hat-detection/data/hard_hat_workers1010.png	199707	1789680213.0241179890
Voxel51__hard-hat-detection/data/hard_hat_workers1055.png	331744	1789680218.2321238310
Voxel51__hard-hat-detection/data/hard_hat_workers1016.png	322936	1789680213.0601180290
Voxel51__hard-hat-detection/data/hard_hat_workers1062.png	264772	1789680219.6521254720
Voxel51__hard-hat-detection/data/hard_hat_workers1017.png	256295	1789680213.1001180730
Voxel51__hard-hat-detection/data/hard_hat_workers1056.png	236611	1789680218.4961241360
Voxel51__hard-hat-detection/data/hard_hat_workers1014.png	221060	1789680213.2001181830
Voxel51__hard-hat-detection/data/hard_hat_workers1057.png	273517	1789680218.5321241770
Voxel51__hard-hat-detection/data/hard_hat_workers1018.png	312713	1789680213.2921182840
Voxel51__hard-hat-detection/data/hard_hat_workers1059.png	193766	1789680218.7681244490
Voxel51__hard-hat-detection/data/hard_hat_workers1021.png	351561	1789680213.9241189790
Voxel51__hard-hat-detection/data/hard_hat_workers1068.png	184702	1789680220.0121258910
Voxel51__hard-hat-detection/data/hard_hat_workers1022.png	243796	1789680213.9881190490
Voxel51__hard-hat-detection/data/hard_hat_workers1506.png	348602	1789680276.2122070030
Voxel51__hard-hat-detection/data/hard_hat_workers1019.png	381638	1789680214.0801191520
Voxel51__hard-hat-detection/data/hard_hat_workers1507.png	286107	1789680276.2322070380
Voxel51__hard-hat-detection/data/hard_hat_workers1020.png	203140	1789680214.0841191560
Voxel51__hard-hat-detection/data/hard_hat_workers151.png	262955	1789680276.2922071410
Voxel51__hard-hat-detection/data/hard_hat_workers102.png	274609	1789680214.2041192890
Voxel51__hard-hat-detection/data/hard_hat_workers1509.png	314655	1789680276.3842072980
Voxel51__hard-hat-detection/data/hard_hat_workers1023.png	217935	1789680214.2081192930
Voxel51__hard-hat-detection/data/hard_hat_workers1025.png	231306	1789680214.2681193600
Voxel51__hard-hat-detection/data/hard_hat_workers1024.png	235732	1789680214.3401194400
Voxel51__hard-hat-detection/data/hard_hat_workers1026.png	314093	1789680214.3481194490
Voxel51__hard-hat-detection/data/hard_hat_workers1027.png	311110	1789680214.4321195420
Voxel51__hard-hat-detection/data/hard_hat_workers1028.png	228602	1789680214.4681195820
Voxel51__hard-hat-detection/data/hard_hat_workers1029.png	309807	1789680214.8481200040
Voxel51__hard-hat-detection/data/hard_hat_workers103.png	175207	1789680215.1361203250
Voxel51__hard-hat-detection/data/hard_hat_workers1030.png	256602	1789680215.2481204510
Voxel51__hard-hat-detection/data/hard_hat_workers1032.png	209370	1789680215.5201207550
Voxel51__hard-hat-detection/data/hard_hat_workers1033.png	419218	1789680215.5481207860
Voxel51__hard-hat-detection/data/hard_hat_workers1036.png	293595	1789680216.0801213830
Voxel51__hard-hat-detection/data/hard_hat_workers107.png	225265	1789680220.2561261770
Voxel51__hard-hat-detection/data/hard_hat_workers104.png	172291	1789680216.3041216360
Voxel51__hard-hat-detection/data/hard_hat_workers1595.png	271695	1789680287.3922266900
Voxel51__hard-hat-detection/data/hard_hat_workers1041.png	270440	1789680216.5321218940
Voxel51__hard-hat-detection/data/hard_hat_workers1513.png	227603	1789680276.7122078600
Voxel51__hard-hat-detection/data/hard_hat_workers1040.png	293661	1789680216.6481220250
Voxel51__hard-hat-detection/data/hard_hat_workers1511.png	258989	1789680276.8322080660
Voxel51__hard-hat-detection/data/hard_hat_workers1043.png	161135	1789680216.8201222200
Voxel51__hard-hat-detection/data/hard_hat_workers1046.png	365734	1789680217.0241224510
Voxel51__hard-hat-detection/data/hard_hat_workers1044.png	285054	1789680217.0921225280
Voxel51__hard-hat-detection/data/hard_hat_workers1069.png	248892	1789680220.2721261950
Voxel51__hard-hat-detection/data/hard_hat_workers1070.png	291377	1789680220.2841262090
Voxel51__hard-hat-detection/data/hard_hat_workers1072.png	200221	1789680220.6961266920
Voxel51__hard-hat-detection/data/hard_hat_workers1071.png	230642	1789680220.8401268610
Voxel51__hard-hat-detection/data/hard_hat_workers1075.png	262342	1789680220.9161269500
Voxel51__hard-hat-detection/data/hard_hat_workers1073.png	274038	1789680220.9641270070
Voxel51__hard-hat-detection/data/hard_hat_workers1074.png	199892	1789680220.9961270440
Voxel51__hard-hat-detection/data/hard_hat_workers1078.png	119020	1789680221.0401270950
Voxel51__hard-hat-detection/data/hard_hat_workers1077.png	267596	1789680221.0601271190
Voxel51__hard-hat-detection/data/hard_hat_workers1076.png	287788	1789680221.0641271240
Voxel51__hard-hat-detection/data/hard_hat_workers1079.png	259179	1789680221.3321274410
Voxel51__hard-hat-detection/data/hard_hat_workers1081.png	180393	1789680221.5321276770
Voxel51__hard-hat-detection/data/hard_hat_workers1080.png	258195	1789680221.8521280550
Voxel51__hard-hat-detection/data/hard_hat_workers108.png	267607	1789680221.9721281970
Voxel51__hard-hat-detection/data/hard_hat_workers1083.png	227170	1789680222.1721284350
Voxel51__hard-hat-detection/data/hard_hat_workers1087.png	266400	1789680222.2761285590
Voxel51__hard-hat-detection/data/hard_hat_workers1085.png	279294	1789680222.2881285740
Voxel51__hard-hat-detection/data/hard_hat_workers1088.png	310617	1789680222.3441286400
Voxel51__hard-hat-detection/data/hard_hat_workers1082.png	225272	1789680222.3601286590
Voxel51__hard-hat-detection/data/hard_hat_workers1084.png	256577	1789680222.3801286830
Voxel51__hard-hat-detection/data/hard_hat_workers1086.png	252103	1789680222.4561287740
Voxel51__hard-hat-detection/data/hard_hat_workers109.png	288453	1789680222.8161292030
Voxel51__hard-hat-detection/data/hard_hat_workers1089.png	270392	1789680222.9361293460
Voxel51__hard-hat-detection/data/hard_hat_workers1090.png	311978	1789680223.0081294320
Voxel51__hard-hat-detection/data/hard_hat_workers1091.png	259349	1789680223.2481297210
Voxel51__hard-hat-detection/data/hard_hat_workers1092.png	298834	1789680223.4841300040
Voxel51__hard-hat-detection/data/hard_hat_workers1098.png	258674	1789680223.6521302060
Voxel51__hard-hat-detection/data/hard_hat_workers1097.png	306694	1789680223.6761302340
Voxel51__hard-hat-detection/data/hard_hat_workers1094.png	218749	1789680223.7241302930
Voxel51__hard-hat-detection/data/hard_hat_workers1093.png	250020	1789680223.7321303020
Voxel51__hard-hat-detection/data/hard_hat_workers1096.png	233888	1789680223.7521303260
Voxel51__hard-hat-detection/data/hard_hat_workers1095.png	197475	1789680223.7841303650
Voxel51__hard-hat-detection/data/hard_hat_workers1099.png	243530	1789680223.9681305860
Voxel51__hard-hat-detection/data/hard_hat_workers110.png	242749	1789680224.3201310130
Voxel51__hard-hat-detection/data/hard_hat_workers11.png	270865	1789680224.3201310130
Voxel51__hard-hat-detection/data/hard_hat_workers1100.png	284830	1789680224.3321310270
Voxel51__hard-hat-detection/data/hard_hat_workers1101.png	192719	1789680224.5921313420
Voxel51__hard-hat-detection/data/hard_hat_workers1102.png	222574	1789680224.7481315310
Voxel51__hard-hat-detection/data/hard_hat_workers1103.png	242147	1789680225.0281318710
Voxel51__hard-hat-detection/data/hard_hat_workers1108.png	233975	1789680225.0361318810
Voxel51__hard-hat-detection/data/hard_hat_workers1107.png	330154	1789680225.0481318950
Voxel51__hard-hat-detection/data/hard_hat_workers1105.png	246413	1789680225.1561320270
Voxel51__hard-hat-detection/data/hard_hat_workers1104.png	218193	1789680225.1601320320
Voxel51__hard-hat-detection/data/hard_hat_workers1106.png	286587	1789680225.2281321150
Voxel51__hard-hat-detection/data/hard_hat_workers1109.png	304323	1789680225.2801321780
Voxel51__hard-hat-detection/data/hard_hat_workers111.png	329712	1789680225.8161328340
Voxel51__hard-hat-detection/data/hard_hat_workers1110.png	193873	1789680225.9361329810
Voxel51__hard-hat-detection/data/hard_hat_workers1113.png	269189	1789680225.9841330400
Voxel51__hard-hat-detection/data/hard_hat_workers1111.png	319725	1789680225.9841330400
Voxel51__hard-hat-detection/data/hard_hat_workers1112.png	323924	1789680226.1881332900
Voxel51__hard-hat-detection/data/hard_hat_workers1115.png	238739	1789680226.2601333790
Voxel51__hard-hat-detection/data/hard_hat_workers1114.png	284254	1789680226.3761335220
Voxel51__hard-hat-detection/data/hard_hat_workers1118.png	288024	1789680226.4241335810
Voxel51__hard-hat-detection/data/hard_hat_workers1117.png	258746	1789680226.4441336060
Voxel51__hard-hat-detection/data/hard_hat_workers1119.png	193579	1789680226.5041336800
Voxel51__hard-hat-detection/data/hard_hat_workers1116.png	287894	1789680226.5201337000
Voxel51__hard-hat-detection/data/hard_hat_workers112.png	202538	1789680226.5321337140
Voxel51__hard-hat-detection/data/hard_hat_workers1122.png	262768	1789680227.3881347730
Voxel51__hard-hat-detection/data/hard_hat_workers1120.png	330052	1789680227.4081347980
Voxel51__hard-hat-detection/data/hard_hat_workers1123.png	246717	1789680227.4281348230
Voxel51__hard-hat-detection/data/hard_hat_workers1121.png	320105	1789680227.4681348720
Voxel51__hard-hat-detection/data/hard_hat_workers1124.png	261086	1789680227.6361350810
Voxel51__hard-hat-detection/data/hard_hat_workers1125.png	279718	1789680227.6961351560
Voxel51__hard-hat-detection/data/hard_hat_workers1128.png	223027	1789680227.7241351900
Voxel51__hard-hat-detection/data/hard_hat_workers1127.png	278566	1789680227.7281351960
Voxel51__hard-hat-detection/data/hard_hat_workers1130.png	263145	1789680227.7881352700
Voxel51__hard-hat-detection/data/hard_hat_workers1126.png	301882	1789680227.7921352750
Voxel51__hard-hat-detection/data/hard_hat_workers1129.png	177557	1789680227.8881353950
Voxel51__hard-hat-detection/data/hard_hat_workers113.png	208828	1789680227.9361354540
Voxel51__hard-hat-detection/data/hard_hat_workers1132.png	254041	1789680228.6801363860
Voxel51__hard-hat-detection/data/hard_hat_workers1131.png	295465	1789680228.7041364160
Voxel51__hard-hat-detection/data/hard_hat_workers1134.png	327633	1789680228.7801365110
Voxel51__hard-hat-detection/data/hard_hat_workers1133.png	266140	1789680228.8041365400
Voxel51__hard-hat-detection/data/hard_hat_workers114.png	272121	1789680229.0401368360
Voxel51__hard-hat-detection/data/hard_hat_workers1138.png	194580	1789680229.1121369270
Voxel51__hard-hat-detection/data/hard_hat_workers1136.png	272326	1789680229.1361369580
Voxel51__hard-hat-detection/data/hard_hat_workers1137.png	222813	1789680229.1481369730
Voxel51__hard-hat-detection/data/hard_hat_workers1141.png	256187	1789680229.1761370080
Voxel51__hard-hat-detection/data/hard_hat_workers1135.png	257931	1789680229.1961370330
Voxel51__hard-hat-detection/data/hard_hat_workers1139.png	200765	1789680229.2761371340
Voxel51__hard-hat-detection/data/hard_hat_workers1140.png	261282	1789680229.4121373060
Voxel51__hard-hat-detection/data/hard_hat_workers1142.png	264085	1789680229.9481379830
Voxel51__hard-hat-detection/data/hard_hat_workers1144.png	234759	1789680230.2241383340
Voxel51__hard-hat-detection/data/hard_hat_workers1145.png	214207	1789680230.2321383440
Voxel51__hard-hat-detection/data/hard_hat_workers1143.png	295812	1789680230.3361384760
Voxel51__hard-hat-detection/data/hard_hat_workers1146.png	301710	1789680230.3361384760
Voxel51__hard-hat-detection/data/hard_hat_workers1147.png	237634	1789680230.3681385170
Voxel51__hard-hat-detection/data/hard_hat_workers115.png	269688	1789680230.4281385930
Voxel51__hard-hat-detection/data/hard_hat_workers1150.png	197660	1789680230.4761386540
Voxel51__hard-hat-detection/data/hard_hat_workers1151.png	250820	1789680230.5201387100
Voxel51__hard-hat-detection/data/hard_hat_workers1148.png	258152	1789680230.5401387350
Voxel51__hard-hat-detection/data/hard_hat_workers1149.png	342830	1789680230.5801387860
Voxel51__hard-hat-detection/data/hard_hat_workers1152.png	228748	1789680230.8761391640
Voxel51__hard-hat-detection/data/hard_hat_workers1153.png	259323	1789680231.4761399320
Voxel51__hard-hat-detection/data/hard_hat_workers1155.png	278021	1789680231.4921399520
Voxel51__hard-hat-detection/data/hard_hat_workers1157.png	292702	1789680231.5961400850
Voxel51__hard-hat-detection/data/hard_hat_workers1154.png	243913	1789680231.6081401010
Voxel51__hard-hat-detection/data/hard_hat_workers1156.png	246102	1789680231.6121401060
Voxel51__hard-hat-detection/data/hard_hat_workers1159.png	348647	1789680231.6881402040
Voxel51__hard-hat-detection/data/hard_hat_workers1158.png	332955	1789680231.7241402500
Voxel51__hard-hat-detection/data/hard_hat_workers1160.png	227538	1789680231.7721403110
Voxel51__hard-hat-detection/data/hard_hat_workers116.png	317348	1789680231.9041404800
Voxel51__hard-hat-detection/data/hard_hat_workers1161.png	204040	1789680232.0001406040
Voxel51__hard-hat-detection/data/hard_hat_workers1162.png	282522	1789680232.0441406600
Voxel51__hard-hat-detection/data/hard_hat_workers1163.png	275625	1789680232.1521408000
Voxel51__hard-hat-detection/data/hard_hat_workers1164.png	262172	1789680232.7521415760
Voxel51__hard-hat-detection/data/hard_hat_workers1168.png	153726	1789680232.8521417050
Voxel51__hard-hat-detection/data/hard_hat_workers1167.png	307957	1789680232.9081417770
Voxel51__hard-hat-detection/data/hard_hat_workers117.png	285546	1789680232.9641418500
Voxel51__hard-hat-detection/data/hard_hat_workers1165.png	282913	1789680233.0361419430
Voxel51__hard-hat-detection/data/hard_hat_workers1166.png	310659	1789680233.0761419950
Voxel51__hard-hat-detection/data/hard_hat_workers1169.png	290330	1789680233.0921420160
Voxel51__hard-hat-detection/data/hard_hat_workers1172.png	229486	1789680233.3041422920
Voxel51__hard-hat-detection/data/hard_hat_workers1173.png	217243	1789680233.3161423080
Voxel51__hard-hat-detection/data/hard_hat_workers1170.png	303453	1789680233.3721423810
Voxel51__hard-hat-detection/data/hard_hat_workers1171.png	339235	1789680233.3881424010
Voxel51__hard-hat-detection/data/hard_hat_workers1174.png	301689	1789680233.4681425060
Voxel51__hard-hat-detection/data/hard_hat_workers1175.png	378973	1789680234.0681432880
Voxel51__hard-hat-detection/data/hard_hat_workers1177.png	248752	1789680234.1761434300
Voxel51__hard-hat-detection/data/hard_hat_workers1176.png	385649	1789680234.2401435140
Voxel51__hard-hat-detection/data/hard_hat_workers1178.png	362358	1789680234.4241437550
Voxel51__hard-hat-detection/data/hard_hat_workers118.png	320852	1789680234.4921438450
Voxel51__hard-hat-detection/data/hard_hat_workers1180.png	200141	1789680234.5241438870
Voxel51__hard-hat-detection/data/hard_hat_workers1182.png	286757	1789680234.5641439390
Voxel51__hard-hat-detection/data/hard_hat_workers1179.png	213208	1789680234.6041439920
Voxel51__hard-hat-detection/data/hard_hat_workers1185.png	295593	1789680234.7241441490
Voxel51__hard-hat-detection/data/hard_hat_workers1181.png	251570	1789680234.7321441600
Voxel51__hard-hat-detection/data/hard_hat_workers1184.png	209821	1789680234.7921442380
Voxel51__hard-hat-detection/data/hard_hat_workers1183.png	303686	1789680234.9241444120
Voxel51__hard-hat-detection/data/hard_hat_workers1186.png	247540	1789680235.4041450460
Voxel51__hard-hat-detection/data/hard_hat_workers1187.png	282272	1789680235.5721452680
Voxel51__hard-hat-detection/data/hard_hat_workers1188.png	256337	1789680235.6161453260
Voxel51__hard-hat-detection/data/hard_hat_workers119.png	307860	1789680235.8281456060
Voxel51__hard-hat-detection/data/hard_hat_workers1191.png	222668	1789680235.8361456170
Voxel51__hard-hat-detection/data/hard_hat_workers1192.png	288565	1789680235.8481456330
Voxel51__hard-hat-detection/data/hard_hat_workers1193.png	211407	1789680235.9481457650
Voxel51__hard-hat-detection/data/hard_hat_workers1195.png	200368	1789680235.9881458180
Voxel51__hard-hat-detection/data/hard_hat_workers1190.png	264177	1789680236.0161458550
Voxel51__hard-hat-detection/data/hard_hat_workers1189.png	271964	1789680236.0241458660
Voxel51__hard-hat-detection/data/hard_hat_workers1194.png	239424	1789680236.1361460150
Voxel51__hard-hat-detection/data/hard_hat_workers1196.png	314321	1789680236.2441461580
Voxel51__hard-hat-detection/data/hard_hat_workers1197.png	250683	1789680236.7361468140
Voxel51__hard-hat-detection/data/hard_hat_workers1199.png	259102	1789680236.9361470810
Voxel51__hard-hat-detection/data/hard_hat_workers1198.png	204986	1789680237.0401472200
Voxel51__hard-hat-detection/data/hard_hat_workers1200.png	224008	1789680237.1601473810
Voxel51__hard-hat-detection/data/hard_hat_workers120.png	304543	1789680237.2081474450
Voxel51__hard-hat-detection/data/hard_hat_workers1201.png	162548	1789680237.2801475420
Voxel51__hard-hat-detection/data/hard_hat_workers1202.png	253134	1789680237.3441476280
Voxel51__hard-hat-detection/data/hard_hat_workers1203.png	228251	1789680237.3561476430
Voxel51__hard-hat-detection/data/hard_hat_workers1204.png	327474	1789680237.3761476710
Voxel51__hard-hat-detection/data/hard_hat_workers1205.png	206133	1789680237.4641477890
Voxel51__hard-hat-detection/data/hard_hat_workers12.png	279803	1789680237.5361478850
Voxel51__hard-hat-detection/data/hard_hat_workers1206.png	233093	1789680237.8721483360
Voxel51__hard-hat-detection/data/hard_hat_workers1207.png	314825	1789680238.2361488270
Voxel51__hard-hat-detection/data/hard_hat_workers1209.png	271526	1789680238.3281489520
Voxel51__hard-hat-detection/data/hard_hat_workers1208.png	269003	1789680238.3801490220
Voxel51__hard-hat-detection/data/hard_hat_workers1210.png	246878	1789680238.4841491630
Voxel51__hard-hat-detection/data/hard_hat_workers1211.png	258302	1789680238.6081493300
Voxel51__hard-hat-detection/data/hard_hat_workers121.png	301822	1789680238.6481493840
Voxel51__hard-hat-detection/data/hard_hat_workers1213.png	280990	1789680238.8201496170
Voxel51__hard-hat-detection/data/hard_hat_workers1216.png	233485	1789680238.8841497030
Voxel51__hard-hat-detection/data/hard_hat_workers1214.png	304931	1789680238.9121497410
Voxel51__hard-hat-detection/data/hard_hat_workers1215.png	203643	1789680239.0081498700
Voxel51__hard-hat-detection/data/hard_hat_workers1212.png	264565	1789680239.0761499630
Voxel51__hard-hat-detection/data/hard_hat_workers1217.png	349891	1789680239.1761500990
Voxel51__hard-hat-detection/data/hard_hat_workers1218.png	298335	1789680239.5281505790
Voxel51__hard-hat-detection/data/hard_hat_workers1219.png	297577	1789680239.5801506490
Voxel51__hard-hat-detection/data/hard_hat_workers1220.png	266029	1789680239.8081509600
Voxel51__hard-hat-detection/data/hard_hat_workers122.png	232678	1789680239.9361511340
Voxel51__hard-hat-detection/data/hard_hat_workers1222.png	347483	1789680239.9441511450
Voxel51__hard-hat-detection/data/hard_hat_workers1221.png	304104	1789680240.0961513530
Voxel51__hard-hat-detection/data/hard_hat_workers1223.png	214778	1789680240.1401514140
Voxel51__hard-hat-detection/data/hard_hat_workers1224.png	334633	1789680240.1681514520
Voxel51__hard-hat-detection/data/hard_hat_workers1225.png	322753	1789680240.1841514740
Voxel51__hard-hat-detection/data/hard_hat_workers1228.png	217242	1789680240.4401518250
Voxel51__hard-hat-detection/data/hard_hat_workers1226.png	257124	1789680240.4681518630
Voxel51__hard-hat-detection/data/hard_hat_workers1227.png	308096	1789680240.4761518740
Voxel51__hard-hat-detection/data/hard_hat_workers1229.png	294663	1789680241.0361526430
Voxel51__hard-hat-detection/data/hard_hat_workers123.png	175944	1789680241.0441526540
Voxel51__hard-hat-detection/data/hard_hat_workers1231.png	242977	1789680241.2041528750
Voxel51__hard-hat-detection/data/hard_hat_workers1230.png	320989	1789680241.2561529470
Voxel51__hard-hat-detection/data/hard_hat_workers1232.png	274547	1789680241.3401530630
Voxel51__hard-hat-detection/data/hard_hat_workers1233.png	340523	1789680241.3441530690
Voxel51__hard-hat-detection/data/hard_hat_workers1234.png	264276	1789680241.4121531620
Voxel51__hard-hat-detection/data/hard_hat_workers1236.png	294743	1789680241.4841532620
Voxel51__hard-hat-detection/data/hard_hat_workers1235.png	179782	1789680241.6321534660
Voxel51__hard-hat-detection/data/hard_hat_workers1237.png	153546	1789680241.7041535660
Voxel51__hard-hat-detection/data/hard_hat_workers1239.png	277325	1789680241.9201538650
Voxel51__hard-hat-detection/data/hard_hat_workers1238.png	278485	1789680241.9481539030
Voxel51__hard-hat-detection/data/hard_hat_workers124.png	205572	1789680242.2601543370
Voxel51__hard-hat-detection/data/hard_hat_workers1240.png	222114	1789680242.3441544530
Voxel51__hard-hat-detection/data/hard_hat_workers1242.png	235244	1789680242.4921546600
Voxel51__hard-hat-detection/data/hard_hat_workers1243.png	269336	1789680242.6041548150
Voxel51__hard-hat-detection/data/hard_hat_workers1241.png	318072	1789680242.6041548150
Voxel51__hard-hat-detection/data/hard_hat_workers1244.png	247872	1789680242.6881549320
Voxel51__hard-hat-detection/data/hard_hat_workers1246.png	265485	1789680242.7481550160
Voxel51__hard-hat-detection/data/hard_hat_workers1245.png	296393	1789680242.8161551100
Voxel51__hard-hat-detection/data/hard_hat_workers1247.png	295692	1789680243.1001555060
Voxel51__hard-hat-detection/data/hard_hat_workers1248.png	263564	1789680243.1321555500
Voxel51__hard-hat-detection/data/hard_hat_workers1249.png	230502	1789680243.1881556300
Voxel51__hard-hat-detection/data/hard_hat_workers125.png	259563	1789680243.2801557580
Voxel51__hard-hat-detection/data/hard_hat_workers1251.png	265525	1789680243.6641562960
Voxel51__hard-hat-detection/data/hard_hat_workers1250.png	302657	1789680243.6841563250
Voxel51__hard-hat-detection/data/hard_hat_workers1254.png	170088	1789680243.8401565430
Voxel51__hard-hat-detection/data/hard_hat_workers1253.png	307791	1789680243.8961566220
Voxel51__hard-hat-detection/data/hard_hat_workers1252.png	263775	1789680243.9041566320
Voxel51__hard-hat-detection/data/hard_hat_workers1256.png	268415	1789680244.0881568910
Voxel51__hard-hat-detection/data/hard_hat_workers1255.png	289085	1789680244.1121569250
Voxel51__hard-hat-detection/data/hard_hat_workers1257.png	374594	1789680244.1561569870
Voxel51__hard-hat-detection/data/hard_hat_workers1258.png	158527	1789680244.3961573250
Voxel51__hard-hat-detection/data/hard_hat_workers126.png	312104	1789680244.4561574100
Voxel51__hard-hat-detection/data/hard_hat_workers1259.png	258907	1789680244.4881574550
Voxel51__hard-hat-detection/data/hard_hat_workers1260.png	281698	1789680244.8961580310
Voxel51__hard-hat-detection/data/hard_hat_workers1262.png	264830	1789680244.9121580540
Voxel51__hard-hat-detection/data/hard_hat_workers1261.png	286381	1789680244.9561581150
Voxel51__hard-hat-detection/data/hard_hat_workers1263.png	215274	1789680245.1401583770
Voxel51__hard-hat-detection/data/hard_hat_workers1264.png	236746	1789680245.2761585690
Voxel51__hard-hat-detection/data/hard_hat_workers1266.png	336467	1789680245.3401586600
Voxel51__hard-hat-detection/data/hard_hat_workers1268.png	304023	1789680245.4641588360
Voxel51__hard-hat-detection/data/hard_hat_workers1265.png	321183	1789680245.4761588540
Voxel51__hard-hat-detection/data/hard_hat_workers1267.png	318326	1789680245.5161589110
Voxel51__hard-hat-detection/data/hard_hat_workers1269.png	294106	1789680245.6961591660
Voxel51__hard-hat-detection/data/hard_hat_workers127.png	281264	1789680245.7081591830
Voxel51__hard-hat-detection/data/hard_hat_workers1270.png	276760	1789680245.7561592510
Voxel51__hard-hat-detection/data/hard_hat_workers1272.png	295031	1789680246.2001598840
Voxel51__hard-hat-detection/data/hard_hat_workers1273.png	256502	1789680246.2881600100
Voxel51__hard-hat-detection/data/hard_hat_workers1274.png	262969	1789680246.4521602440
Voxel51__hard-hat-detection/data/hard_hat_workers1271.png	381055	1789680246.6721605590
Voxel51__hard-hat-detection/data/hard_hat_workers1275.png	297057	1789680246.6961605930
Voxel51__hard-hat-detection/data/hard_hat_workers1277.png	378738	1789680246.7281606390
Voxel51__hard-hat-detection/data/hard_hat_workers1279.png	294679	1789680246.7961607370
Voxel51__hard-hat-detection/data/hard_hat_workers1276.png	227762	1789680246.8121607590
Voxel51__hard-hat-detection/data/hard_hat_workers1278.png	281082	1789680247.0441610920
Voxel51__hard-hat-detection/data/hard_hat_workers1280.png	318987	1789680247.0801611440
Voxel51__hard-hat-detection/data/hard_hat_workers128.png	266343	1789680247.2281613570
Voxel51__hard-hat-detection/data/hard_hat_workers1281.png	242467	1789680247.2761614260
Voxel51__hard-hat-detection/data/hard_hat_workers1282.png	193499	1789680247.4281616450
Voxel51__hard-hat-detection/data/hard_hat_workers1283.png	253243	1789680247.5281617890
Voxel51__hard-hat-detection/data/hard_hat_workers1284.png	292529	1789680247.8921623130
Voxel51__hard-hat-detection/data/hard_hat_workers1286.png	254605	1789680247.9281623650
Voxel51__hard-hat-detection/data/hard_hat_workers1287.png	292225	1789680247.9801624400
Voxel51__hard-hat-detection/data/hard_hat_workers1288.png	273553	1789680248.1161626360
Voxel51__hard-hat-detection/data/hard_hat_workers1285.png	259556	1789680248.1401626710
Voxel51__hard-hat-detection/data/hard_hat_workers1289.png	121208	1789680248.2521628340
Voxel51__hard-hat-detection/data/hard_hat_workers1290.png	238697	1789680248.3001629030
Voxel51__hard-hat-detection/data/hard_hat_workers129.png	229646	1789680248.3161629260
Voxel51__hard-hat-detection/data/hard_hat_workers1291.png	324481	1789680248.6961634770
Voxel51__hard-hat-detection/data/hard_hat_workers1293.png	143303	1789680248.7401635410
Voxel51__hard-hat-detection/data/hard_hat_workers1292.png	294559	1789680248.7841636050
Voxel51__hard-hat-detection/data/hard_hat_workers1294.png	239766	1789680248.9921639060
Voxel51__hard-hat-detection/data/hard_hat_workers1295.png	247251	1789680249.1041640700
Voxel51__hard-hat-detection/data/hard_hat_workers1297.png	253757	1789680249.3201643850
Voxel51__hard-hat-detection/data/hard_hat_workers1298.png	252446	1789680249.3641644490
Voxel51__hard-hat-detection/data/hard_hat_workers1296.png	247824	1789680249.3841644780
Voxel51__hard-hat-detection/data/hard_hat_workers1299.png	260326	1789680249.4241645370
Voxel51__hard-hat-detection/data/hard_hat_workers130.png	319541	1789680249.6441648580
Voxel51__hard-hat-detection/data/hard_hat_workers1300.png	181111	1789680249.6561648750
Voxel51__hard-hat-detection/data/hard_hat_workers13.png	246194	1789680249.7521650150
Voxel51__hard-hat-detection/data/hard_hat_workers1302.png	181655	1789680249.9881653590
Voxel51__hard-hat-detection/data/hard_hat_workers1303.png	319211	1789680250.0841655000
Voxel51__hard-hat-detection/data/hard_hat_workers1301.png	252244	1789680250.1401655830
Voxel51__hard-hat-detection/data/hard_hat_workers1304.png	252203	1789680250.2601657590
Voxel51__hard-hat-detection/data/hard_hat_workers1305.png	199350	1789680250.6241662930
Voxel51__hard-hat-detection/data/hard_hat_workers1308.png	265557	1789680250.6521663350
Voxel51__hard-hat-detection/data/hard_hat_workers1306.png	242759	1789680250.7281664460
Voxel51__hard-hat-detection/data/hard_hat_workers1307.png	312703	1789680250.8201665810
Voxel51__hard-hat-detection/data/hard_hat_workers131.png	272202	1789680250.9161667220
Voxel51__hard-hat-detection/data/hard_hat_workers1309.png	280982	1789680250.9201667280
Voxel51__hard-hat-detection/data/hard_hat_workers1310.png	249987	1789680250.9801668170
Voxel51__hard-hat-detection/data/hard_hat_workers1311.png	305477	1789680251.0561669280
Voxel51__hard-hat-detection/data/hard_hat_workers1312.png	259529	1789680251.2961672840
Voxel51__hard-hat-detection/data/hard_hat_workers1314.png	252103	1789680251.4161674610
Voxel51__hard-hat-detection/data/hard_hat_workers1313.png	294625	1789680251.4321674840
Voxel51__hard-hat-detection/data/hard_hat_workers1315.png	288902	1789680251.6881678630
Voxel51__hard-hat-detection/data/hard_hat_workers1316.png	171665	1789680251.8561681110
Voxel51__hard-hat-detection/data/hard_hat_workers1317.png	294972	1789680251.9321682240
Voxel51__hard-hat-detection/data/hard_hat_workers1318.png	285751	1789680252.0921684610
Voxel51__hard-hat-detection/data/hard_hat_workers1319.png	219215	1789680252.2121686400
Voxel51__hard-hat-detection/data/hard_hat_workers1321.png	324354	1789680252.3281688120
Voxel51__hard-hat-detection/data/hard_hat_workers132.png	218566	1789680252.3481688420
Voxel51__hard-hat-detection/data/hard_hat_workers1320.png	224367	1789680252.3521688480
Voxel51__hard-hat-detection/data/hard_hat_workers1322.png	241672	1789680252.3801688900
Voxel51__hard-hat-detection/data/hard_hat_workers1323.png	306407	1789680252.6961693600
Voxel51__hard-hat-detection/data/hard_hat_workers1325.png	347866	1789680252.7481694370
Voxel51__hard-hat-detection/data/hard_hat_workers1324.png	311999	1789680252.7801694840
Voxel51__hard-hat-detection/data/hard_hat_workers1327.png	229065	1789680253.1281700040
Voxel51__hard-hat-detection/data/hard_hat_workers1328.png	271811	1789680253.2081701230
Voxel51__hard-hat-detection/data/hard_hat_workers1326.png	211049	1789680253.2241701470
Voxel51__hard-hat-detection/data/hard_hat_workers1329.png	280538	1789680253.3961704050
Voxel51__hard-hat-detection/data/hard_hat_workers133.png	299136	1789680253.6281707530
Voxel51__hard-hat-detection/data/hard_hat_workers1333.png	223011	1789680253.6441707770
Voxel51__hard-hat-detection/data/hard_hat_workers1331.png	293444	1789680253.6481707820
Voxel51__hard-hat-detection/data/hard_hat_workers1330.png	279206	1789680253.6481707820
Voxel51__hard-hat-detection/data/hard_hat_workers1332.png	266662	1789680253.7401709200
Voxel51__hard-hat-detection/data/hard_hat_workers1335.png	324751	1789680254.0801714300
Voxel51__hard-hat-detection/data/hard_hat_workers1334.png	298549	1789680254.2761717250
Voxel51__hard-hat-detection/data/hard_hat_workers1336.png	337986	1789680254.3001717620
Voxel51__hard-hat-detection/data/hard_hat_workers1338.png	203239	1789680254.4361719670
Voxel51__hard-hat-detection/data/hard_hat_workers1337.png	267228	1789680254.4481719850
Voxel51__hard-hat-detection/data/hard_hat_workers1339.png	271413	1789680254.7721724730
Voxel51__hard-hat-detection/data/hard_hat_workers1340.png	323200	1789680254.9001726660
Voxel51__hard-hat-detection/data/hard_hat_workers1342.png	244470	1789680254.9121726840
Voxel51__hard-hat-detection/data/hard_hat_workers1343.png	327279	1789680254.9521727440
Voxel51__hard-hat-detection/data/hard_hat_workers1344.png	265893	1789680255.0881729500
Voxel51__hard-hat-detection/data/hard_hat_workers134.png	283315	1789680255.1081729800
Voxel51__hard-hat-detection/data/hard_hat_workers1341.png	254544	1789680255.1201729990
Voxel51__hard-hat-detection/data/hard_hat_workers1345.png	322978	1789680255.4361734780
Voxel51__hard-hat-detection/data/hard_hat_workers1346.png	317357	1789680255.5481736480
Voxel51__hard-hat-detection/data/hard_hat_workers1348.png	191554	1789680255.6761738420
Voxel51__hard-hat-detection/data/hard_hat_workers1347.png	218014	1789680255.6921738660
Voxel51__hard-hat-detection/data/hard_hat_workers1349.png	287202	1789680255.8921741700
Voxel51__hard-hat-detection/data/hard_hat_workers135.png	234296	1789680256.1361745400
Voxel51__hard-hat-detection/data/hard_hat_workers1350.png	256791	1789680256.2401746990
Voxel51__hard-hat-detection/data/hard_hat_workers1352.png	215718	1789680256.4001749440
Voxel51__hard-hat-detection/data/hard_hat_workers1351.png	209643	1789680256.4001749440
Voxel51__hard-hat-detection/data/hard_hat_workers1354.png	283992	1789680256.4081749560
Voxel51__hard-hat-detection/data/hard_hat_workers1353.png	378014	1789680256.5921752360
Voxel51__hard-hat-detection/data/hard_hat_workers1356.png	123527	1789680256.6241752850
Voxel51__hard-hat-detection/data/hard_hat_workers1355.png	276139	1789680256.8881756880
Voxel51__hard-hat-detection/data/hard_hat_workers1358.png	264139	1789680256.9241757430
Voxel51__hard-hat-detection/data/hard_hat_workers1359.png	339270	1789680257.0081758720
Voxel51__hard-hat-detection/data/hard_hat_workers1357.png	342011	1789680257.0121758780
Voxel51__hard-hat-detection/data/hard_hat_workers136.png	319065	1789680257.1441760800
Voxel51__hard-hat-detection/data/hard_hat_workers1360.png	359771	1789680257.4361765290
Voxel51__hard-hat-detection/data/hard_hat_workers1361.png	249804	1789680257.6361768360
Voxel51__hard-hat-detection/data/hard_hat_workers1362.png	277862	1789680257.7001769340
Voxel51__hard-hat-detection/data/hard_hat_workers1364.png	249812	1789680257.7001769340
Voxel51__hard-hat-detection/data/hard_hat_workers1363.png	226748	1789680257.8201771180
Voxel51__hard-hat-detection/data/hard_hat_workers1366.png	215039	1789680257.8961772350
Voxel51__hard-hat-detection/data/hard_hat_workers1365.png	268751	1789680258.0241774320
Voxel51__hard-hat-detection/data/hard_hat_workers1368.png	281262	1789680258.2001777040
Voxel51__hard-hat-detection/data/hard_hat_workers137.png	195623	1789680258.2081777160
Voxel51__hard-hat-detection/data/hard_hat_workers1369.png	190630	1789680258.3201778890
Voxel51__hard-hat-detection/data/hard_hat_workers1370.png	279163	1789680258.4121780310
Voxel51__hard-hat-detection/data/hard_hat_workers1367.png	305476	1789680258.4321780630
Voxel51__hard-hat-detection/data/hard_hat_workers1371.png	251701	1789680258.7121784950
Voxel51__hard-hat-detection/data/hard_hat_workers1372.png	295047	1789680259.0921790830
Voxel51__hard-hat-detection/data/hard_hat_workers1374.png	219061	1789680259.1401791580
Voxel51__hard-hat-detection/data/hard_hat_workers1373.png	353288	1789680259.2721793630
Voxel51__hard-hat-detection/data/hard_hat_workers1375.png	242380	1789680259.2841793810
Voxel51__hard-hat-detection/data/hard_hat_workers1378.png	308547	1789680259.4881796990
Voxel51__hard-hat-detection/data/hard_hat_workers1377.png	269135	1789680259.5001797170
Voxel51__hard-hat-detection/data/hard_hat_workers1376.png	329303	1789680259.5201797480
Voxel51__hard-hat-detection/data/hard_hat_workers138.png	269934	1789680259.7521801090
Voxel51__hard-hat-detection/data/hard_hat_workers1379.png	293044	1789680259.7761801470
Voxel51__hard-hat-detection/data/hard_hat_workers1381.png	261392	1789680259.7801801530
Voxel51__hard-hat-detection/data/hard_hat_workers1380.png	188130	1789680259.9001803390
Voxel51__hard-hat-detection/data/hard_hat_workers1382.png	239311	1789680259.9641804390
Voxel51__hard-hat-detection/data/hard_hat_workers1384.png	279143	1789680260.4321811710
Voxel51__hard-hat-detection/data/hard_hat_workers1383.png	249997	1789680260.5201813080
Voxel51__hard-hat-detection/data/hard_hat_workers1386.png	285271	1789680260.5441813460
Voxel51__hard-hat-detection/data/hard_hat_workers1385.png	256128	1789680260.7361816460
Voxel51__hard-hat-detection/data/hard_hat_workers1387.png	235466	1789680260.7561816770
Voxel51__hard-hat-detection/data/hard_hat_workers1388.png	227989	1789680260.8241817840
Voxel51__hard-hat-detection/data/hard_hat_workers1389.png	189758	1789680260.8281817900
Voxel51__hard-hat-detection/data/hard_hat_workers139.png	302534	1789680261.0761821790
Voxel51__hard-hat-detection/data/hard_hat_workers1392.png	223569	1789680261.1561823040
Voxel51__hard-hat-detection/data/hard_hat_workers1391.png	208471	1789680261.2321824240
Voxel51__hard-hat-detection/data/hard_hat_workers1390.png	229296	1789680261.3881826700
Voxel51__hard-hat-detection/data/hard_hat_workers1393.png	378325	1789680261.4041826950
Voxel51__hard-hat-detection/data/hard_hat_workers1396.png	248796	1789680261.7601832550
Voxel51__hard-hat-detection/data/hard_hat_workers1395.png	177509	1789680261.7721832740
Voxel51__hard-hat-detection/data/hard_hat_workers1394.png	268507	1789680262.0001836330
Voxel51__hard-hat-detection/data/hard_hat_workers1397.png	292765	1789680262.0121836520
Voxel51__hard-hat-detection/data/hard_hat_workers14.png	193647	1789680262.0841837660
Voxel51__hard-hat-detection/data/hard_hat_workers1398.png	209030	1789680262.0961837850
Voxel51__hard-hat-detection/data/hard_hat_workers1399.png	232246	1789680262.2281839930
Voxel51__hard-hat-detection/data/hard_hat_workers1401.png	370919	1789680262.5201844560
Voxel51__hard-hat-detection/data/hard_hat_workers1400.png	237301	1789680262.5321844750
Voxel51__hard-hat-detection/data/hard_hat_workers140.png	271401	1789680262.5401844880
Voxel51__hard-hat-detection/data/hard_hat_workers1402.png	288104	1789680262.6321846330
Voxel51__hard-hat-detection/data/hard_hat_workers1403.png	203937	1789680262.6561846710
Voxel51__hard-hat-detection/data/hard_hat_workers1405.png	316907	1789680263.0841853490
Voxel51__hard-hat-detection/data/hard_hat_workers1404.png	205525	1789680263.1761854960
Voxel51__hard-hat-detection/data/hard_hat_workers1406.png	236085	1789680263.2961856860
Voxel51__hard-hat-detection/data/hard_hat_workers1407.png	323048	1789680263.4961860050
Voxel51__hard-hat-detection/data/hard_hat_workers1409.png	294998	1789680263.5641861140
Voxel51__hard-hat-detection/data/hard_hat_workers1408.png	321212	1789680263.6081861840
Voxel51__hard-hat-detection/data/hard_hat_workers141.png	302199	1789680263.7401863940
Voxel51__hard-hat-detection/data/hard_hat_workers1411.png	210879	1789680263.7921864770
Voxel51__hard-hat-detection/data/hard_hat_workers1413.png	298244	1789680263.9121866670
Voxel51__hard-hat-detection/data/hard_hat_workers1410.png	228102	1789680263.9401867120
Voxel51__hard-hat-detection/data/hard_hat_workers1412.png	299892	1789680264.0201868390
Voxel51__hard-hat-detection/data/hard_hat_workers1414.png	263818	1789680264.1281870130
Voxel51__hard-hat-detection/data/hard_hat_workers1415.png	290543	1789680264.3841874220
Voxel51__hard-hat-detection/data/hard_hat_workers1416.png	271640	1789680264.4961876020
Voxel51__hard-hat-detection/data/hard_hat_workers1417.png	314110	1789680264.5721877240
Voxel51__hard-hat-detection/data/hard_hat_workers1418.png	358890	1789680264.8361881470
Voxel51__hard-hat-detection/data/hard_hat_workers1420.png	165258	1789680264.9641883520
Voxel51__hard-hat-detection/data/hard_hat_workers1419.png	202267	1789680264.9921883960
Voxel51__hard-hat-detection/data/hard_hat_workers142.png	211456	1789680265.0321884610
Voxel51__hard-hat-detection/data/hard_hat_workers1421.png	296341	1789680265.1321886220
Voxel51__hard-hat-detection/data/hard_hat_workers1422.png	241015	1789680265.1921887190
Voxel51__hard-hat-detection/data/hard_hat_workers1425.png	193541	1789680265.3241889310
Voxel51__hard-hat-detection/data/hard_hat_workers1423.png	204784	1789680265.3921890410
Voxel51__hard-hat-detection/data/hard_hat_workers1424.png	258959	1789680265.5481892920
Voxel51__hard-hat-detection/data/hard_hat_workers1426.png	182883	1789680265.9241898980
Voxel51__hard-hat-detection/data/hard_hat_workers1427.png	261633	1789680265.9641899620
Voxel51__hard-hat-detection/data/hard_hat_workers1428.png	232509	1789680266.0441900920
Voxel51__hard-hat-detection/data/hard_hat_workers1429.png	342822	1789680266.1281902280
Voxel51__hard-hat-detection/data/hard_hat_workers1430.png	304729	1789680266.2441904150
Voxel51__hard-hat-detection/data/hard_hat_workers143.png	345994	1789680266.2681904540
Voxel51__hard-hat-detection/data/hard_hat_workers1431.png	328441	1789680266.3641906100
Voxel51__hard-hat-detection/data/hard_hat_workers1433.png	216782	1789680266.4601907660
Voxel51__hard-hat-detection/data/hard_hat_workers1435.png	239136	1789680266.6561910830
Voxel51__hard-hat-detection/data/hard_hat_workers1432.png	341154	1789680266.6721911090
Voxel51__hard-hat-detection/data/hard_hat_workers1434.png	186048	1789680266.7641912580
Voxel51__hard-hat-detection/data/hard_hat_workers1439.png	254136	1789680267.2761920910
Voxel51__hard-hat-detection/data/hard_hat_workers1438.png	190941	1789680267.3201921620
Voxel51__hard-hat-detection/data/hard_hat_workers1474.png	361737	1789680271.9801998480
Voxel51__hard-hat-detection/data/hard_hat_workers144.png	296738	1789680267.3961922860
Voxel51__hard-hat-detection/data/hard_hat_workers1487.png	334253	1789680273.3442021370
Voxel51__hard-hat-detection/data/hard_hat_workers1437.png	227143	1789680267.4281923380
Voxel51__hard-hat-detection/data/hard_hat_workers15.png	298079	1789680274.9762048970
Voxel51__hard-hat-detection/data/hard_hat_workers1436.png	319090	1789680267.4921924420
Voxel51__hard-hat-detection/data/hard_hat_workers1476.png	221929	1789680272.0561999750
Voxel51__hard-hat-detection/data/hard_hat_workers1440.png	201797	1789680267.5561925470
Voxel51__hard-hat-detection/data/hard_hat_workers1485.png	283391	1789680273.4002022310
Voxel51__hard-hat-detection/data/hard_hat_workers1441.png	294386	1789680267.5681925670
Voxel51__hard-hat-detection/data/hard_hat_workers1478.png	315293	1789680272.2242002570
Voxel51__hard-hat-detection/data/hard_hat_workers1442.png	284231	1789680267.8081929570
Voxel51__hard-hat-detection/data/hard_hat_workers149.png	256714	1789680273.5442024740
Voxel51__hard-hat-detection/data/hard_hat_workers1443.png	168825	1789680267.9001931070
Voxel51__hard-hat-detection/data/hard_hat_workers1479.png	177400	1789680272.2442002900
Voxel51__hard-hat-detection/data/hard_hat_workers1445.png	333628	1789680267.9561931980
Voxel51__hard-hat-detection/data/hard_hat_workers1490.png	277836	1789680273.7602028380
Voxel51__hard-hat-detection/data/hard_hat_workers1444.png	276115	1789680268.1321934870
Voxel51__hard-hat-detection/data/hard_hat_workers1477.png	161840	1789680272.2882003640
Voxel51__hard-hat-detection/data/hard_hat_workers1446.png	316953	1789680268.2081936110
Voxel51__hard-hat-detection/data/hard_hat_workers1489.png	281461	1789680273.6402026360
Voxel51__hard-hat-detection/data/hard_hat_workers1449.png	145547	1789680268.6201942860
Voxel51__hard-hat-detection/data/hard_hat_workers148.png	271005	1789680272.4962007120
Voxel51__hard-hat-detection/data/hard_hat_workers1447.png	276219	1789680268.6641943580
Voxel51__hard-hat-detection/data/hard_hat_workers1492.png	206437	1789680274.0802033780
Voxel51__hard-hat-detection/data/hard_hat_workers145.png	208925	1789680268.6841943910
Voxel51__hard-hat-detection/data/hard_hat_workers150.png	259035	1789680275.0442050120
Voxel51__hard-hat-detection/data/hard_hat_workers1450.png	315061	1789680268.7961945740
Voxel51__hard-hat-detection/data/hard_hat_workers1481.png	290931	1789680272.8122012420
Voxel51__hard-hat-detection/data/hard_hat_workers1451.png	207457	1789680268.8481946600
Voxel51__hard-hat-detection/data/hard_hat_workers1494.png	260812	1789680274.3202037850
Voxel51__hard-hat-detection/data/hard_hat_workers1452.png	248027	1789680269.1321951270
Voxel51__hard-hat-detection/data/hard_hat_workers1480.png	254711	1789680272.8322012760
Voxel51__hard-hat-detection/data/hard_hat_workers1453.png	291808	1789680269.1361951330
Voxel51__hard-hat-detection/data/hard_hat_workers1491.png	242714	1789680274.1762035410
Voxel51__hard-hat-detection/data/hard_hat_workers1448.png	309731	1789680269.1561951660
Voxel51__hard-hat-detection/data/hard_hat_workers1483.png	233795	1789680273.0402016240
Voxel51__hard-hat-detection/data/hard_hat_workers1454.png	292725	1789680269.1721951930
Voxel51__hard-hat-detection/data/hard_hat_workers1498.png	330649	1789680274.7082044420
Voxel51__hard-hat-detection/data/hard_hat_workers1455.png	225457	1789680269.4001955680
Voxel51__hard-hat-detection/data/hard_hat_workers1484.png	260378	1789680273.0682016720
Voxel51__hard-hat-detection/data/hard_hat_workers1456.png	283689	1789680269.4401956340
Voxel51__hard-hat-detection/data/hard_hat_workers1493.png	339635	1789680274.4202039540
Voxel51__hard-hat-detection/data/hard_hat_workers1457.png	241059	1789680269.5161957590
Voxel51__hard-hat-detection/data/hard_hat_workers1482.png	258517	1789680273.1202017590
Voxel51__hard-hat-detection/data/hard_hat_workers146.png	190270	1789680269.9401964590
Voxel51__hard-hat-detection/data/hard_hat_workers1499.png	256768	1789680274.7962045920
Voxel51__hard-hat-detection/data/hard_hat_workers1458.png	249078	1789680270.0241965970
Voxel51__hard-hat-detection/data/hard_hat_workers1500.png	213323	1789680275.1882052570
Voxel51__hard-hat-detection/data/hard_hat_workers1460.png	215202	1789680270.1721968420
Voxel51__hard-hat-detection/data/hard_hat_workers1486.png	248587	1789680273.2842020360
Voxel51__hard-hat-detection/data/hard_hat_workers1459.png	304302	1789680270.3401971200
Voxel51__hard-hat-detection/data/hard_hat_workers1510.png	307153	1789680276.3842072980
Voxel51__hard-hat-detection/data/hard_hat_workers1461.png	233799	1789680270.3481971340
Voxel51__hard-hat-detection/data/hard_hat_workers1496.png	276322	1789680274.9522048560
Voxel51__hard-hat-detection/data/hard_hat_workers1465.png	266414	1789680270.4561973130
Voxel51__hard-hat-detection/data/hard_hat_workers1488.png	149832	1789680273.4522023190
Voxel51__hard-hat-detection/data/hard_hat_workers1464.png	231983	1789680270.5761975120
Voxel51__hard-hat-detection/data/hard_hat_workers1497.png	189395	1789680274.8442046730
Voxel51__hard-hat-detection/data/hard_hat_workers1462.png	220496	1789680270.5761975120
Voxel51__hard-hat-detection/data/hard_hat_workers1588.png	267254	1789680286.0842243270
Voxel51__hard-hat-detection/data/hard_hat_workers1463.png	302308	1789680270.6081975650
Voxel51__hard-hat-detection/data/hard_hat_workers1589.png	276974	1789680286.3482248030
Voxel51__hard-hat-detection/data/hard_hat_workers1466.png	286376	1789680270.8681979960
Voxel51__hard-hat-detection/data/hard_hat_workers159.png	306884	1789680286.7402255100
Voxel51__hard-hat-detection/data/hard_hat_workers1467.png	261276	1789680270.8921980360
Voxel51__hard-hat-detection/data/hard_hat_workers1592.png	300330	1789680287.1002261610
Voxel51__hard-hat-detection/data/hard_hat_workers1468.png	261411	1789680271.0361982740
Voxel51__hard-hat-detection/data/hard_hat_workers1679.png	252670	1789680297.9242462570
Voxel51__hard-hat-detection/data/hard_hat_workers1469.png	273248	1789680271.2281985950
Voxel51__hard-hat-detection/data/hard_hat_workers1502.png	172243	1789680275.4202056530
Voxel51__hard-hat-detection/data/hard_hat_workers147.png	233309	1789680271.4561989750
Voxel51__hard-hat-detection/data/hard_hat_workers1590.png	299700	1789680287.1122261820
Voxel51__hard-hat-detection/data/hard_hat_workers1470.png	360993	1789680271.5161990740
Voxel51__hard-hat-detection/data/hard_hat_workers1594.png	269301	1789680287.1242262040
Voxel51__hard-hat-detection/data/hard_hat_workers1471.png	233542	1789680271.6521993010
Voxel51__hard-hat-detection/data/hard_hat_workers1495.png	249099	1789680274.7362044900
Voxel51__hard-hat-detection/data/hard_hat_workers1472.png	319349	1789680271.6561993080
Voxel51__hard-hat-detection/data/hard_hat_workers1591.png	310377	1789680287.2362264070
Voxel51__hard-hat-detection/data/hard_hat_workers1473.png	191417	1789680271.6881993610
Voxel51__hard-hat-detection/data/hard_hat_workers1597.png	186177	1789680287.2922265080
Voxel51__hard-hat-detection/data/hard_hat_workers1475.png	225815	1789680271.8401996140
Voxel51__hard-hat-detection/data/hard_hat_workers1587.png	225897	1789680285.9522240900
Voxel51__hard-hat-detection/data/hard_hat_workers1585.png	303148	1789680285.9962241690
Voxel51__hard-hat-detection/data/hard_hat_workers1512.png	271752	1789680276.8402080790
Voxel51__hard-hat-detection/data/hard_hat_workers1556.png	298456	1789680282.0962172220
Voxel51__hard-hat-detection/data/hard_hat_workers1514.png	326624	1789680277.0842084980
Voxel51__hard-hat-detection/data/hard_hat_workers1561.png	302982	1789680283.4082195450
Voxel51__hard-hat-detection/data/hard_hat_workers1515.png	327871	1789680277.4882091940
Voxel51__hard-hat-detection/data/hard_hat_workers1555.png	222602	1789680282.1802173710
Voxel51__hard-hat-detection/data/hard_hat_workers1518.png	247727	1789680277.5002092140
Voxel51__hard-hat-detection/data/hard_hat_workers1563.png	260127	1789680283.3962195240
Voxel51__hard-hat-detection/data/hard_hat_workers1516.png	386469	1789680277.5122092340
Voxel51__hard-hat-detection/data/hard_hat_workers1557.png	247447	1789680282.7682184100
Voxel51__hard-hat-detection/data/hard_hat_workers152.png	207371	1789680277.5522093040
Voxel51__hard-hat-detection/data/hard_hat_workers1569.png	292323	1789680284.2722210820
Voxel51__hard-hat-detection/data/hard_hat_workers1519.png	322218	1789680277.5562093100
Voxel51__hard-hat-detection/data/hard_hat_workers1584.png	328730	1789680285.7562237380
Voxel51__hard-hat-detection/data/hard_hat_workers1517.png	305722	1789680277.6242094280
Voxel51__hard-hat-detection/data/hard_hat_workers1558.png	231151	1789680282.8402185370
Voxel51__hard-hat-detection/data/hard_hat_workers1521.png	302735	1789680277.6882095380
Voxel51__hard-hat-detection/data/hard_hat_workers1570.png	277516	1789680284.3642212460
Voxel51__hard-hat-detection/data/hard_hat_workers1520.png	230767	1789680277.7242096000
Voxel51__hard-hat-detection/data/hard_hat_workers1560.png	218703	1789680282.8762186010
Voxel51__hard-hat-detection/data/hard_hat_workers1522.png	180126	1789680277.9362099650
Voxel51__hard-hat-detection/data/hard_hat_workers1573.png	328300	1789680284.4442213890
Voxel51__hard-hat-detection/data/hard_hat_workers1523.png	271322	1789680278.2522105110
Voxel51__hard-hat-detection/data/hard_hat_workers156.png	202387	1789680282.9322187000
Voxel51__hard-hat-detection/data/hard_hat_workers1524.png	251210	1789680278.4162107950
Voxel51__hard-hat-detection/data/hard_hat_workers1572.png	258103	1789680284.4042213170
Voxel51__hard-hat-detection/data/hard_hat_workers1527.png	242722	1789680278.7682114040
Voxel51__hard-hat-detection/data/hard_hat_workers1559.png	322841	1789680283.0202188550
Voxel51__hard-hat-detection/data/hard_hat_workers1525.png	312302	1789680278.7762114180
Voxel51__hard-hat-detection/data/hard_hat_workers157.png	323606	1789680284.4362213740
Voxel51__hard-hat-detection/data/hard_hat_workers1528.png	259554	1789680278.7802114250
Voxel51__hard-hat-detection/data/hard_hat_workers1562.png	247919	1789680283.0562189200
Voxel51__hard-hat-detection/data/hard_hat_workers1529.png	253779	1789680278.8242115010
Voxel51__hard-hat-detection/data/hard_hat_workers1571.png	243304	1789680284.4242213530
Voxel51__hard-hat-detection/data/hard_hat_workers1526.png	314772	1789680278.8802115980
Voxel51__hard-hat-detection/data/hard_hat_workers1583.png	287329	1789680285.8362238810
Voxel51__hard-hat-detection/data/hard_hat_workers1532.png	278450	1789680279.0122118260
Voxel51__hard-hat-detection/data/hard_hat_workers1564.png	263010	1789680283.2042191820
Voxel51__hard-hat-detection/data/hard_hat_workers1530.png	227735	1789680279.1082119930
Voxel51__hard-hat-detection/data/hard_hat_workers1576.png	206342	1789680284.6482217530
Voxel51__hard-hat-detection/data/hard_hat_workers1531.png	256416	1789680279.1682120980
Voxel51__hard-hat-detection/data/hard_hat_workers1567.png	218175	1789680283.3922195160
Voxel51__hard-hat-detection/data/hard_hat_workers153.png	332659	1789680279.1802121190
Voxel51__hard-hat-detection/data/hard_hat_workers1578.png	274475	1789680284.8162220530
Voxel51__hard-hat-detection/data/hard_hat_workers1533.png	290020	1789680279.3642124390
Voxel51__hard-hat-detection/data/hard_hat_workers1574.png	223892	1789680284.6682217890
Voxel51__hard-hat-detection/data/hard_hat_workers1534.png	226551	1789680279.4842126480
Voxel51__hard-hat-detection/data/hard_hat_workers1566.png	304723	1789680283.4002195300
Voxel51__hard-hat-detection/data/hard_hat_workers1535.png	187804	1789680279.7962131910
Voxel51__hard-hat-detection/data/hard_hat_workers1575.png	319842	1789680284.6562217680
Voxel51__hard-hat-detection/data/hard_hat_workers1538.png	280757	1789680280.0602136510
Voxel51__hard-hat-detection/data/hard_hat_workers1579.png	247406	1789680285.3882230780
Voxel51__hard-hat-detection/data/hard_hat_workers1536.png	274458	1789680280.0962137130
Voxel51__hard-hat-detection/data/hard_hat_workers1565.png	227965	1789680283.4202195660
Voxel51__hard-hat-detection/data/hard_hat_workers1539.png	254099	1789680280.1682138390
Voxel51__hard-hat-detection/data/hard_hat_workers1568.png	193120	1789680284.1482208610
Voxel51__hard-hat-detection/data/hard_hat_workers154.png	338387	1789680280.2402139650
Voxel51__hard-hat-detection/data/hard_hat_workers1586.png	260056	1789680285.9042240040
Voxel51__hard-hat-detection/data/hard_hat_workers1537.png	257643	1789680280.3402141410
Voxel51__hard-hat-detection/data/hard_hat_workers1580.png	343891	1789680285.6362235230
Voxel51__hard-hat-detection/data/hard_hat_workers1541.png	215829	1789680280.4482143290
Voxel51__hard-hat-detection/data/hard_hat_workers1670.png	146264	1789680296.8282441750
Voxel51__hard-hat-detection/data/hard_hat_workers1543.png	264093	1789680280.4602143510
Voxel51__hard-hat-detection/data/hard_hat_workers158.png	283432	1789680285.7402237100
Voxel51__hard-hat-detection/data/hard_hat_workers1542.png	257328	1789680280.4642143570
Voxel51__hard-hat-detection/data/hard_hat_workers1668.png	260244	1789680296.8762442660
Voxel51__hard-hat-detection/data/hard_hat_workers1540.png	183779	1789680280.5122144410
Voxel51__hard-hat-detection/data/hard_hat_workers1593.png	210776	1789680287.1002261610
Voxel51__hard-hat-detection/data/hard_hat_workers1545.png	250525	1789680280.7322148260
Voxel51__hard-hat-detection/data/hard_hat_workers1672.png	160591	1789680297.1602448050
Voxel51__hard-hat-detection/data/hard_hat_workers1544.png	292675	1789680280.8402150150
Voxel51__hard-hat-detection/data/hard_hat_workers1674.png	232137	1789680297.2322449420
Voxel51__hard-hat-detection/data/hard_hat_workers1546.png	226696	1789680281.3082158360
Voxel51__hard-hat-detection/data/hard_hat_workers1673.png	251784	1789680297.3162451010
Voxel51__hard-hat-detection/data/hard_hat_workers1547.png	221991	1789680281.4242160410
Voxel51__hard-hat-detection/data/hard_hat_workers1676.png	341821	1789680297.3282451240
Voxel51__hard-hat-detection/data/hard_hat_workers1549.png	241217	1789680281.4722161250
Voxel51__hard-hat-detection/data/hard_hat_workers1671.png	159653	1789680297.3922452460
Voxel51__hard-hat-detection/data/hard_hat_workers155.png	230377	1789680281.4802161390
Voxel51__hard-hat-detection/data/hard_hat_workers1581.png	262872	1789680285.9482240820
Voxel51__hard-hat-detection/data/hard_hat_workers1548.png	330643	1789680281.5922163360
Voxel51__hard-hat-detection/data/hard_hat_workers1577.png	298846	1789680284.8802221670
Voxel51__hard-hat-detection/data/hard_hat_workers1550.png	162442	1789680281.6722164760
Voxel51__hard-hat-detection/data/hard_hat_workers1677.png	280260	1789680297.4362453290
Voxel51__hard-hat-detection/data/hard_hat_workers1553.png	264870	1789680281.7722166520
Voxel51__hard-hat-detection/data/hard_hat_workers1675.png	326513	1789680297.5082454660
Voxel51__hard-hat-detection/data/hard_hat_workers1552.png	290802	1789680281.7882166810
Voxel51__hard-hat-detection/data/hard_hat_workers1678.png	280028	1789680297.8642461430
Voxel51__hard-hat-detection/data/hard_hat_workers1554.png	311555	1789680281.8242167440
Voxel51__hard-hat-detection/data/hard_hat_workers1582.png	291040	1789680285.7442237160
Voxel51__hard-hat-detection/data/hard_hat_workers1551.png	294686	1789680281.9642169900
Voxel51__hard-hat-detection/data/hard_hat_workers1667.png	211794	1789680296.7682440620
Voxel51__hard-hat-detection/data/hard_hat_workers1596.png	342249	1789680287.5242269290
Voxel51__hard-hat-detection/data/hard_hat_workers1638.png	263518	1789680292.9922369710
Voxel51__hard-hat-detection/data/hard_hat_workers1598.png	340261	1789680287.6442271470
Voxel51__hard-hat-detection/data/hard_hat_workers1650.png	274213	1789680294.4682397290
Voxel51__hard-hat-detection/data/hard_hat_workers1599.png	262940	1789680287.6722271970
Voxel51__hard-hat-detection/data/hard_hat_workers1641.png	221282	1789680293.0882371500
Voxel51__hard-hat-detection/data/hard_hat_workers16.png	267943	1789680287.7402273210
Voxel51__hard-hat-detection/data/hard_hat_workers1665.png	210458	1789680296.0122426320
Voxel51__hard-hat-detection/data/hard_hat_workers160.png	276162	1789680288.1682280980
Voxel51__hard-hat-detection/data/hard_hat_workers1651.png	223212	1789680294.5522398860
Voxel51__hard-hat-detection/data/hard_hat_workers1601.png	186928	1789680288.3042283450
Voxel51__hard-hat-detection/data/hard_hat_workers1640.png	239805	1789680293.0882371500
Voxel51__hard-hat-detection/data/hard_hat_workers1600.png	298033	1789680288.5482287900
Voxel51__hard-hat-detection/data/hard_hat_workers165.png	293125	1789680294.4842397590
Voxel51__hard-hat-detection/data/hard_hat_workers1604.png	248294	1789680288.5642288190
Voxel51__hard-hat-detection/data/hard_hat_workers164.png	362292	1789680293.2962375380
Voxel51__hard-hat-detection/data/hard_hat_workers1605.png	336870	1789680288.5922288700
Voxel51__hard-hat-detection/data/hard_hat_workers1653.png	221551	1789680294.6002399760
Voxel51__hard-hat-detection/data/hard_hat_workers1602.png	265006	1789680288.6762290220
Voxel51__hard-hat-detection/data/hard_hat_workers1639.png	343344	1789680293.3042375530
Voxel51__hard-hat-detection/data/hard_hat_workers1603.png	268298	1789680288.7122290880
Voxel51__hard-hat-detection/data/hard_hat_workers1655.png	240194	1789680294.7282402160
Voxel51__hard-hat-detection/data/hard_hat_workers1606.png	199329	1789680288.7922292330
Voxel51__hard-hat-detection/data/hard_hat_workers1644.png	227800	1789680293.3642376650
Voxel51__hard-hat-detection/data/hard_hat_workers1607.png	296589	1789680288.8762293870
Voxel51__hard-hat-detection/data/hard_hat_workers1652.png	244092	1789680294.6442400590
Voxel51__hard-hat-detection/data/hard_hat_workers1609.png	341252	1789680288.9962296050
Voxel51__hard-hat-detection/data/hard_hat_workers1643.png	193173	1789680293.4242377770
Voxel51__hard-hat-detection/data/hard_hat_workers161.png	295871	1789680289.0242296570
Voxel51__hard-hat-detection/data/hard_hat_workers1666.png	293865	1789680296.1442428810
Voxel51__hard-hat-detection/data/hard_hat_workers1608.png	261575	1789680289.1002297960
Voxel51__hard-hat-detection/data/hard_hat_workers1656.png	306935	1789680295.2002411030
Voxel51__hard-hat-detection/data/hard_hat_workers1610.png	180206	1789680289.4522304400
Voxel51__hard-hat-detection/data/hard_hat_workers1642.png	258892	1789680293.4802378820
Voxel51__hard-hat-detection/data/hard_hat_workers1611.png	170596	1789680289.5402306010
Voxel51__hard-hat-detection/data/hard_hat_workers1654.png	247941	1789680294.8922405240
Voxel51__hard-hat-detection/data/hard_hat_workers1614.png	236981	1789680289.7842310480
Voxel51__hard-hat-detection/data/hard_hat_workers1646.png	356547	1789680293.9762388070
Voxel51__hard-hat-detection/data/hard_hat_workers1613.png	205959	1789680289.8922312450
Voxel51__hard-hat-detection/data/hard_hat_workers1657.png	285700	1789680295.2802412530
Voxel51__hard-hat-detection/data/hard_hat_workers1616.png	248366	1789680289.9282313110
Voxel51__hard-hat-detection/data/hard_hat_workers1645.png	323462	1789680294.0122388740
Voxel51__hard-hat-detection/data/hard_hat_workers1612.png	226417	1789680290.0482315310
Voxel51__hard-hat-detection/data/hard_hat_workers1658.png	325943	1789680295.3202413280
Voxel51__hard-hat-detection/data/hard_hat_workers1615.png	273077	1789680290.1962318030
Voxel51__hard-hat-detection/data/hard_hat_workers1648.png	215110	1789680294.0242388960
Voxel51__hard-hat-detection/data/hard_hat_workers1618.png	280950	1789680290.2002318100
Voxel51__hard-hat-detection/data/hard_hat_workers1647.png	340205	1789680294.0322389110
Voxel51__hard-hat-detection/data/hard_hat_workers1617.png	266616	1789680290.2442318910
Voxel51__hard-hat-detection/data/hard_hat_workers166.png	267021	1789680295.5082416830
Voxel51__hard-hat-detection/data/hard_hat_workers1619.png	275099	1789680290.3082320090
Voxel51__hard-hat-detection/data/hard_hat_workers1669.png	189256	1789680296.6202437820
Voxel51__hard-hat-detection/data/hard_hat_workers162.png	264345	1789680290.4842323330
Voxel51__hard-hat-detection/data/hard_hat_workers1649.png	292268	1789680294.2082392410
Voxel51__hard-hat-detection/data/hard_hat_workers1620.png	223024	1789680290.5522324570
Voxel51__hard-hat-detection/data/hard_hat_workers1660.png	270730	1789680295.7482421340
Voxel51__hard-hat-detection/data/hard_hat_workers1621.png	308389	1789680290.7722328620
Voxel51__hard-hat-detection/data/hard_hat_workers1662.png	320149	1789680295.8362423010
Voxel51__hard-hat-detection/data/hard_hat_workers1622.png	239546	1789680290.7962329070
Voxel51__hard-hat-detection/data/hard_hat_workers1663.png	280581	1789680295.9482425110
Voxel51__hard-hat-detection/data/hard_hat_workers1625.png	311139	1789680291.2082336660
Voxel51__hard-hat-detection/data/hard_hat_workers1664.png	235804	1789680295.9002424210
Voxel51__hard-hat-detection/data/hard_hat_workers1623.png	240335	1789680291.2362337180
Voxel51__hard-hat-detection/data/hard_hat_workers1753.png	205176	1789680307.2442643860
Voxel51__hard-hat-detection/data/hard_hat_workers1624.png	286749	1789680291.2842338060
Voxel51__hard-hat-detection/data/hard_hat_workers1661.png	195293	1789680295.9442425040
Voxel51__hard-hat-detection/data/hard_hat_workers1626.png	202007	1789680291.2962338290
Voxel51__hard-hat-detection/data/hard_hat_workers1755.png	221976	1789680307.3122645220
Voxel51__hard-hat-detection/data/hard_hat_workers1627.png	331965	1789680291.4922341910
Voxel51__hard-hat-detection/data/hard_hat_workers1754.png	200266	1789680307.3482645930
Voxel51__hard-hat-detection/data/hard_hat_workers1628.png	266402	1789680291.6002343900
Voxel51__hard-hat-detection/data/hard_hat_workers1756.png	277241	1789680307.4442647840
Voxel51__hard-hat-detection/data/hard_hat_workers163.png	234707	1789680291.7082345900
Voxel51__hard-hat-detection/data/hard_hat_workers167.png	190650	1789680296.6362438130
Voxel51__hard-hat-detection/data/hard_hat_workers1631.png	328226	1789680291.8242348040
Voxel51__hard-hat-detection/data/hard_hat_workers1752.png	331959	1789680307.4442647840
Voxel51__hard-hat-detection/data/hard_hat_workers1629.png	279923	1789680291.8442348410
Voxel51__hard-hat-detection/data/hard_hat_workers1659.png	133106	1789680295.4322415400
Voxel51__hard-hat-detection/data/hard_hat_workers1630.png	312196	1789680291.9362350110
Voxel51__hard-hat-detection/data/hard_hat_workers1757.png	307444	1789680307.6442651820
Voxel51__hard-hat-detection/data/hard_hat_workers1633.png	188144	1789680292.0522352260
Voxel51__hard-hat-detection/data/hard_hat_workers1758.png	266465	1789680307.7602654120
Voxel51__hard-hat-detection/data/hard_hat_workers1632.png	210879	1789680292.0762352700
Voxel51__hard-hat-detection/data/hard_hat_workers1759.png	309040	1789680307.8602656100
Voxel51__hard-hat-detection/data/hard_hat_workers1636.png	232563	1789680292.7042364370
Voxel51__hard-hat-detection/data/hard_hat_workers176.png	267774	1789680308.1402661680
Voxel51__hard-hat-detection/data/hard_hat_workers1634.png	261242	1789680292.7362364960
Voxel51__hard-hat-detection/data/hard_hat_workers1760.png	226492	1789680308.2162663200
Voxel51__hard-hat-detection/data/hard_hat_workers1635.png	224011	1789680292.7682365550
Voxel51__hard-hat-detection/data/hard_hat_workers1761.png	349622	1789680308.3762666390
Voxel51__hard-hat-detection/data/hard_hat_workers1637.png	146104	1789680292.8082366300
Voxel51__hard-hat-detection/data/hard_hat_workers1751.png	198759	1789680307.0882640760
Voxel51__hard-hat-detection/data/hard_hat_workers1681.png	219754	1789680298.1202466310
Voxel51__hard-hat-detection/data/hard_hat_workers172.png	269930	1789680303.1522563340
Voxel51__hard-hat-detection/data/hard_hat_workers1680.png	175261	1789680298.1282466460
Voxel51__hard-hat-detection/data/hard_hat_workers1732.png	259074	1789680304.6922593470
Voxel51__hard-hat-detection/data/hard_hat_workers168.png	343584	1789680298.2402468600
Voxel51__hard-hat-detection/data/hard_hat_workers1721.png	156931	1789680303.2682565600
Voxel51__hard-hat-detection/data/hard_hat_workers1682.png	149192	1789680298.2962469670
Voxel51__hard-hat-detection/data/hard_hat_workers1735.png	223873	1789680304.7402594420
Voxel51__hard-hat-detection/data/hard_hat_workers1683.png	305994	1789680298.4682472950
Voxel51__hard-hat-detection/data/hard_hat_workers1722.png	266148	1789680303.2882566000
Voxel51__hard-hat-detection/data/hard_hat_workers1687.png	237922	1789680298.7282477920
Voxel51__hard-hat-detection/data/hard_hat_workers1734.png	197309	1789680304.5642590970
Voxel51__hard-hat-detection/data/hard_hat_workers1688.png	303973	1789680298.7762478830
Voxel51__hard-hat-detection/data/hard_hat_workers1724.png	138066	1789680303.2882566000
Voxel51__hard-hat-detection/data/hard_hat_workers1686.png	259422	1789680298.7962479220
Voxel51__hard-hat-detection/data/hard_hat_workers1731.png	354862	1789680304.6362592380
Voxel51__hard-hat-detection/data/hard_hat_workers1684.png	233000	1789680298.8482480210
Voxel51__hard-hat-detection/data/hard_hat_workers1723.png	204055	1789680303.4882569900
Voxel51__hard-hat-detection/data/hard_hat_workers1685.png	306268	1789680298.8522480290
Voxel51__hard-hat-detection/data/hard_hat_workers1737.png	288176	1789680305.2282604010
Voxel51__hard-hat-detection/data/hard_hat_workers169.png	239093	1789680299.1882486720
Voxel51__hard-hat-detection/data/hard_hat_workers1748.png	196318	1789680306.5162629440
Voxel51__hard-hat-detection/data/hard_hat_workers1689.png	252552	1789680299.2682488250
Voxel51__hard-hat-detection/data/hard_hat_workers1747.png	233158	1789680306.6122631340
Voxel51__hard-hat-detection/data/hard_hat_workers1691.png	235581	1789680299.3242489330
Voxel51__hard-hat-detection/data/hard_hat_workers1725.png	260210	1789680303.7882575760
Voxel51__hard-hat-detection/data/hard_hat_workers1690.png	348172	1789680299.3962490710
Voxel51__hard-hat-detection/data/hard_hat_workers1738.png	219719	1789680305.2682604800
Voxel51__hard-hat-detection/data/hard_hat_workers1692.png	173305	1789680299.4562491860
Voxel51__hard-hat-detection/data/hard_hat_workers1727.png	240846	1789680303.9082578100
Voxel51__hard-hat-detection/data/hard_hat_workers1694.png	272038	1789680299.7202496920
Voxel51__hard-hat-detection/data/hard_hat_workers1736.png	311255	1789680305.2282604010
Voxel51__hard-hat-detection/data/hard_hat_workers1693.png	300145	1789680299.7802498080
Voxel51__hard-hat-detection/data/hard_hat_workers1726.png	229857	1789680303.9522578970
Voxel51__hard-hat-detection/data/hard_hat_workers1695.png	359107	1789680300.0042502370
Voxel51__hard-hat-detection/data/hard_hat_workers1741.png	266750	1789680305.7482614260
Voxel51__hard-hat-detection/data/hard_hat_workers1696.png	360876	1789680300.0762503760
Voxel51__hard-hat-detection/data/hard_hat_workers1729.png	252003	1789680304.3202586180
Voxel51__hard-hat-detection/data/hard_hat_workers1697.png	336020	1789680300.0882503990
Voxel51__hard-hat-detection/data/hard_hat_workers1745.png	303257	1789680305.9562618350
Voxel51__hard-hat-detection/data/hard_hat_workers1698.png	286718	1789680300.1442505070
Voxel51__hard-hat-detection/data/hard_hat_workers1730.png	245873	1789680304.4082587910
Voxel51__hard-hat-detection/data/hard_hat_workers1699.png	244008	1789680300.2482507070
Voxel51__hard-hat-detection/data/hard_hat_workers1728.png	270294	1789680304.4162588070
Voxel51__hard-hat-detection/data/hard_hat_workers17.png	309364	1789680300.5242512390
Voxel51__hard-hat-detection/data/hard_hat_workers1749.png	259948	1789680306.7042633160
Voxel51__hard-hat-detection/data/hard_hat_workers170.png	244571	1789680300.5482512860
Voxel51__hard-hat-detection/data/hard_hat_workers1744.png	227709	1789680305.8722616700
Voxel51__hard-hat-detection/data/hard_hat_workers1700.png	273812	1789680300.6362514550
Voxel51__hard-hat-detection/data/hard_hat_workers173.png	286160	1789680304.5082589870
Voxel51__hard-hat-detection/data/hard_hat_workers1701.png	236760	1789680300.6642515090
Voxel51__hard-hat-detection/data/hard_hat_workers174.png	226693	1789680305.7642614580
Voxel51__hard-hat-detection/data/hard_hat_workers1702.png	335497	1789680300.7202516170
Voxel51__hard-hat-detection/data/hard_hat_workers1733.png	256610	1789680304.5562590810
Voxel51__hard-hat-detection/data/hard_hat_workers1703.png	223843	1789680300.9882521330
Voxel51__hard-hat-detection/data/hard_hat_workers1743.png	283648	1789680305.9962619150
Voxel51__hard-hat-detection/data/hard_hat_workers1704.png	220675	1789680301.2162525750
Voxel51__hard-hat-detection/data/hard_hat_workers1746.png	234146	1789680306.1402621990
Voxel51__hard-hat-detection/data/hard_hat_workers1705.png	288569	1789680301.2682526750
Voxel51__hard-hat-detection/data/hard_hat_workers1739.png	219194	1789680305.9002617260
Voxel51__hard-hat-detection/data/hard_hat_workers1708.png	279505	1789680301.3922529160
Voxel51__hard-hat-detection/data/hard_hat_workers1742.png	269623	1789680305.9722618680
Voxel51__hard-hat-detection/data/hard_hat_workers1706.png	253293	1789680301.5282531780
Voxel51__hard-hat-detection/data/hard_hat_workers1835.png	254170	1789680318.0082862530
Voxel51__hard-hat-detection/data/hard_hat_workers1709.png	307922	1789680301.5682532560
Voxel51__hard-hat-detection/data/hard_hat_workers1837.png	216462	1789680318.0282862950
Voxel51__hard-hat-detection/data/hard_hat_workers1707.png	277579	1789680301.6362533880
Voxel51__hard-hat-detection/data/hard_hat_workers1750.png	212690	1789680306.9722638460
Voxel51__hard-hat-detection/data/hard_hat_workers171.png	203735	1789680301.7402535890
Voxel51__hard-hat-detection/data/hard_hat_workers1836.png	184469	1789680318.0282862950
Voxel51__hard-hat-detection/data/hard_hat_workers1713.png	241731	1789680301.9682540300
Voxel51__hard-hat-detection/data/hard_hat_workers1838.png	306675	1789680318.0322863030
Voxel51__hard-hat-detection/data/hard_hat_workers1710.png	271546	1789680301.9962540840
Voxel51__hard-hat-detection/data/hard_hat_workers1839.png	256028	1789680318.0482863360
Voxel51__hard-hat-detection/data/hard_hat_workers1712.png	192469	1789680302.0722542330
Voxel51__hard-hat-detection/data/hard_hat_workers1740.png	208248	1789680305.7882615050
Voxel51__hard-hat-detection/data/hard_hat_workers1711.png	245927	1789680302.0802542480
Voxel51__hard-hat-detection/data/hard_hat_workers1840.png	237004	1789680318.1522865530
Voxel51__hard-hat-detection/data/hard_hat_workers1715.png	203917	1789680302.4642549950
Voxel51__hard-hat-detection/data/hard_hat_workers184.png	409322	1789680318.2122866780
Voxel51__hard-hat-detection/data/hard_hat_workers1714.png	340493	1789680302.4762550180
Voxel51__hard-hat-detection/data/hard_hat_workers1841.png	255192	1789680318.2282867100
Voxel51__hard-hat-detection/data/hard_hat_workers1716.png	246078	1789680302.6442553450
Voxel51__hard-hat-detection/data/hard_hat_workers1842.png	274025	1789680318.3642869940
Voxel51__hard-hat-detection/data/hard_hat_workers1718.png	214447	1789680302.8882558190
Voxel51__hard-hat-detection/data/hard_hat_workers1843.png	321429	1789680318.8202879430
Voxel51__hard-hat-detection/data/hard_hat_workers1717.png	193026	1789680302.9242558890
Voxel51__hard-hat-detection/data/hard_hat_workers1844.png	289882	1789680318.9242881590
Voxel51__hard-hat-detection/data/hard_hat_workers1719.png	290749	1789680303.0362561070
Voxel51__hard-hat-detection/data/hard_hat_workers175.png	232483	1789680306.9842638700
Voxel51__hard-hat-detection/data/hard_hat_workers1720.png	242276	1789680303.1402563100
Voxel51__hard-hat-detection/data/hard_hat_workers1834.png	303206	1789680317.7762857720
Voxel51__hard-hat-detection/data/hard_hat_workers1762.png	220685	1789680308.4762668390
Voxel51__hard-hat-detection/data/hard_hat_workers1803.png	262414	1789680313.9122778150
Voxel51__hard-hat-detection/data/hard_hat_workers1763.png	238015	1789680308.6122671110
Voxel51__hard-hat-detection/data/hard_hat_workers1815.png	253749	1789680315.3122806840
Voxel51__hard-hat-detection/data/hard_hat_workers1765.png	309912	1789680308.6482671820
Voxel51__hard-hat-detection/data/hard_hat_workers1804.png	222761	1789680313.9242778400
Voxel51__hard-hat-detection/data/hard_hat_workers1766.png	306428	1789680308.6802672460
Voxel51__hard-hat-detection/data/hard_hat_workers1817.png	319396	1789680315.4362809390
Voxel51__hard-hat-detection/data/hard_hat_workers1764.png	238460	1789680308.7042672950
Voxel51__hard-hat-detection/data/hard_hat_workers1805.png	269034	1789680314.0642781260
Voxel51__hard-hat-detection/data/hard_hat_workers1767.png	264026	1789680308.7082673020
Voxel51__hard-hat-detection/data/hard_hat_workers182.png	204098	1789680315.5682812100
Voxel51__hard-hat-detection/data/hard_hat_workers1768.png	317196	1789680309.0922680690
Voxel51__hard-hat-detection/data/hard_hat_workers1809.png	201821	1789680314.1322782650
Voxel51__hard-hat-detection/data/hard_hat_workers177.png	325827	1789680309.2122683110
Voxel51__hard-hat-detection/data/hard_hat_workers1830.png	273937	1789680316.8882839320
Voxel51__hard-hat-detection/data/hard_hat_workers1770.png	101255	1789680309.3202685270
Voxel51__hard-hat-detection/data/hard_hat_workers1816.png	331548	1789680315.4522809720
Voxel51__hard-hat-detection/data/hard_hat_workers1769.png	312113	1789680309.3402685670
Voxel51__hard-hat-detection/data/hard_hat_workers1808.png	307914	1789680314.1642783310
Voxel51__hard-hat-detection/data/hard_hat_workers1771.png	162963	1789680309.6202691280
Voxel51__hard-hat-detection/data/hard_hat_workers1820.png	253184	1789680315.6882814570
Voxel51__hard-hat-detection/data/hard_hat_workers1773.png	235309	1789680309.7602694090
Voxel51__hard-hat-detection/data/hard_hat_workers1806.png	348301	1789680314.1882783800
Voxel51__hard-hat-detection/data/hard_hat_workers1772.png	278505	1789680309.8682696260
Voxel51__hard-hat-detection/data/hard_hat_workers1818.png	175673	1789680315.5922812600
Voxel51__hard-hat-detection/data/hard_hat_workers1775.png	231400	1789680309.9242697380
Voxel51__hard-hat-detection/data/hard_hat_workers1807.png	206133	1789680314.2762785600
Voxel51__hard-hat-detection/data/hard_hat_workers1777.png	180710	1789680310.0122699140
Voxel51__hard-hat-detection/data/hard_hat_workers1819.png	296905	1789680315.5722812180
Voxel51__hard-hat-detection/data/hard_hat_workers1778.png	211007	1789680310.0602700110
Voxel51__hard-hat-detection/data/hard_hat_workers181.png	319450	1789680314.4562789290
Voxel51__hard-hat-detection/data/hard_hat_workers1774.png	342259	1789680310.1042700990
Voxel51__hard-hat-detection/data/hard_hat_workers1821.png	312546	1789680316.2002825120
Voxel51__hard-hat-detection/data/hard_hat_workers1776.png	213911	1789680310.1362701640
Voxel51__hard-hat-detection/data/hard_hat_workers1810.png	216248	1789680314.7562795430
Voxel51__hard-hat-detection/data/hard_hat_workers178.png	351337	1789680310.4962708890
Voxel51__hard-hat-detection/data/hard_hat_workers183.png	238083	1789680316.9722841050
Voxel51__hard-hat-detection/data/hard_hat_workers1779.png	230298	1789680310.5082709130
Voxel51__hard-hat-detection/data/hard_hat_workers1824.png	254128	1789680316.3122827430
Voxel51__hard-hat-detection/data/hard_hat_workers1780.png	159370	1789680310.7322713640
Voxel51__hard-hat-detection/data/hard_hat_workers1811.png	272312	1789680314.8962798290
Voxel51__hard-hat-detection/data/hard_hat_workers1781.png	278346	1789680310.7522714040
Voxel51__hard-hat-detection/data/hard_hat_workers1825.png	264776	1789680316.6242833870
Voxel51__hard-hat-detection/data/hard_hat_workers1784.png	266572	1789680311.1642722350
Voxel51__hard-hat-detection/data/hard_hat_workers1813.png	299522	1789680315.0122800670
Voxel51__hard-hat-detection/data/hard_hat_workers1782.png	351522	1789680311.1922722920
Voxel51__hard-hat-detection/data/hard_hat_workers1812.png	298333	1789680315.0442801330
Voxel51__hard-hat-detection/data/hard_hat_workers1783.png	358620	1789680311.3282725670
Voxel51__hard-hat-detection/data/hard_hat_workers1822.png	246640	1789680316.4762830820
Voxel51__hard-hat-detection/data/hard_hat_workers1785.png	334592	1789680311.4202727520
Voxel51__hard-hat-detection/data/hard_hat_workers1814.png	184984	1789680315.2722806020
Voxel51__hard-hat-detection/data/hard_hat_workers1789.png	281792	1789680311.4482728090
Voxel51__hard-hat-detection/data/hard_hat_workers1823.png	361558	1789680316.6722834860
Voxel51__hard-hat-detection/data/hard_hat_workers1788.png	240485	1789680311.4842728820
Voxel51__hard-hat-detection/data/hard_hat_workers1829.png	259387	1789680316.8362838250
Voxel51__hard-hat-detection/data/hard_hat_workers1786.png	270872	1789680311.5082729300
Voxel51__hard-hat-detection/data/hard_hat_workers1826.png	219817	1789680316.7282836020
Voxel51__hard-hat-detection/data/hard_hat_workers1787.png	323742	1789680311.6722732620
Voxel51__hard-hat-detection/data/hard_hat_workers1831.png	244233	1789680317.0722843130
Voxel51__hard-hat-detection/data/hard_hat_workers1791.png	253558	1789680312.0042739340
Voxel51__hard-hat-detection/data/hard_hat_workers1832.png	355575	1789680317.5282852580
Voxel51__hard-hat-detection/data/hard_hat_workers179.png	220287	1789680312.0162739580
Voxel51__hard-hat-detection/data/hard_hat_workers1827.png	230432	1789680316.7002835440
Voxel51__hard-hat-detection/data/hard_hat_workers1792.png	313912	1789680312.0602740470
Voxel51__hard-hat-detection/data/hard_hat_workers1918.png	199506	1789680328.2403079450
Voxel51__hard-hat-detection/data/hard_hat_workers1790.png	290093	1789680312.0642740550
Voxel51__hard-hat-detection/data/hard_hat_workers1919.png	206313	1789680328.2403079450
Voxel51__hard-hat-detection/data/hard_hat_workers1795.png	233561	1789680312.5922751270
Voxel51__hard-hat-detection/data/hard_hat_workers192.png	221528	1789680328.4083083090
Voxel51__hard-hat-detection/data/hard_hat_workers1793.png	256840	1789680312.6482752410
Voxel51__hard-hat-detection/data/hard_hat_workers1920.png	223385	1789680328.6163087590
Voxel51__hard-hat-detection/data/hard_hat_workers1797.png	309488	1789680312.7002753470
Voxel51__hard-hat-detection/data/hard_hat_workers1922.png	269163	1789680328.6723088810
Voxel51__hard-hat-detection/data/hard_hat_workers1796.png	252897	1789680312.7162753800
Voxel51__hard-hat-detection/data/hard_hat_workers1921.png	211041	1789680328.7163089760
Voxel51__hard-hat-detection/data/hard_hat_workers1794.png	189525	1789680312.8642756800
Voxel51__hard-hat-detection/data/hard_hat_workers1924.png	331355	1789680329.0163096250
Voxel51__hard-hat-detection/data/hard_hat_workers1799.png	141551	1789680312.8682756880
Voxel51__hard-hat-detection/data/hard_hat_workers1923.png	327952	1789680329.0483096950
Voxel51__hard-hat-detection/data/hard_hat_workers1798.png	223046	1789680312.8762757040
Voxel51__hard-hat-detection/data/hard_hat_workers1828.png	203390	1789680316.6922835280
Voxel51__hard-hat-detection/data/hard_hat_workers18.png	257653	1789680313.0242760050
Voxel51__hard-hat-detection/data/hard_hat_workers1833.png	209376	1789680317.6762855650
Voxel51__hard-hat-detection/data/hard_hat_workers180.png	265407	1789680313.4282768290
Voxel51__hard-hat-detection/data/hard_hat_workers1926.png	320308	1789680329.1443099040
Voxel51__hard-hat-detection/data/hard_hat_workers1800.png	280885	1789680313.5082769920
Voxel51__hard-hat-detection/data/hard_hat_workers1927.png	358044	1789680329.1963100160
Voxel51__hard-hat-detection/data/hard_hat_workers1801.png	246094	1789680313.5442770650
Voxel51__hard-hat-detection/data/hard_hat_workers1925.png	263668	1789680329.2043100340
Voxel51__hard-hat-detection/data/hard_hat_workers1802.png	248758	1789680313.5922771630
Voxel51__hard-hat-detection/data/hard_hat_workers1917.png	225482	1789680328.0043074350
Voxel51__hard-hat-detection/data/hard_hat_workers1845.png	196756	1789680319.0482884180
Voxel51__hard-hat-detection/data/hard_hat_workers1888.png	282263	1789680324.2762994380
Voxel51__hard-hat-detection/data/hard_hat_workers185.png	232143	1789680319.2722888860
Voxel51__hard-hat-detection/data/hard_hat_workers190.png	292728	1789680325.9123029330
Voxel51__hard-hat-detection/data/hard_hat_workers1847.png	188923	1789680319.2962889360
Voxel51__hard-hat-detection/data/hard_hat_workers1887.png	298950	1789680324.3162995240
Voxel51__hard-hat-detection/data/hard_hat_workers1846.png	194779	1789680319.3162889770
Voxel51__hard-hat-detection/data/hard_hat_workers1898.png	322819	1789680325.7603026070
Voxel51__hard-hat-detection/data/hard_hat_workers1850.png	290509	1789680319.3842891200
Voxel51__hard-hat-detection/data/hard_hat_workers1912.png	292843	1789680327.5723065030
Voxel51__hard-hat-detection/data/hard_hat_workers1849.png	241727	1789680319.4202891950
Voxel51__hard-hat-detection/data/hard_hat_workers189.png	284697	1789680324.4602998310
Voxel51__hard-hat-detection/data/hard_hat_workers1848.png	316424	1789680319.4242892030
Voxel51__hard-hat-detection/data/hard_hat_workers1902.png	280069	1789680326.1443034300
Voxel51__hard-hat-detection/data/hard_hat_workers1852.png	252171	1789680319.4802893200
Voxel51__hard-hat-detection/data/hard_hat_workers1889.png	244875	1789680324.6403002140
Voxel51__hard-hat-detection/data/hard_hat_workers1851.png	223200	1789680319.6042895790
Voxel51__hard-hat-detection/data/hard_hat_workers19.png	322786	1789680325.9203029500
Voxel51__hard-hat-detection/data/hard_hat_workers1853.png	301719	1789680319.8402900730
Voxel51__hard-hat-detection/data/hard_hat_workers1891.png	257874	1789680324.8123005800
Voxel51__hard-hat-detection/data/hard_hat_workers1855.png	311564	1789680320.3362911120
Voxel51__hard-hat-detection/data/hard_hat_workers1904.png	267892	1789680326.3003037660
Voxel51__hard-hat-detection/data/hard_hat_workers1854.png	258416	1789680320.3562911540
Voxel51__hard-hat-detection/data/hard_hat_workers1893.png	210702	1789680324.8323006230
Voxel51__hard-hat-detection/data/hard_hat_workers1857.png	231700	1789680320.5322915230
Voxel51__hard-hat-detection/data/hard_hat_workers1900.png	322661	1789680326.3003037660
Voxel51__hard-hat-detection/data/hard_hat_workers1856.png	290580	1789680320.5602915820
Voxel51__hard-hat-detection/data/hard_hat_workers1890.png	312662	1789680324.8323006230
Voxel51__hard-hat-detection/data/hard_hat_workers186.png	218905	1789680320.6562917830
Voxel51__hard-hat-detection/data/hard_hat_workers1901.png	277385	1789680326.1603034650
Voxel51__hard-hat-detection/data/hard_hat_workers1861.png	253155	1789680320.6602917920
Voxel51__hard-hat-detection/data/hard_hat_workers1913.png	217297	1789680327.7803069510
Voxel51__hard-hat-detection/data/hard_hat_workers1860.png	340268	1789680320.6682918090
Voxel51__hard-hat-detection/data/hard_hat_workers1892.png	235104	1789680324.9283008280
Voxel51__hard-hat-detection/data/hard_hat_workers1858.png	224007	1789680320.7362919520
Voxel51__hard-hat-detection/data/hard_hat_workers1906.png	260334	1789680326.6763045730
Voxel51__hard-hat-detection/data/hard_hat_workers1862.png	225586	1789680320.8122921100
Voxel51__hard-hat-detection/data/hard_hat_workers1894.png	272960	1789680325.0683011270
Voxel51__hard-hat-detection/data/hard_hat_workers1859.png	258078	1789680320.9482923960
Voxel51__hard-hat-detection/data/hard_hat_workers1905.png	219289	1789680326.4483040840
Voxel51__hard-hat-detection/data/hard_hat_workers1863.png	280468	1789680321.0042925130
Voxel51__hard-hat-detection/data/hard_hat_workers1895.png	258625	1789680325.1843013750
Voxel51__hard-hat-detection/data/hard_hat_workers1864.png	293161	1789680321.2922931210
Voxel51__hard-hat-detection/data/hard_hat_workers1903.png	236510	1789680326.4603041100
Voxel51__hard-hat-detection/data/hard_hat_workers1866.png	303493	1789680321.6802939370
Voxel51__hard-hat-detection/data/hard_hat_workers1896.png	338266	1789680325.2123014350
Voxel51__hard-hat-detection/data/hard_hat_workers1865.png	206983	1789680321.7322940470
Voxel51__hard-hat-detection/data/hard_hat_workers1908.png	169928	1789680326.9323051230
Voxel51__hard-hat-detection/data/hard_hat_workers1868.png	240453	1789680321.8962943920
Voxel51__hard-hat-detection/data/hard_hat_workers1897.png	216297	1789680325.4123018630
Voxel51__hard-hat-detection/data/hard_hat_workers1869.png	220574	1789680321.9282944600
Voxel51__hard-hat-detection/data/hard_hat_workers1899.png	335298	1789680325.7123025050
Voxel51__hard-hat-detection/data/hard_hat_workers1870.png	299991	1789680321.9442944940
Voxel51__hard-hat-detection/data/hard_hat_workers1915.png	288596	1789680327.8763071590
Voxel51__hard-hat-detection/data/hard_hat_workers1867.png	311171	1789680322.0362946880
Voxel51__hard-hat-detection/data/hard_hat_workers1907.png	284872	1789680327.0363053470
Voxel51__hard-hat-detection/data/hard_hat_workers187.png	243038	1789680322.0362946880
Voxel51__hard-hat-detection/data/hard_hat_workers1910.png	215997	1789680327.3283059770
Voxel51__hard-hat-detection/data/hard_hat_workers1872.png	208958	1789680322.0602947390
Voxel51__hard-hat-detection/data/hard_hat_workers20.png	192253	1789680338.6803309710
Voxel51__hard-hat-detection/data/hard_hat_workers1871.png	239524	1789680322.2242950850
Voxel51__hard-hat-detection/data/hard_hat_workers191.png	270864	1789680327.3443060110
Voxel51__hard-hat-detection/data/hard_hat_workers1873.png	272318	1789680322.4002954580
Voxel51__hard-hat-detection/data/hard_hat_workers1914.png	212611	1789680327.5523064600
Voxel51__hard-hat-detection/data/hard_hat_workers1874.png	298783	1789680322.5242957200
Voxel51__hard-hat-detection/data/hard_hat_workers200.png	255522	1789680338.7043310250
Voxel51__hard-hat-detection/data/hard_hat_workers1875.png	176666	1789680322.6042958890
Voxel51__hard-hat-detection/data/hard_hat_workers2001.png	279126	1789680338.7883312140
Voxel51__hard-hat-detection/data/hard_hat_workers1876.png	277638	1789680322.9842966930
Voxel51__hard-hat-detection/data/hard_hat_workers2002.png	318771	1789680338.8523313570
Voxel51__hard-hat-detection/data/hard_hat_workers1877.png	257875	1789680323.0082967440
Voxel51__hard-hat-detection/data/hard_hat_workers2003.png	336577	1789680338.9043314740
Voxel51__hard-hat-detection/data/hard_hat_workers1879.png	287682	1789680323.1802971090
Voxel51__hard-hat-detection/data/hard_hat_workers2004.png	258847	1789680339.2243321950
Voxel51__hard-hat-detection/data/hard_hat_workers188.png	270407	1789680323.2002971510
Voxel51__hard-hat-detection/data/hard_hat_workers1916.png	187727	1789680327.9283072700
Voxel51__hard-hat-detection/data/hard_hat_workers1878.png	315809	1789680323.3162973970
Voxel51__hard-hat-detection/data/hard_hat_workers2005.png	306009	1789680339.5163328530
Voxel51__hard-hat-detection/data/hard_hat_workers1880.png	234180	1789680323.3202974060
Voxel51__hard-hat-detection/data/hard_hat_workers2006.png	187465	1789680339.5403329070
Voxel51__hard-hat-detection/data/hard_hat_workers1881.png	415294	1789680323.5042977970
Voxel51__hard-hat-detection/data/hard_hat_workers1909.png	310406	1789680327.0483053730
Voxel51__hard-hat-detection/data/hard_hat_workers1882.png	272013	1789680323.5802979580
Voxel51__hard-hat-detection/data/hard_hat_workers2008.png	280509	1789680339.7403333580
Voxel51__hard-hat-detection/data/hard_hat_workers1883.png	292622	1789680323.5962979920
Voxel51__hard-hat-detection/data/hard_hat_workers2009.png	197744	1789680339.9843339080
Voxel51__hard-hat-detection/data/hard_hat_workers1884.png	310318	1789680323.6362980770
Voxel51__hard-hat-detection/data/hard_hat_workers1911.png	196535	1789680327.3683060630
Voxel51__hard-hat-detection/data/hard_hat_workers1885.png	220198	1789680323.8882986120
Voxel51__hard-hat-detection/data/hard_hat_workers2010.png	136340	1789680340.0603340800
Voxel51__hard-hat-detection/data/hard_hat_workers1886.png	301305	1789680323.9042986460
Voxel51__hard-hat-detection/data/hard_hat_workers1999.png	272518	1789680338.6723309530
Voxel51__hard-hat-detection/data/hard_hat_workers1928.png	204312	1789680329.2283100860
Voxel51__hard-hat-detection/data/hard_hat_workers1970.png	155115	1789680334.6323219370
Voxel51__hard-hat-detection/data/hard_hat_workers1929.png	244370	1789680329.4803106340
Voxel51__hard-hat-detection/data/hard_hat_workers1997.png	281041	1789680338.3123301440
Voxel51__hard-hat-detection/data/hard_hat_workers193.png	325492	1789680329.5483107810
Voxel51__hard-hat-detection/data/hard_hat_workers198.png	179877	1789680335.9323248230
Voxel51__hard-hat-detection/data/hard_hat_workers1930.png	268993	1789680329.7003111120
Voxel51__hard-hat-detection/data/hard_hat_workers197.png	342799	1789680334.7363221680
Voxel51__hard-hat-detection/data/hard_hat_workers1933.png	276808	1789680329.9683116940
Voxel51__hard-hat-detection/data/hard_hat_workers1982.png	179212	1789680336.1443252960
Voxel51__hard-hat-detection/data/hard_hat_workers1931.png	214529	1789680330.0563118860
Voxel51__hard-hat-detection/data/hard_hat_workers1971.png	244559	1789680334.8603224420
Voxel51__hard-hat-detection/data/hard_hat_workers1932.png	216269	1789680330.1163120170
Voxel51__hard-hat-detection/data/hard_hat_workers1983.png	249305	1789680336.1603253310
Voxel51__hard-hat-detection/data/hard_hat_workers1934.png	262242	1789680330.2723123570
Voxel51__hard-hat-detection/data/hard_hat_workers1972.png	290489	1789680334.8923225130
Voxel51__hard-hat-detection/data/hard_hat_workers1935.png	287249	1789680330.3403125050
Voxel51__hard-hat-detection/data/hard_hat_workers1984.png	314853	1789680336.5003260890
Voxel51__hard-hat-detection/data/hard_hat_workers1937.png	280928	1789680330.4603127670
Voxel51__hard-hat-detection/data/hard_hat_workers1973.png	287605	1789680335.2163232320
Voxel51__hard-hat-detection/data/hard_hat_workers1938.png	248115	1789680330.4643127750
Voxel51__hard-hat-detection/data/hard_hat_workers1985.png	265359	1789680336.7643266780
Voxel51__hard-hat-detection/data/hard_hat_workers1936.png	285965	1789680330.5963130640
Voxel51__hard-hat-detection/data/hard_hat_workers1974.png	307939	1789680335.5283239260
Voxel51__hard-hat-detection/data/hard_hat_workers1939.png	293201	1789680330.6043130810
Voxel51__hard-hat-detection/data/hard_hat_workers1998.png	202632	1789680338.3683302700
Voxel51__hard-hat-detection/data/hard_hat_workers1940.png	273320	1789680330.8003135080
Voxel51__hard-hat-detection/data/hard_hat_workers1987.png	289375	1789680336.9283270440
Voxel51__hard-hat-detection/data/hard_hat_workers194.png	268076	1789680330.8963137180
Voxel51__hard-hat-detection/data/hard_hat_workers1975.png	295960	1789680335.6043240940
Voxel51__hard-hat-detection/data/hard_hat_workers1941.png	218410	1789680331.2003143830
Voxel51__hard-hat-detection/data/hard_hat_workers1989.png	253740	1789680337.1283274910
Voxel51__hard-hat-detection/data/hard_hat_workers1942.png	293462	1789680331.2603145150
Voxel51__hard-hat-detection/data/hard_hat_workers1977.png	297300	1789680335.6563242100
Voxel51__hard-hat-detection/data/hard_hat_workers1943.png	261935	1789680331.4763149880
Voxel51__hard-hat-detection/data/hard_hat_workers1986.png	285335	1789680337.0763273750
Voxel51__hard-hat-detection/data/hard_hat_workers1944.png	301293	1789680331.4843150050
Voxel51__hard-hat-detection/data/hard_hat_workers1978.png	219716	1789680335.8043245390
Voxel51__hard-hat-detection/data/hard_hat_workers1945.png	219081	1789680331.5683151890
Voxel51__hard-hat-detection/data/hard_hat_workers1991.png	207685	1789680337.1963276430
Voxel51__hard-hat-detection/data/hard_hat_workers195.png	160069	1789680331.8203157410
Voxel51__hard-hat-detection/data/hard_hat_workers1976.png	327658	1789680335.8803247080
Voxel51__hard-hat-detection/data/hard_hat_workers1946.png	243484	1789680331.8483158020
Voxel51__hard-hat-detection/data/hard_hat_workers1990.png	194216	1789680337.1363275090
Voxel51__hard-hat-detection/data/hard_hat_workers1948.png	284390	1789680331.9323159860
Voxel51__hard-hat-detection/data/hard_hat_workers1980.png	232123	1789680335.9163247880
Voxel51__hard-hat-detection/data/hard_hat_workers1947.png	250267	1789680332.0083161520
Voxel51__hard-hat-detection/data/hard_hat_workers2.png	229082	1789680338.4723305030
Voxel51__hard-hat-detection/data/hard_hat_workers1950.png	205035	1789680332.0163161700
Voxel51__hard-hat-detection/data/hard_hat_workers1993.png	242911	1789680337.4043281090
Voxel51__hard-hat-detection/data/hard_hat_workers1949.png	266487	1789680332.0643162750
Voxel51__hard-hat-detection/data/hard_hat_workers1979.png	184341	1789680335.9723249120
Voxel51__hard-hat-detection/data/hard_hat_workers1951.png	230292	1789680332.4363170930
Voxel51__hard-hat-detection/data/hard_hat_workers1992.png	209322	1789680337.2563277770
Voxel51__hard-hat-detection/data/hard_hat_workers1953.png	222236	1789680332.4443171100
Voxel51__hard-hat-detection/data/hard_hat_workers1981.png	229173	1789680336.0363250550
Voxel51__hard-hat-detection/data/hard_hat_workers1952.png	217324	1789680332.6883176470
Voxel51__hard-hat-detection/data/hard_hat_workers199.png	212256	1789680337.3843280640
Voxel51__hard-hat-detection/data/hard_hat_workers1956.png	254350	1789680332.8923180950
Voxel51__hard-hat-detection/data/hard_hat_workers1994.png	209509	1789680337.4483282080
Voxel51__hard-hat-detection/data/hard_hat_workers1954.png	256315	1789680333.0443184290
Voxel51__hard-hat-detection/data/hard_hat_workers1995.png	266006	1789680337.9643293630
Voxel51__hard-hat-detection/data/hard_hat_workers1955.png	282579	1789680333.1163185880
Voxel51__hard-hat-detection/data/hard_hat_workers1996.png	394320	1789680338.2603300270
Voxel51__hard-hat-detection/data/hard_hat_workers1958.png	236732	1789680333.2683189240
Voxel51__hard-hat-detection/data/hard_hat_workers2084.png	292211	1789680349.5163558020
Voxel51__hard-hat-detection/data/hard_hat_workers1959.png	272323	1789680333.3003189940
Voxel51__hard-hat-detection/data/hard_hat_workers2083.png	259528	1789680349.5243558210
Voxel51__hard-hat-detection/data/hard_hat_workers1957.png	331760	1789680333.3003189940
Voxel51__hard-hat-detection/data/hard_hat_workers2000.png	312238	1789680338.6643309350
Voxel51__hard-hat-detection/data/hard_hat_workers196.png	205068	1789680333.3363190740
Voxel51__hard-hat-detection/data/hard_hat_workers2085.png	317656	1789680349.6403560920
Voxel51__hard-hat-detection/data/hard_hat_workers1960.png	218066	1789680333.4003192140
Voxel51__hard-hat-detection/data/hard_hat_workers2086.png	196612	1789680349.7683563910
Voxel51__hard-hat-detection/data/hard_hat_workers1961.png	195039	1789680333.5683195850
Voxel51__hard-hat-detection/data/hard_hat_workers1988.png	289451	1789680337.1563275540
Voxel51__hard-hat-detection/data/hard_hat_workers1963.png	208992	1789680333.7563200000
Voxel51__hard-hat-detection/data/hard_hat_workers2087.png	274043	1789680349.9003566980
Voxel51__hard-hat-detection/data/hard_hat_workers1962.png	247624	1789680333.9163203530
Voxel51__hard-hat-detection/data/hard_hat_workers2088.png	311840	1789680350.0563570630
Voxel51__hard-hat-detection/data/hard_hat_workers1964.png	337084	1789680334.1763209280
Voxel51__hard-hat-detection/data/hard_hat_workers209.png	135053	1789680350.1163572040
Voxel51__hard-hat-detection/data/hard_hat_workers1965.png	358874	1789680334.3643213440
Voxel51__hard-hat-detection/data/hard_hat_workers2089.png	250846	1789680350.1163572040
Voxel51__hard-hat-detection/data/hard_hat_workers1966.png	172880	1789680334.4163214590
Voxel51__hard-hat-detection/data/hard_hat_workers2090.png	204347	1789680350.4083578880
Voxel51__hard-hat-detection/data/hard_hat_workers1968.png	278704	1789680334.5883218400
Voxel51__hard-hat-detection/data/hard_hat_workers2093.png	198787	1789680350.4163579070
Voxel51__hard-hat-detection/data/hard_hat_workers1969.png	238239	1789680334.5883218400
Voxel51__hard-hat-detection/data/hard_hat_workers2092.png	280980	1789680350.4283579350
Voxel51__hard-hat-detection/data/hard_hat_workers1967.png	265659	1789680334.6203219110
Voxel51__hard-hat-detection/data/hard_hat_workers2082.png	344523	1789680349.2003550640
Voxel51__hard-hat-detection/data/hard_hat_workers2007.png	229115	1789680340.0603340800
Voxel51__hard-hat-detection/data/hard_hat_workers2050.png	259587	1789680345.3283460930
Voxel51__hard-hat-detection/data/hard_hat_workers2011.png	264578	1789680340.1043341800
Voxel51__hard-hat-detection/data/hard_hat_workers2064.png	229601	1789680346.8843496840
Voxel51__hard-hat-detection/data/hard_hat_workers201.png	379812	1789680340.1883343690
Voxel51__hard-hat-detection/data/hard_hat_workers2052.png	313278	1789680345.4323463330
Voxel51__hard-hat-detection/data/hard_hat_workers2014.png	212146	1789680340.2163344330
Voxel51__hard-hat-detection/data/hard_hat_workers2062.png	393599	1789680346.8123495170
Voxel51__hard-hat-detection/data/hard_hat_workers2013.png	299379	1789680340.2843345870
Voxel51__hard-hat-detection/data/hard_hat_workers2054.png	248051	1789680345.5803466740
Voxel51__hard-hat-detection/data/hard_hat_workers2012.png	203628	1789680340.3803348040
Voxel51__hard-hat-detection/data/hard_hat_workers2065.png	228086	1789680347.1163502210
Voxel51__hard-hat-detection/data/hard_hat_workers2015.png	250842	1789680340.4963350670
Voxel51__hard-hat-detection/data/hard_hat_workers2053.png	216640	1789680345.6723468850
Voxel51__hard-hat-detection/data/hard_hat_workers2017.png	194783	1789680340.7883357270
Voxel51__hard-hat-detection/data/hard_hat_workers2066.png	229146	1789680347.1203502300
Voxel51__hard-hat-detection/data/hard_hat_workers2016.png	190462	1789680340.8163357910
Voxel51__hard-hat-detection/data/hard_hat_workers2058.png	247002	1789680345.8163472180
Voxel51__hard-hat-detection/data/hard_hat_workers2018.png	261648	1789680341.2403367510
Voxel51__hard-hat-detection/data/hard_hat_workers2070.png	254607	1789680347.3363507310
Voxel51__hard-hat-detection/data/hard_hat_workers2019.png	287350	1789680341.2443367610
Voxel51__hard-hat-detection/data/hard_hat_workers2079.png	316443	1789680348.7883541050
Voxel51__hard-hat-detection/data/hard_hat_workers2020.png	261491	1789680341.3403369790
Voxel51__hard-hat-detection/data/hard_hat_workers2055.png	179339	1789680345.8563473090
Voxel51__hard-hat-detection/data/hard_hat_workers2022.png	304858	1789680341.4723372780
Voxel51__hard-hat-detection/data/hard_hat_workers2073.png	259471	1789680348.0163523080
Voxel51__hard-hat-detection/data/hard_hat_workers202.png	345648	1789680341.5203373870
Voxel51__hard-hat-detection/data/hard_hat_workers2057.png	286672	1789680345.9403475030
Voxel51__hard-hat-detection/data/hard_hat_workers2023.png	271219	1789680341.5443374420
Voxel51__hard-hat-detection/data/hard_hat_workers2069.png	313476	1789680347.5203511580
Voxel51__hard-hat-detection/data/hard_hat_workers2021.png	274592	1789680341.5643374870
Voxel51__hard-hat-detection/data/hard_hat_workers2056.png	248373	1789680345.9803475950
Voxel51__hard-hat-detection/data/hard_hat_workers2024.png	260418	1789680341.5763375140
Voxel51__hard-hat-detection/data/hard_hat_workers2071.png	163581	1789680347.5323511860
Voxel51__hard-hat-detection/data/hard_hat_workers2026.png	209229	1789680341.7843379870
Voxel51__hard-hat-detection/data/hard_hat_workers2059.png	182973	1789680346.0363477240
Voxel51__hard-hat-detection/data/hard_hat_workers2025.png	293954	1789680341.9123382770
Voxel51__hard-hat-detection/data/hard_hat_workers2068.png	273559	1789680347.5083511300
Voxel51__hard-hat-detection/data/hard_hat_workers2027.png	410911	1789680342.1363387870
Voxel51__hard-hat-detection/data/hard_hat_workers206.png	166732	1789680346.0403477330
Voxel51__hard-hat-detection/data/hard_hat_workers2028.png	248775	1789680342.4643395350
Voxel51__hard-hat-detection/data/hard_hat_workers207.png	200134	1789680347.4923510930
Voxel51__hard-hat-detection/data/hard_hat_workers203.png	325448	1789680342.6523399630
Voxel51__hard-hat-detection/data/hard_hat_workers2080.png	172325	1789680348.8523542530
Voxel51__hard-hat-detection/data/hard_hat_workers2029.png	375554	1789680342.6923400550
Voxel51__hard-hat-detection/data/hard_hat_workers2060.png	302196	1789680346.4403486570
Voxel51__hard-hat-detection/data/hard_hat_workers2031.png	278660	1789680342.7483401820
Voxel51__hard-hat-detection/data/hard_hat_workers2067.png	242885	1789680347.9043520480
Voxel51__hard-hat-detection/data/hard_hat_workers2030.png	269795	1789680342.8323403730
Voxel51__hard-hat-detection/data/hard_hat_workers2061.png	309608	1789680346.7043492680
Voxel51__hard-hat-detection/data/hard_hat_workers2034.png	155040	1789680342.8883405010
Voxel51__hard-hat-detection/data/hard_hat_workers2063.png	320989	1789680346.7523493780
Voxel51__hard-hat-detection/data/hard_hat_workers2035.png	265654	1789680343.0443408570
Voxel51__hard-hat-detection/data/hard_hat_workers2072.png	294439	1789680348.0603524110
Voxel51__hard-hat-detection/data/hard_hat_workers2033.png	188660	1789680343.0483408660
Voxel51__hard-hat-detection/data/hard_hat_workers2076.png	244400	1789680348.4523533230
Voxel51__hard-hat-detection/data/hard_hat_workers2032.png	298206	1789680343.2283412780
Voxel51__hard-hat-detection/data/hard_hat_workers2074.png	285172	1789680348.4083532200
Voxel51__hard-hat-detection/data/hard_hat_workers2036.png	251997	1789680343.2323412870
Voxel51__hard-hat-detection/data/hard_hat_workers2077.png	248624	1789680348.6083536850
Voxel51__hard-hat-detection/data/hard_hat_workers2037.png	317619	1789680343.3763416170
Voxel51__hard-hat-detection/data/hard_hat_workers2078.png	234916	1789680348.6083536850
Voxel51__hard-hat-detection/data/hard_hat_workers2038.png	301535	1789680343.4083416890
Voxel51__hard-hat-detection/data/hard_hat_workers2168.png	308304	1789680360.0963809440
Voxel51__hard-hat-detection/data/hard_hat_workers2039.png	223506	1789680343.9083428330
Voxel51__hard-hat-detection/data/hard_hat_workers208.png	224922	1789680349.1323549050
Voxel51__hard-hat-detection/data/hard_hat_workers2041.png	193983	1789680343.9163428510
Voxel51__hard-hat-detection/data/hard_hat_workers2163.png	224642	1789680360.1123809830
Voxel51__hard-hat-detection/data/hard_hat_workers204.png	273416	1789680343.9243428690
Voxel51__hard-hat-detection/data/hard_hat_workers2167.png	327476	1789680360.1483810700
Voxel51__hard-hat-detection/data/hard_hat_workers2040.png	317277	1789680344.1763434470
Voxel51__hard-hat-detection/data/hard_hat_workers2169.png	257239	1789680360.2203812440
Voxel51__hard-hat-detection/data/hard_hat_workers2043.png	307784	1789680344.2563436300
Voxel51__hard-hat-detection/data/hard_hat_workers217.png	292654	1789680360.4803818740
Voxel51__hard-hat-detection/data/hard_hat_workers2042.png	341387	1789680344.3083437500
Voxel51__hard-hat-detection/data/hard_hat_workers2170.png	270957	1789680360.7483825230
Voxel51__hard-hat-detection/data/hard_hat_workers2046.png	273498	1789680344.4963441810
Voxel51__hard-hat-detection/data/hard_hat_workers2171.png	278663	1789680360.9003828910
Voxel51__hard-hat-detection/data/hard_hat_workers2045.png	211564	1789680344.5363442740
Voxel51__hard-hat-detection/data/hard_hat_workers2075.png	237823	1789680348.3003529690
Voxel51__hard-hat-detection/data/hard_hat_workers2044.png	304904	1789680344.5563443190
Voxel51__hard-hat-detection/data/hard_hat_workers2173.png	131735	1789680361.0643832880
Voxel51__hard-hat-detection/data/hard_hat_workers2047.png	291183	1789680344.5643443380
Voxel51__hard-hat-detection/data/hard_hat_workers2172.png	306997	1789680361.0683832980
Voxel51__hard-hat-detection/data/hard_hat_workers2048.png	320766	1789680344.8043448880
Voxel51__hard-hat-detection/data/hard_hat_workers2174.png	241704	1789680361.1243834340
Voxel51__hard-hat-detection/data/hard_hat_workers2049.png	293875	1789680344.8483449900
Voxel51__hard-hat-detection/data/hard_hat_workers2081.png	244206	1789680349.1443549340
Voxel51__hard-hat-detection/data/hard_hat_workers205.png	210565	1789680345.1523456880
Voxel51__hard-hat-detection/data/hard_hat_workers2175.png	195124	1789680361.2243836770
Voxel51__hard-hat-detection/data/hard_hat_workers2051.png	172193	1789680345.2363458820
Voxel51__hard-hat-detection/data/hard_hat_workers2166.png	271276	1789680360.0483808280
Voxel51__hard-hat-detection/data/hard_hat_workers2091.png	181977	1789680350.4763580470
Voxel51__hard-hat-detection/data/hard_hat_workers2131.png	286431	1789680355.9203709160
Voxel51__hard-hat-detection/data/hard_hat_workers2096.png	314777	1789680350.9683592000
Voxel51__hard-hat-detection/data/hard_hat_workers2150.png	235720	1789680358.4963770860
Voxel51__hard-hat-detection/data/hard_hat_workers2094.png	235676	1789680351.0843594720
Voxel51__hard-hat-detection/data/hard_hat_workers2134.png	268612	1789680355.9403709630
Voxel51__hard-hat-detection/data/hard_hat_workers2095.png	271367	1789680351.1043595190
Voxel51__hard-hat-detection/data/hard_hat_workers2144.png	252689	1789680357.2083739940
Voxel51__hard-hat-detection/data/hard_hat_workers2097.png	361984	1789680351.3363600640
Voxel51__hard-hat-detection/data/hard_hat_workers2136.png	258936	1789680356.2843717850
Voxel51__hard-hat-detection/data/hard_hat_workers2099.png	227772	1789680351.3243600370
Voxel51__hard-hat-detection/data/hard_hat_workers2149.png	301419	1789680358.1723763070
Voxel51__hard-hat-detection/data/hard_hat_workers21.png	241388	1789680351.4123602430
Voxel51__hard-hat-detection/data/hard_hat_workers2137.png	283870	1789680356.2923718040
Voxel51__hard-hat-detection/data/hard_hat_workers210.png	234793	1789680351.4243602710
Voxel51__hard-hat-detection/data/hard_hat_workers2161.png	159909	1789680359.7483801040
Voxel51__hard-hat-detection/data/hard_hat_workers2098.png	284634	1789680351.4603603560
Voxel51__hard-hat-detection/data/hard_hat_workers2147.png	303944	1789680357.7723753460
Voxel51__hard-hat-detection/data/hard_hat_workers2100.png	291970	1789680351.7003609200
Voxel51__hard-hat-detection/data/hard_hat_workers2139.png	223933	1789680356.9123732860
Voxel51__hard-hat-detection/data/hard_hat_workers2101.png	261940	1789680351.7803611080
Voxel51__hard-hat-detection/data/hard_hat_workers2151.png	281300	1789680358.3363767010
Voxel51__hard-hat-detection/data/hard_hat_workers2103.png	182191	1789680351.8203612020
Voxel51__hard-hat-detection/data/hard_hat_workers2138.png	232867	1789680357.0403735920
Voxel51__hard-hat-detection/data/hard_hat_workers2102.png	263585	1789680351.8443612590
Voxel51__hard-hat-detection/data/hard_hat_workers2154.png	321102	1789680358.4883770680
Voxel51__hard-hat-detection/data/hard_hat_workers2105.png	274937	1789680352.4803627570
Voxel51__hard-hat-detection/data/hard_hat_workers214.png	284712	1789680357.0803736880
Voxel51__hard-hat-detection/data/hard_hat_workers2104.png	331747	1789680352.5523629270
Voxel51__hard-hat-detection/data/hard_hat_workers2155.png	241436	1789680358.5043771060
Voxel51__hard-hat-detection/data/hard_hat_workers2109.png	169305	1789680352.6523631630
Voxel51__hard-hat-detection/data/hard_hat_workers2141.png	326049	1789680357.1363738220
Voxel51__hard-hat-detection/data/hard_hat_workers2106.png	253493	1789680352.6523631630
Voxel51__hard-hat-detection/data/hard_hat_workers215.png	324662	1789680358.3643767690
Voxel51__hard-hat-detection/data/hard_hat_workers2107.png	223211	1789680352.6843632390
Voxel51__hard-hat-detection/data/hard_hat_workers2142.png	240771	1789680357.1483738500
Voxel51__hard-hat-detection/data/hard_hat_workers2110.png	129280	1789680352.7243633320
Voxel51__hard-hat-detection/data/hard_hat_workers2165.png	221561	1789680359.8003802290
Voxel51__hard-hat-detection/data/hard_hat_workers2108.png	218255	1789680352.8683636720
Voxel51__hard-hat-detection/data/hard_hat_workers2153.png	354327	1789680358.6763775190
Voxel51__hard-hat-detection/data/hard_hat_workers211.png	349409	1789680352.9523638700
Voxel51__hard-hat-detection/data/hard_hat_workers2140.png	249102	1789680357.1843739370
Voxel51__hard-hat-detection/data/hard_hat_workers2111.png	237286	1789680353.1403643150
Voxel51__hard-hat-detection/data/hard_hat_workers2145.png	173072	1789680357.1843739370
Voxel51__hard-hat-detection/data/hard_hat_workers2113.png	200718	1789680353.1563643530
Voxel51__hard-hat-detection/data/hard_hat_workers2158.png	215457	1789680358.7763777600
Voxel51__hard-hat-detection/data/hard_hat_workers2114.png	307707	1789680353.2003644570
Voxel51__hard-hat-detection/data/hard_hat_workers2146.png	217020	1789680357.2043739850
Voxel51__hard-hat-detection/data/hard_hat_workers2112.png	265388	1789680353.5323652430
Voxel51__hard-hat-detection/data/hard_hat_workers2156.png	294951	1789680358.5323771730
Voxel51__hard-hat-detection/data/hard_hat_workers2115.png	336861	1789680353.7643657920
Voxel51__hard-hat-detection/data/hard_hat_workers2143.png	289024	1789680357.4363745410
Voxel51__hard-hat-detection/data/hard_hat_workers2117.png	263179	1789680353.9803663030
Voxel51__hard-hat-detection/data/hard_hat_workers2159.png	306427	1789680359.2483788970
Voxel51__hard-hat-detection/data/hard_hat_workers2116.png	300926	1789680354.0363664350
Voxel51__hard-hat-detection/data/hard_hat_workers2148.png	266925	1789680357.5603748380
Voxel51__hard-hat-detection/data/hard_hat_workers212.png	285850	1789680354.0363664350
Voxel51__hard-hat-detection/data/hard_hat_workers2157.png	274514	1789680358.9283781250
Voxel51__hard-hat-detection/data/hard_hat_workers2119.png	223951	1789680354.0403664450
Voxel51__hard-hat-detection/data/hard_hat_workers2164.png	309562	1789680359.8083802480
Voxel51__hard-hat-detection/data/hard_hat_workers2120.png	206131	1789680354.0963665780
Voxel51__hard-hat-detection/data/hard_hat_workers216.png	228960	1789680359.4323793410
Voxel51__hard-hat-detection/data/hard_hat_workers2118.png	308873	1789680354.2043668340
Voxel51__hard-hat-detection/data/hard_hat_workers2249.png	291507	1789680371.1004080170
Voxel51__hard-hat-detection/data/hard_hat_workers2123.png	228312	1789680354.3723672330
Voxel51__hard-hat-detection/data/hard_hat_workers2250.png	301993	1789680371.1044080270
Voxel51__hard-hat-detection/data/hard_hat_workers2122.png	283410	1789680354.4443674040
Voxel51__hard-hat-detection/data/hard_hat_workers225.png	320989	1789680371.1244080770
Voxel51__hard-hat-detection/data/hard_hat_workers2124.png	205367	1789680354.4603674420
Voxel51__hard-hat-detection/data/hard_hat_workers2254.png	267145	1789680371.2164083080
Voxel51__hard-hat-detection/data/hard_hat_workers2121.png	299784	1789680354.5003675370
Voxel51__hard-hat-detection/data/hard_hat_workers2253.png	332841	1789680371.2364083580
Voxel51__hard-hat-detection/data/hard_hat_workers2125.png	304034	1789680354.8283683160
Voxel51__hard-hat-detection/data/hard_hat_workers2251.png	292467	1789680371.3844087290
Voxel51__hard-hat-detection/data/hard_hat_workers2126.png	207106	1789680355.0283687910
Voxel51__hard-hat-detection/data/hard_hat_workers2152.png	295358	1789680358.6403774330
Voxel51__hard-hat-detection/data/hard_hat_workers2127.png	228962	1789680355.4043696860
Voxel51__hard-hat-detection/data/hard_hat_workers2252.png	272214	1789680371.4324088490
Voxel51__hard-hat-detection/data/hard_hat_workers213.png	271035	1789680355.4443697820
Voxel51__hard-hat-detection/data/hard_hat_workers2255.png	255917	1789680371.5044090290
Voxel51__hard-hat-detection/data/hard_hat_workers2130.png	190626	1789680355.4523698010
Voxel51__hard-hat-detection/data/hard_hat_workers2162.png	263253	1789680359.8243802870
Voxel51__hard-hat-detection/data/hard_hat_workers2128.png	187042	1789680355.5483700290
Voxel51__hard-hat-detection/data/hard_hat_workers2256.png	350258	1789680371.7004095200
Voxel51__hard-hat-detection/data/hard_hat_workers2129.png	315601	1789680355.5963701440
Voxel51__hard-hat-detection/data/hard_hat_workers2258.png	233537	1789680372.1404106240
Voxel51__hard-hat-detection/data/hard_hat_workers2132.png	302969	1789680355.7203704390
Voxel51__hard-hat-detection/data/hard_hat_workers2257.png	353024	1789680372.1604106740
Voxel51__hard-hat-detection/data/hard_hat_workers2133.png	210402	1789680355.7683705540
Voxel51__hard-hat-detection/data/hard_hat_workers2160.png	180072	1789680359.5323795830
Voxel51__hard-hat-detection/data/hard_hat_workers2135.png	281546	1789680355.8043706390
Voxel51__hard-hat-detection/data/hard_hat_workers2248.png	338459	1789680370.8644074260
Voxel51__hard-hat-detection/data/hard_hat_workers2176.png	277519	1789680361.3283839290
Voxel51__hard-hat-detection/data/hard_hat_workers2230.png	263784	1789680368.3444011500
Voxel51__hard-hat-detection/data/hard_hat_workers218.png	233403	1789680361.4923843270
Voxel51__hard-hat-detection/data/hard_hat_workers2219.png	251259	1789680366.9803977720
Voxel51__hard-hat-detection/data/hard_hat_workers2178.png	254522	1789680361.5003843470
Voxel51__hard-hat-detection/data/hard_hat_workers2231.png	186969	1789680368.6044017950
Voxel51__hard-hat-detection/data/hard_hat_workers2177.png	343680	1789680361.5483844630
Voxel51__hard-hat-detection/data/hard_hat_workers2243.png	248657	1789680370.0004052690
Voxel51__hard-hat-detection/data/hard_hat_workers2179.png	282648	1789680361.5843845510
Voxel51__hard-hat-detection/data/hard_hat_workers222.png	136413	1789680367.0483979400
Voxel51__hard-hat-detection/data/hard_hat_workers2180.png	195736	1789680361.7683849980
Voxel51__hard-hat-detection/data/hard_hat_workers2228.png	335739	1789680368.4324013690
Voxel51__hard-hat-detection/data/hard_hat_workers2181.png	227781	1789680362.0923857860
Voxel51__hard-hat-detection/data/hard_hat_workers2221.png	143135	1789680367.1683982370
Voxel51__hard-hat-detection/data/hard_hat_workers2182.png	212132	1789680362.2883862630
Voxel51__hard-hat-detection/data/hard_hat_workers2232.png	322393	1789680368.6364018750
Voxel51__hard-hat-detection/data/hard_hat_workers2183.png	246552	1789680362.3763864770
Voxel51__hard-hat-detection/data/hard_hat_workers2220.png	339349	1789680367.2083983360
Voxel51__hard-hat-detection/data/hard_hat_workers2185.png	282539	1789680362.5763869650
Voxel51__hard-hat-detection/data/hard_hat_workers2186.png	264879	1789680362.5763869650
Voxel51__hard-hat-detection/data/hard_hat_workers2229.png	335870	1789680368.3404011400
Voxel51__hard-hat-detection/data/hard_hat_workers2332.png	250967	1789680381.5004344500
Voxel51__hard-hat-detection/data/hard_hat_workers2188.png	225357	1789680362.7443873740
Voxel51__hard-hat-detection/data/hard_hat_workers2223.png	278491	1789680367.4043988210
Voxel51__hard-hat-detection/data/hard_hat_workers2187.png	230147	1789680362.8123875400
Voxel51__hard-hat-detection/data/hard_hat_workers2184.png	276317	1789680362.8123875400
Voxel51__hard-hat-detection/data/hard_hat_workers2218.png	229370	1789680366.9523977030
Voxel51__hard-hat-detection/data/hard_hat_workers2217.png	202620	1789680366.9563977120
Voxel51__hard-hat-detection/data/hard_hat_workers219.png	252070	1789680362.8923877350
Voxel51__hard-hat-detection/data/hard_hat_workers2244.png	285723	1789680370.1124055480
Voxel51__hard-hat-detection/data/hard_hat_workers2189.png	176309	1789680362.9243878130
Voxel51__hard-hat-detection/data/hard_hat_workers2245.png	268529	1789680370.1844057280
Voxel51__hard-hat-detection/data/hard_hat_workers2190.png	169394	1789680362.9443878610
Voxel51__hard-hat-detection/data/hard_hat_workers2234.png	243722	1789680368.9084025500
Voxel51__hard-hat-detection/data/hard_hat_workers2191.png	364644	1789680363.2563886240
Voxel51__hard-hat-detection/data/hard_hat_workers2222.png	271788	1789680367.4563989500
Voxel51__hard-hat-detection/data/hard_hat_workers2192.png	145793	1789680363.3883889470
Voxel51__hard-hat-detection/data/hard_hat_workers2235.png	235767	1789680369.0564029180
Voxel51__hard-hat-detection/data/hard_hat_workers2193.png	275899	1789680363.5803894160
Voxel51__hard-hat-detection/data/hard_hat_workers2224.png	251265	1789680367.5923992860
Voxel51__hard-hat-detection/data/hard_hat_workers2194.png	277653	1789680363.6763896510
Voxel51__hard-hat-detection/data/hard_hat_workers2236.png	282986	1789680369.2924035050
Voxel51__hard-hat-detection/data/hard_hat_workers2195.png	221878	1789680363.8363900420
Voxel51__hard-hat-detection/data/hard_hat_workers2225.png	318829	1789680367.7443996620
Voxel51__hard-hat-detection/data/hard_hat_workers2196.png	279700	1789680363.8403900520
Voxel51__hard-hat-detection/data/hard_hat_workers2237.png	326696	1789680369.5404041230
Voxel51__hard-hat-detection/data/hard_hat_workers2199.png	168133	1789680364.1523908150
Voxel51__hard-hat-detection/data/hard_hat_workers2226.png	247554	1789680368.0524004250
Voxel51__hard-hat-detection/data/hard_hat_workers2200.png	227285	1789680364.2043909430
Voxel51__hard-hat-detection/data/hard_hat_workers2238.png	177723	1789680369.6604044220
Voxel51__hard-hat-detection/data/hard_hat_workers2198.png	238356	1789680364.2443910410
Voxel51__hard-hat-detection/data/hard_hat_workers2227.png	268524	1789680368.1804007430
Voxel51__hard-hat-detection/data/hard_hat_workers2197.png	261571	1789680364.3763913640
Voxel51__hard-hat-detection/data/hard_hat_workers2246.png	201677	1789680370.6004067680
Voxel51__hard-hat-detection/data/hard_hat_workers22.png	318470	1789680364.4243914820
Voxel51__hard-hat-detection/data/hard_hat_workers2240.png	343905	1789680369.7284045910
Voxel51__hard-hat-detection/data/hard_hat_workers220.png	202293	1789680364.5083916880
Voxel51__hard-hat-detection/data/hard_hat_workers2333.png	271323	1789680381.6564348530
Voxel51__hard-hat-detection/data/hard_hat_workers2202.png	221564	1789680364.6723920900
Voxel51__hard-hat-detection/data/hard_hat_workers2334.png	267724	1789680381.6684348840
Voxel51__hard-hat-detection/data/hard_hat_workers2201.png	243567	1789680364.7523922860
Voxel51__hard-hat-detection/data/hard_hat_workers223.png	258372	1789680368.4404013890
Voxel51__hard-hat-detection/data/hard_hat_workers2203.png	282606	1789680364.9243927080
Voxel51__hard-hat-detection/data/hard_hat_workers224.png	301745	1789680369.9164050600
Voxel51__hard-hat-detection/data/hard_hat_workers2204.png	272167	1789680365.2163934260
Voxel51__hard-hat-detection/data/hard_hat_workers2239.png	218980	1789680369.9884052380
Voxel51__hard-hat-detection/data/hard_hat_workers2206.png	361225	1789680365.2643935440
Voxel51__hard-hat-detection/data/hard_hat_workers2233.png	197137	1789680368.8164023210
Voxel51__hard-hat-detection/data/hard_hat_workers2205.png	303284	1789680365.4723940550
Voxel51__hard-hat-detection/data/hard_hat_workers2330.png	190799	1789680381.6724348940
Voxel51__hard-hat-detection/data/hard_hat_workers2207.png	291185	1789680365.4723940550
Voxel51__hard-hat-detection/data/hard_hat_workers2335.png	248784	1789680382.0564358860
Voxel51__hard-hat-detection/data/hard_hat_workers2209.png	319795	1789680365.6803945670
Voxel51__hard-hat-detection/data/hard_hat_workers2337.png	275332	1789680382.2884364860
Voxel51__hard-hat-detection/data/hard_hat_workers2208.png	256907	1789680365.6923945960
Voxel51__hard-hat-detection/data/hard_hat_workers2247.png	280483	1789680370.6164068080
Voxel51__hard-hat-detection/data/hard_hat_workers2210.png	352691	1789680365.8843950690
Voxel51__hard-hat-detection/data/hard_hat_workers2338.png	224566	1789680382.2964365070
Voxel51__hard-hat-detection/data/hard_hat_workers2211.png	187223	1789680365.9043951180
Voxel51__hard-hat-detection/data/hard_hat_workers2336.png	292383	1789680382.3004365170
Voxel51__hard-hat-detection/data/hard_hat_workers221.png	236603	1789680365.9123951380
Voxel51__hard-hat-detection/data/hard_hat_workers2339.png	233850	1789680382.3764367140
Voxel51__hard-hat-detection/data/hard_hat_workers2212.png	291218	1789680366.0083953730
Voxel51__hard-hat-detection/data/hard_hat_workers2241.png	296591	1789680369.7684046910
Voxel51__hard-hat-detection/data/hard_hat_workers2213.png	293065	1789680366.0883955710
Voxel51__hard-hat-detection/data/hard_hat_workers2340.png	250856	1789680382.7284376240
Voxel51__hard-hat-detection/data/hard_hat_workers2214.png	257845	1789680366.3843963010
Voxel51__hard-hat-detection/data/hard_hat_workers2242.png	294435	1789680369.9404051190
Voxel51__hard-hat-detection/data/hard_hat_workers2216.png	304249	1789680366.6803970320
Voxel51__hard-hat-detection/data/hard_hat_workers2341.png	173822	1789680382.7484376760
Voxel51__hard-hat-detection/data/hard_hat_workers2215.png	220887	1789680366.6883970510
Voxel51__hard-hat-detection/data/hard_hat_workers2331.png	302869	1789680381.4964344400
Voxel51__hard-hat-detection/data/hard_hat_workers2259.png	288144	1789680372.3244110860
Voxel51__hard-hat-detection/data/hard_hat_workers2325.png	254829	1789680380.9764330990
Voxel51__hard-hat-detection/data/hard_hat_workers226.png	257518	1789680372.4164113170
Voxel51__hard-hat-detection/data/hard_hat_workers23.png	248896	1789680377.5124242180
Voxel51__hard-hat-detection/data/hard_hat_workers2260.png	283598	1789680372.4604114280
Voxel51__hard-hat-detection/data/hard_hat_workers2312.png	130163	1789680379.1404283810
Voxel51__hard-hat-detection/data/hard_hat_workers2262.png	239257	1789680372.5724117090
Voxel51__hard-hat-detection/data/hard_hat_workers2300.png	208846	1789680377.5764243810
Voxel51__hard-hat-detection/data/hard_hat_workers2261.png	339210	1789680372.5964117700
Voxel51__hard-hat-detection/data/hard_hat_workers231.png	262398	1789680378.7524273860
Voxel51__hard-hat-detection/data/hard_hat_workers2263.png	231488	1789680372.6884120000
Voxel51__hard-hat-detection/data/hard_hat_workers2303.png	308182	1789680377.8884251770
Voxel51__hard-hat-detection/data/hard_hat_workers2266.png	197035	1789680372.8324123620
Voxel51__hard-hat-detection/data/hard_hat_workers2316.png	272888	1789680379.4044290580
Voxel51__hard-hat-detection/data/hard_hat_workers2264.png	231141	1789680372.8884125030
Voxel51__hard-hat-detection/data/hard_hat_workers2301.png	271572	1789680377.9204252580
Voxel51__hard-hat-detection/data/hard_hat_workers2265.png	205722	1789680372.9044125440
Voxel51__hard-hat-detection/data/hard_hat_workers2315.png	227146	1789680379.5044293140
Voxel51__hard-hat-detection/data/hard_hat_workers2267.png	267279	1789680373.0484129050
Voxel51__hard-hat-detection/data/hard_hat_workers2304.png	217163	1789680378.0964257090
Voxel51__hard-hat-detection/data/hard_hat_workers2269.png	230785	1789680373.5284141160
Voxel51__hard-hat-detection/data/hard_hat_workers2313.png	278592	1789680379.4644292120
Voxel51__hard-hat-detection/data/hard_hat_workers227.png	228526	1789680373.6004142970
Voxel51__hard-hat-detection/data/hard_hat_workers2327.png	433234	1789680381.0364332530
Voxel51__hard-hat-detection/data/hard_hat_workers2268.png	287100	1789680373.6044143070
Voxel51__hard-hat-detection/data/hard_hat_workers2306.png	241549	1789680378.1404258210
Voxel51__hard-hat-detection/data/hard_hat_workers2271.png	256142	1789680373.7724147300
Voxel51__hard-hat-detection/data/hard_hat_workers2302.png	301827	1789680378.1364258110
Voxel51__hard-hat-detection/data/hard_hat_workers2270.png	254087	1789680373.7884147710
Voxel51__hard-hat-detection/data/hard_hat_workers2319.png	249663	1789680379.7844300330
Voxel51__hard-hat-detection/data/hard_hat_workers2272.png	206324	1789680373.8724149830
Voxel51__hard-hat-detection/data/hard_hat_workers2314.png	260568	1789680379.4284291200
Voxel51__hard-hat-detection/data/hard_hat_workers2273.png	225628	1789680374.0204153560
Voxel51__hard-hat-detection/data/hard_hat_workers2307.png	245479	1789680378.3724264140
Voxel51__hard-hat-detection/data/hard_hat_workers2274.png	231993	1789680374.0564154470
Voxel51__hard-hat-detection/data/hard_hat_workers2305.png	224401	1789680378.3724264140
Voxel51__hard-hat-detection/data/hard_hat_workers2275.png	299796	1789680374.1444156690
Voxel51__hard-hat-detection/data/hard_hat_workers232.png	291747	1789680380.0604307410
Voxel51__hard-hat-detection/data/hard_hat_workers2277.png	255760	1789680374.1484156800
Voxel51__hard-hat-detection/data/hard_hat_workers2317.png	257430	1789680379.9684305050
Voxel51__hard-hat-detection/data/hard_hat_workers2276.png	227800	1789680374.2724159930
Voxel51__hard-hat-detection/data/hard_hat_workers2309.png	272044	1789680378.4924267210
Voxel51__hard-hat-detection/data/hard_hat_workers2278.png	292242	1789680374.5204166200
Voxel51__hard-hat-detection/data/hard_hat_workers2318.png	176786	1789680379.8044300840
Voxel51__hard-hat-detection/data/hard_hat_workers2279.png	242756	1789680374.8564174690
Voxel51__hard-hat-detection/data/hard_hat_workers2328.png	222160	1789680381.0444332740
Voxel51__hard-hat-detection/data/hard_hat_workers228.png	188069	1789680374.9084176010
Voxel51__hard-hat-detection/data/hard_hat_workers2308.png	237789	1789680378.6124270280
Voxel51__hard-hat-detection/data/hard_hat_workers2280.png	281803	1789680374.9404176820
Voxel51__hard-hat-detection/data/hard_hat_workers2321.png	320734	1789680380.0964308340
Voxel51__hard-hat-detection/data/hard_hat_workers2282.png	234766	1789680375.1764182800
Voxel51__hard-hat-detection/data/hard_hat_workers2311.png	85971	1789680378.7484273770
Voxel51__hard-hat-detection/data/hard_hat_workers2285.png	210802	1789680375.3204186450
Voxel51__hard-hat-detection/data/hard_hat_workers2323.png	268455	1789680380.4684317910
Voxel51__hard-hat-detection/data/hard_hat_workers2284.png	249774	1789680375.3324186750
Voxel51__hard-hat-detection/data/hard_hat_workers2310.png	346059	1789680378.8484276320
Voxel51__hard-hat-detection/data/hard_hat_workers2281.png	318937	1789680375.3964188370
Voxel51__hard-hat-detection/data/hard_hat_workers2320.png	184705	1789680380.3404314620
Voxel51__hard-hat-detection/data/hard_hat_workers2283.png	242374	1789680375.4364189390
Voxel51__hard-hat-detection/data/hard_hat_workers2326.png	261147	1789680380.7644325520
Voxel51__hard-hat-detection/data/hard_hat_workers2288.png	273149	1789680375.6484194760
Voxel51__hard-hat-detection/data/hard_hat_workers2414.png	244181	1789680392.3724629430
Voxel51__hard-hat-detection/data/hard_hat_workers2287.png	218810	1789680375.6804195570
Voxel51__hard-hat-detection/data/hard_hat_workers2413.png	257432	1789680392.4044630280
Voxel51__hard-hat-detection/data/hard_hat_workers2286.png	330159	1789680375.7404197100
Voxel51__hard-hat-detection/data/hard_hat_workers2324.png	352583	1789680380.8204326970
Voxel51__hard-hat-detection/data/hard_hat_workers229.png	249954	1789680376.1164206640
Voxel51__hard-hat-detection/data/hard_hat_workers2329.png	282677	1789680381.3004339340
Voxel51__hard-hat-detection/data/hard_hat_workers2289.png	283081	1789680376.1444207350
Voxel51__hard-hat-detection/data/hard_hat_workers233.png	298000	1789680381.4044342030
Voxel51__hard-hat-detection/data/hard_hat_workers2291.png	310737	1789680376.2804210810
Voxel51__hard-hat-detection/data/hard_hat_workers2417.png	209849	1789680392.4204630710
Voxel51__hard-hat-detection/data/hard_hat_workers2290.png	376399	1789680376.3244211930
Voxel51__hard-hat-detection/data/hard_hat_workers2416.png	285193	1789680392.4324631030
Voxel51__hard-hat-detection/data/hard_hat_workers2293.png	154081	1789680376.5524217730
Voxel51__hard-hat-detection/data/hard_hat_workers2418.png	271612	1789680392.4644631880
Voxel51__hard-hat-detection/data/hard_hat_workers2294.png	289306	1789680376.5844218540
Voxel51__hard-hat-detection/data/hard_hat_workers242.png	193613	1789680392.5604634440
Voxel51__hard-hat-detection/data/hard_hat_workers2292.png	194332	1789680376.8044224130
Voxel51__hard-hat-detection/data/hard_hat_workers2420.png	295597	1789680392.6124635820
Voxel51__hard-hat-detection/data/hard_hat_workers2295.png	315311	1789680376.8364224950
Voxel51__hard-hat-detection/data/hard_hat_workers2322.png	244536	1789680380.1924310810
Voxel51__hard-hat-detection/data/hard_hat_workers2297.png	272084	1789680376.8604225560
Voxel51__hard-hat-detection/data/hard_hat_workers2419.png	305200	1789680392.7364639120
Voxel51__hard-hat-detection/data/hard_hat_workers2296.png	325302	1789680376.9484227800
Voxel51__hard-hat-detection/data/hard_hat_workers2421.png	214091	1789680392.7924640610
Voxel51__hard-hat-detection/data/hard_hat_workers2298.png	291635	1789680377.1284232390
Voxel51__hard-hat-detection/data/hard_hat_workers2422.png	252018	1789680393.1644650520
Voxel51__hard-hat-detection/data/hard_hat_workers2299.png	296569	1789680377.2204234730
Voxel51__hard-hat-detection/data/hard_hat_workers2424.png	217194	1789680393.5644661200
Voxel51__hard-hat-detection/data/hard_hat_workers230.png	296626	1789680377.4884241570
Voxel51__hard-hat-detection/data/hard_hat_workers2415.png	317508	1789680392.2324625700
Voxel51__hard-hat-detection/data/hard_hat_workers234.png	259771	1789680382.7684377280
Voxel51__hard-hat-detection/data/hard_hat_workers2386.png	267380	1789680388.3804523800
Voxel51__hard-hat-detection/data/hard_hat_workers2342.png	339866	1789680382.8884380380
Voxel51__hard-hat-detection/data/hard_hat_workers2399.png	254879	1789680389.9404564930
Voxel51__hard-hat-detection/data/hard_hat_workers2343.png	318546	1789680382.9924383080
Voxel51__hard-hat-detection/data/hard_hat_workers2383.png	351279	1789680388.4364525280
Voxel51__hard-hat-detection/data/hard_hat_workers2345.png	252685	1789680383.0044383390
Voxel51__hard-hat-detection/data/hard_hat_workers2397.png	255931	1789680389.7524559980
Voxel51__hard-hat-detection/data/hard_hat_workers2344.png	297724	1789680383.1764387850
Voxel51__hard-hat-detection/data/hard_hat_workers2384.png	299608	1789680388.4644526010
Voxel51__hard-hat-detection/data/hard_hat_workers2347.png	252782	1789680383.5604397820
Voxel51__hard-hat-detection/data/hard_hat_workers2395.png	261224	1789680389.7284559340
Voxel51__hard-hat-detection/data/hard_hat_workers2349.png	180111	1789680383.6084399070
Voxel51__hard-hat-detection/data/hard_hat_workers2385.png	289507	1789680388.5364527910
Voxel51__hard-hat-detection/data/hard_hat_workers235.png	203107	1789680383.6564400320
Voxel51__hard-hat-detection/data/hard_hat_workers2394.png	195099	1789680389.7804560710
Voxel51__hard-hat-detection/data/hard_hat_workers2348.png	215936	1789680383.7084401660
Voxel51__hard-hat-detection/data/hard_hat_workers2408.png	321938	1789680391.3924603390
Voxel51__hard-hat-detection/data/hard_hat_workers2351.png	257750	1789680384.0724411120
Voxel51__hard-hat-detection/data/hard_hat_workers2388.png	208232	1789680388.5644528650
Voxel51__hard-hat-detection/data/hard_hat_workers2352.png	277063	1789680384.0844411430
Voxel51__hard-hat-detection/data/hard_hat_workers24.png	337789	1789680390.0764568530
Voxel51__hard-hat-detection/data/hard_hat_workers2350.png	298869	1789680384.2324415280
Voxel51__hard-hat-detection/data/hard_hat_workers2387.png	311603	1789680388.6444530750
Voxel51__hard-hat-detection/data/hard_hat_workers2353.png	228870	1789680384.2444415590
Voxel51__hard-hat-detection/data/hard_hat_workers2398.png	290540	1789680389.9524565250
Voxel51__hard-hat-detection/data/hard_hat_workers2346.png	335705	1789680384.4044419750
Voxel51__hard-hat-detection/data/hard_hat_workers2389.png	239569	1789680388.7004532220
Voxel51__hard-hat-detection/data/hard_hat_workers2354.png	242004	1789680384.4284420380
Voxel51__hard-hat-detection/data/hard_hat_workers240.png	269499	1789680390.3404575520
Voxel51__hard-hat-detection/data/hard_hat_workers2356.png	274676	1789680384.5244422880
Voxel51__hard-hat-detection/data/hard_hat_workers239.png	295821	1789680388.9644539170
Voxel51__hard-hat-detection/data/hard_hat_workers2355.png	248956	1789680384.5524423610
Voxel51__hard-hat-detection/data/hard_hat_workers2401.png	238184	1789680390.4244577740
Voxel51__hard-hat-detection/data/hard_hat_workers2359.png	162866	1789680385.0404436320
Voxel51__hard-hat-detection/data/hard_hat_workers2391.png	265439	1789680389.1564544240
Voxel51__hard-hat-detection/data/hard_hat_workers2357.png	231922	1789680385.0884437560
Voxel51__hard-hat-detection/data/hard_hat_workers2403.png	227087	1789680390.9444591500
Voxel51__hard-hat-detection/data/hard_hat_workers2358.png	282808	1789680385.1044437990
Voxel51__hard-hat-detection/data/hard_hat_workers2410.png	232505	1789680391.6364609870
Voxel51__hard-hat-detection/data/hard_hat_workers236.png	316235	1789680385.3004443100
Voxel51__hard-hat-detection/data/hard_hat_workers2390.png	319352	1789680389.1924545190
Voxel51__hard-hat-detection/data/hard_hat_workers2362.png	177160	1789680385.4884448010
Voxel51__hard-hat-detection/data/hard_hat_workers2402.png	239295	1789680390.6124582720
Voxel51__hard-hat-detection/data/hard_hat_workers2363.png	279458	1789680385.5444449470
Voxel51__hard-hat-detection/data/hard_hat_workers2392.png	319862	1789680389.4044550780
Voxel51__hard-hat-detection/data/hard_hat_workers2360.png	219533	1789680385.6084451140
Voxel51__hard-hat-detection/data/hard_hat_workers2400.png	272467	1789680390.6844584630
Voxel51__hard-hat-detection/data/hard_hat_workers2361.png	227769	1789680385.6164451350
Voxel51__hard-hat-detection/data/hard_hat_workers2393.png	276866	1789680389.6244556590
Voxel51__hard-hat-detection/data/hard_hat_workers2365.png	264035	1789680385.7524454900
Voxel51__hard-hat-detection/data/hard_hat_workers2396.png	187989	1789680389.7124558910
Voxel51__hard-hat-detection/data/hard_hat_workers2364.png	263934	1789680385.7564455010
Voxel51__hard-hat-detection/data/hard_hat_workers2405.png	165206	1789680391.2324599140
Voxel51__hard-hat-detection/data/hard_hat_workers2367.png	313809	1789680385.8684457920
Voxel51__hard-hat-detection/data/hard_hat_workers2409.png	264134	1789680391.2764600310
Voxel51__hard-hat-detection/data/hard_hat_workers2366.png	283717	1789680385.8804458240
Voxel51__hard-hat-detection/data/hard_hat_workers2407.png	307865	1789680391.0564594470
Voxel51__hard-hat-detection/data/hard_hat_workers2369.png	212516	1789680386.2924469020
Voxel51__hard-hat-detection/data/hard_hat_workers2404.png	239120	1789680391.1724597550
Voxel51__hard-hat-detection/data/hard_hat_workers237.png	257355	1789680386.3724471110
Voxel51__hard-hat-detection/data/hard_hat_workers2411.png	253098	1789680391.8444615390
Voxel51__hard-hat-detection/data/hard_hat_workers2368.png	292083	1789680386.4404472890
Voxel51__hard-hat-detection/data/hard_hat_workers2498.png	212196	1789680402.8444912030
Voxel51__hard-hat-detection/data/hard_hat_workers2370.png	334207	1789680386.6164477490
Voxel51__hard-hat-detection/data/hard_hat_workers241.png	337289	1789680391.3364601910
Voxel51__hard-hat-detection/data/hard_hat_workers2371.png	205846	1789680386.8084482520
Voxel51__hard-hat-detection/data/hard_hat_workers2499.png	308891	1789680402.8444912030
Voxel51__hard-hat-detection/data/hard_hat_workers2372.png	198673	1789680386.8284483040
Voxel51__hard-hat-detection/data/hard_hat_workers2500.png	240540	1789680402.9124913890
Voxel51__hard-hat-detection/data/hard_hat_workers2373.png	251608	1789680386.9844487130
Voxel51__hard-hat-detection/data/hard_hat_workers250.png	233547	1789680402.9404914650
Voxel51__hard-hat-detection/data/hard_hat_workers2374.png	326455	1789680387.0724489440
Voxel51__hard-hat-detection/data/hard_hat_workers25.png	265875	1789680402.9844915850
Voxel51__hard-hat-detection/data/hard_hat_workers2376.png	291532	1789680387.1164490600
Voxel51__hard-hat-detection/data/hard_hat_workers2501.png	250240	1789680403.5164930430
Voxel51__hard-hat-detection/data/hard_hat_workers2378.png	339819	1789680387.2124493110
Voxel51__hard-hat-detection/data/hard_hat_workers2406.png	101560	1789680390.9524591720
Voxel51__hard-hat-detection/data/hard_hat_workers2375.png	220085	1789680387.2164493220
Voxel51__hard-hat-detection/data/hard_hat_workers2502.png	285428	1789680403.5484931320
Voxel51__hard-hat-detection/data/hard_hat_workers2377.png	305037	1789680387.2244493430
Voxel51__hard-hat-detection/data/hard_hat_workers2504.png	161441	1789680403.6764934820
Voxel51__hard-hat-detection/data/hard_hat_workers2379.png	268348	1789680387.6044503400
Voxel51__hard-hat-detection/data/hard_hat_workers2412.png	271980	1789680392.1844624430
Voxel51__hard-hat-detection/data/hard_hat_workers238.png	298710	1789680387.6484504560
Voxel51__hard-hat-detection/data/hard_hat_workers2503.png	273309	1789680403.7124935810
Voxel51__hard-hat-detection/data/hard_hat_workers2380.png	295603	1789680387.8684510330
Voxel51__hard-hat-detection/data/hard_hat_workers2505.png	297020	1789680403.9684942820
Voxel51__hard-hat-detection/data/hard_hat_workers2381.png	327273	1789680387.9844513380
Voxel51__hard-hat-detection/data/hard_hat_workers2509.png	265252	1789680404.0884946120
Voxel51__hard-hat-detection/data/hard_hat_workers2382.png	201595	1789680388.0724515690
Voxel51__hard-hat-detection/data/hard_hat_workers2497.png	286761	1789680402.7764910170
Voxel51__hard-hat-detection/data/hard_hat_workers2423.png	325863	1789680393.5884661840
Voxel51__hard-hat-detection/data/hard_hat_workers2468.png	256725	1789680398.8724803910
Voxel51__hard-hat-detection/data/hard_hat_workers2425.png	271512	1789680393.6444663330
Voxel51__hard-hat-detection/data/hard_hat_workers248.png	236757	1789680400.2844842220
Voxel51__hard-hat-detection/data/hard_hat_workers2428.png	263684	1789680393.6964664720
Voxel51__hard-hat-detection/data/hard_hat_workers2466.png	225603	1789680398.8804804130
Voxel51__hard-hat-detection/data/hard_hat_workers2427.png	167185	1789680393.7084665040
Voxel51__hard-hat-detection/data/hard_hat_workers2481.png	241224	1789680400.6364851790
Voxel51__hard-hat-detection/data/hard_hat_workers2426.png	220508	1789680393.7684666640
Voxel51__hard-hat-detection/data/hard_hat_workers2469.png	221221	1789680398.9444805860
Voxel51__hard-hat-detection/data/hard_hat_workers243.png	296183	1789680393.8604669100
Voxel51__hard-hat-detection/data/hard_hat_workers2493.png	304569	1789680402.2204894970
Voxel51__hard-hat-detection/data/hard_hat_workers2429.png	264293	1789680393.8884669850
Voxel51__hard-hat-detection/data/hard_hat_workers2480.png	306585	1789680400.3924845160
Voxel51__hard-hat-detection/data/hard_hat_workers2431.png	240050	1789680394.0964675400
Voxel51__hard-hat-detection/data/hard_hat_workers2467.png	219873	1789680399.0084807590
Voxel51__hard-hat-detection/data/hard_hat_workers2430.png	240767	1789680394.2084678400
Voxel51__hard-hat-detection/data/hard_hat_workers2479.png	335376	1789680400.2924842440
Voxel51__hard-hat-detection/data/hard_hat_workers2432.png	287278	1789680394.2884680540
Voxel51__hard-hat-detection/data/hard_hat_workers247.png	236438	1789680399.0204807920
Voxel51__hard-hat-detection/data/hard_hat_workers2433.png	304627	1789680394.8004694250
Voxel51__hard-hat-detection/data/hard_hat_workers2478.png	185824	1789680400.4364846350
Voxel51__hard-hat-detection/data/hard_hat_workers2434.png	258606	1789680394.9364697880
Voxel51__hard-hat-detection/data/hard_hat_workers2470.png	244119	1789680399.3604817140
Voxel51__hard-hat-detection/data/hard_hat_workers2436.png	246370	1789680394.9004696920
Voxel51__hard-hat-detection/data/hard_hat_workers2482.png	289843	1789680400.8444857440
Voxel51__hard-hat-detection/data/hard_hat_workers2435.png	312064	1789680394.9644698640
Voxel51__hard-hat-detection/data/hard_hat_workers2471.png	209616	1789680399.4644819950
Voxel51__hard-hat-detection/data/hard_hat_workers2437.png	270965	1789680395.0244700240
Voxel51__hard-hat-detection/data/hard_hat_workers2484.png	332665	1789680401.0604863330
Voxel51__hard-hat-detection/data/hard_hat_workers244.png	245216	1789680395.1404703360
Voxel51__hard-hat-detection/data/hard_hat_workers2473.png	263059	1789680399.6444824840
Voxel51__hard-hat-detection/data/hard_hat_workers2438.png	233204	1789680395.1764704320
Voxel51__hard-hat-detection/data/hard_hat_workers2494.png	245134	1789680402.3844899450
Voxel51__hard-hat-detection/data/hard_hat_workers2439.png	252580	1789680395.2764707000
Voxel51__hard-hat-detection/data/hard_hat_workers2487.png	245415	1789680401.4204873140
Voxel51__hard-hat-detection/data/hard_hat_workers2440.png	245668	1789680395.3724709580
Voxel51__hard-hat-detection/data/hard_hat_workers2472.png	331415	1789680399.6524825050
Voxel51__hard-hat-detection/data/hard_hat_workers2441.png	259278	1789680395.4244710980
Voxel51__hard-hat-detection/data/hard_hat_workers2485.png	278224	1789680401.1804866600
Voxel51__hard-hat-detection/data/hard_hat_workers2442.png	306750	1789680395.7244719020
Voxel51__hard-hat-detection/data/hard_hat_workers2474.png	278125	1789680399.6604825270
Voxel51__hard-hat-detection/data/hard_hat_workers2443.png	199904	1789680395.8164721490
Voxel51__hard-hat-detection/data/hard_hat_workers2483.png	307444	1789680401.1924866930
Voxel51__hard-hat-detection/data/hard_hat_workers2446.png	169767	1789680396.2004731820
Voxel51__hard-hat-detection/data/hard_hat_workers2475.png	268504	1789680399.8324829940
Voxel51__hard-hat-detection/data/hard_hat_workers2444.png	258803	1789680396.2444733000
Voxel51__hard-hat-detection/data/hard_hat_workers249.png	272602	1789680401.5364876310
Voxel51__hard-hat-detection/data/hard_hat_workers2447.png	352274	1789680396.2884734180
Voxel51__hard-hat-detection/data/hard_hat_workers2476.png	241991	1789680399.9964834390
Voxel51__hard-hat-detection/data/hard_hat_workers2448.png	214034	1789680396.3044734610
Voxel51__hard-hat-detection/data/hard_hat_workers2477.png	285887	1789680400.2604841570
Voxel51__hard-hat-detection/data/hard_hat_workers2445.png	178335	1789680396.3644736230
Voxel51__hard-hat-detection/data/hard_hat_workers2486.png	287785	1789680401.4924875100
Voxel51__hard-hat-detection/data/hard_hat_workers2449.png	233490	1789680396.5884742260
Voxel51__hard-hat-detection/data/hard_hat_workers2495.png	162865	1789680402.5444903830
Voxel51__hard-hat-detection/data/hard_hat_workers2451.png	217982	1789680396.6364743550
Voxel51__hard-hat-detection/data/hard_hat_workers2490.png	212778	1789680401.6804880230
Voxel51__hard-hat-detection/data/hard_hat_workers245.png	301409	1789680396.7004745270
Voxel51__hard-hat-detection/data/hard_hat_workers2489.png	257197	1789680401.6564879580
Voxel51__hard-hat-detection/data/hard_hat_workers2452.png	268485	1789680396.7444746460
Voxel51__hard-hat-detection/data/hard_hat_workers2491.png	259713	1789680402.0044889070
Voxel51__hard-hat-detection/data/hard_hat_workers2450.png	301078	1789680396.7684747100
Voxel51__hard-hat-detection/data/hard_hat_workers2492.png	291986	1789680402.1604893330
Voxel51__hard-hat-detection/data/hard_hat_workers2453.png	281735	1789680397.1084756260
Voxel51__hard-hat-detection/data/hard_hat_workers258.png	306741	1789680413.5245208310
Voxel51__hard-hat-detection/data/hard_hat_workers2454.png	286091	1789680397.2164759170
Voxel51__hard-hat-detection/data/hard_hat_workers2581.png	312277	1789680413.6205211010
Voxel51__hard-hat-detection/data/hard_hat_workers2455.png	278029	1789680397.4764766180
Voxel51__hard-hat-detection/data/hard_hat_workers2583.png	244684	1789680413.7965215950
Voxel51__hard-hat-detection/data/hard_hat_workers2458.png	220748	1789680397.5284767580
Voxel51__hard-hat-detection/data/hard_hat_workers2582.png	279464	1789680413.8405217190
Voxel51__hard-hat-detection/data/hard_hat_workers2457.png	229835	1789680397.5724768770
Voxel51__hard-hat-detection/data/hard_hat_workers2584.png	213524	1789680414.0445222940
Voxel51__hard-hat-detection/data/hard_hat_workers2459.png	200293	1789680397.7044772340
Voxel51__hard-hat-detection/data/hard_hat_workers2488.png	216112	1789680401.4844874880
Voxel51__hard-hat-detection/data/hard_hat_workers2456.png	333754	1789680397.7084772440
Voxel51__hard-hat-detection/data/hard_hat_workers2496.png	359543	1789680402.7684909950
Voxel51__hard-hat-detection/data/hard_hat_workers2461.png	246901	1789680397.9964780220
Voxel51__hard-hat-detection/data/hard_hat_workers2585.png	241265	1789680414.0525223160
Voxel51__hard-hat-detection/data/hard_hat_workers246.png	256401	1789680398.0604781950
Voxel51__hard-hat-detection/data/hard_hat_workers2587.png	262800	1789680414.4445234210
Voxel51__hard-hat-detection/data/hard_hat_workers2462.png	248490	1789680398.1604784650
Voxel51__hard-hat-detection/data/hard_hat_workers2586.png	289141	1789680414.4765235110
Voxel51__hard-hat-detection/data/hard_hat_workers2463.png	371876	1789680398.1924785510
Voxel51__hard-hat-detection/data/hard_hat_workers2589.png	294794	1789680414.4925235560
Voxel51__hard-hat-detection/data/hard_hat_workers2460.png	157010	1789680398.3044788540
Voxel51__hard-hat-detection/data/hard_hat_workers2588.png	228304	1789680414.6565240190
Voxel51__hard-hat-detection/data/hard_hat_workers2465.png	248222	1789680398.5404794930
Voxel51__hard-hat-detection/data/hard_hat_workers2590.png	239268	1789680414.7285242210
Voxel51__hard-hat-detection/data/hard_hat_workers2464.png	305028	1789680398.7364800230
Voxel51__hard-hat-detection/data/hard_hat_workers2580.png	316264	1789680413.4285205610
Voxel51__hard-hat-detection/data/hard_hat_workers2506.png	316294	1789680404.1164946890
Voxel51__hard-hat-detection/data/hard_hat_workers2549.png	321782	1789680409.5285096520
Voxel51__hard-hat-detection/data/hard_hat_workers2510.png	167609	1789680404.1724948430
Voxel51__hard-hat-detection/data/hard_hat_workers2563.png	240017	1789680411.3205146500
Voxel51__hard-hat-detection/data/hard_hat_workers251.png	303077	1789680404.2444950410
Voxel51__hard-hat-detection/data/hard_hat_workers2574.png	205800	1789680412.9765192900
Voxel51__hard-hat-detection/data/hard_hat_workers2508.png	192968	1789680404.2564950740
Voxel51__hard-hat-detection/data/hard_hat_workers255.png	286640	1789680409.5725097740
Voxel51__hard-hat-detection/data/hard_hat_workers2507.png	232699	1789680404.2604950850
Voxel51__hard-hat-detection/data/hard_hat_workers2561.png	141506	1789680410.9405135880
Voxel51__hard-hat-detection/data/hard_hat_workers2511.png	259710	1789680404.5284958210
Voxel51__hard-hat-detection/data/hard_hat_workers2551.png	232684	1789680409.7285102080
Voxel51__hard-hat-detection/data/hard_hat_workers2512.png	348991	1789680404.8844967990
Voxel51__hard-hat-detection/data/hard_hat_workers256.png	286107	1789680411.0125137890
Voxel51__hard-hat-detection/data/hard_hat_workers2514.png	219588	1789680404.9684970310
Voxel51__hard-hat-detection/data/hard_hat_workers2550.png	176701	1789680409.8365105080
Voxel51__hard-hat-detection/data/hard_hat_workers2515.png	247976	1789680404.9724970410
Voxel51__hard-hat-detection/data/hard_hat_workers2565.png	287580	1789680411.3565147510
Voxel51__hard-hat-detection/data/hard_hat_workers2513.png	312599	1789680404.9924970960
Voxel51__hard-hat-detection/data/hard_hat_workers2555.png	215223	1789680409.9405107980
Voxel51__hard-hat-detection/data/hard_hat_workers2516.png	302376	1789680405.2844979000
Voxel51__hard-hat-detection/data/hard_hat_workers2566.png	305405	1789680411.3285146730
Voxel51__hard-hat-detection/data/hard_hat_workers2518.png	264749	1789680405.3804981650
Voxel51__hard-hat-detection/data/hard_hat_workers2553.png	222642	1789680410.0325110540
Voxel51__hard-hat-detection/data/hard_hat_workers2519.png	231609	1789680405.4804984410
Voxel51__hard-hat-detection/data/hard_hat_workers2568.png	271578	1789680411.8445161170
Voxel51__hard-hat-detection/data/hard_hat_workers2517.png	304333	1789680405.5324985840
Voxel51__hard-hat-detection/data/hard_hat_workers2577.png	257067	1789680413.0805195830
Voxel51__hard-hat-detection/data/hard_hat_workers2520.png	284345	1789680405.7484991790
Voxel51__hard-hat-detection/data/hard_hat_workers2552.png	364579	1789680410.0285110430
Voxel51__hard-hat-detection/data/hard_hat_workers2521.png	320414	1789680405.7524991900
Voxel51__hard-hat-detection/data/hard_hat_workers2564.png	162654	1789680411.4405149870
Voxel51__hard-hat-detection/data/hard_hat_workers252.png	286869	1789680405.7564992010
Voxel51__hard-hat-detection/data/hard_hat_workers2554.png	248816	1789680410.0405110770
Voxel51__hard-hat-detection/data/hard_hat_workers2522.png	296791	1789680406.0765000840
Voxel51__hard-hat-detection/data/hard_hat_workers2562.png	256836	1789680411.3445147180
Voxel51__hard-hat-detection/data/hard_hat_workers2526.png	330696	1789680406.4165010220
Voxel51__hard-hat-detection/data/hard_hat_workers2556.png	336992	1789680410.5365124600
Voxel51__hard-hat-detection/data/hard_hat_workers2523.png	280454	1789680406.4445011000
Voxel51__hard-hat-detection/data/hard_hat_workers2663.png	301338	1789680424.2205513020
Voxel51__hard-hat-detection/data/hard_hat_workers2524.png	246036	1789680406.4605011440
Voxel51__hard-hat-detection/data/hard_hat_workers2557.png	247030	1789680410.5565125160
Voxel51__hard-hat-detection/data/hard_hat_workers2525.png	280079	1789680406.6645017080
Voxel51__hard-hat-detection/data/hard_hat_workers2567.png	203968	1789680412.0245166200
Voxel51__hard-hat-detection/data/hard_hat_workers2528.png	263761	1789680406.6685017190
Voxel51__hard-hat-detection/data/hard_hat_workers2559.png	260296	1789680410.6845128740
Voxel51__hard-hat-detection/data/hard_hat_workers253.png	179976	1789680406.7765020170
Voxel51__hard-hat-detection/data/hard_hat_workers2558.png	374208	1789680410.7085129410
Voxel51__hard-hat-detection/data/hard_hat_workers2527.png	273435	1789680406.7965020730
Voxel51__hard-hat-detection/data/hard_hat_workers2578.png	322277	1789680413.1525197850
Voxel51__hard-hat-detection/data/hard_hat_workers2529.png	246878	1789680406.7965020730
Voxel51__hard-hat-detection/data/hard_hat_workers2664.png	363698	1789680424.2725514530
Voxel51__hard-hat-detection/data/hard_hat_workers2531.png	208197	1789680407.0525027800
Voxel51__hard-hat-detection/data/hard_hat_workers2560.png	203876	1789680410.7765131300
Voxel51__hard-hat-detection/data/hard_hat_workers2532.png	229312	1789680407.2365032890
Voxel51__hard-hat-detection/data/hard_hat_workers2571.png	326211	1789680412.2925173720
Voxel51__hard-hat-detection/data/hard_hat_workers2533.png	226604	1789680407.3165035110
Voxel51__hard-hat-detection/data/hard_hat_workers2572.png	257809	1789680412.5125179890
Voxel51__hard-hat-detection/data/hard_hat_workers2530.png	279919	1789680407.3885037100
Voxel51__hard-hat-detection/data/hard_hat_workers2569.png	343970	1789680412.5285180340
Voxel51__hard-hat-detection/data/hard_hat_workers2534.png	275729	1789680407.7885048180
Voxel51__hard-hat-detection/data/hard_hat_workers2576.png	298655	1789680412.8045188080
Voxel51__hard-hat-detection/data/hard_hat_workers2536.png	297666	1789680407.8125048850
Voxel51__hard-hat-detection/data/hard_hat_workers2665.png	216834	1789680424.3845517760
Voxel51__hard-hat-detection/data/hard_hat_workers2535.png	303099	1789680407.8605050180
Voxel51__hard-hat-detection/data/hard_hat_workers2668.png	289839	1789680424.6405525150
Voxel51__hard-hat-detection/data/hard_hat_workers2537.png	201645	1789680407.9205051830
Voxel51__hard-hat-detection/data/hard_hat_workers2575.png	201927	1789680412.9685192680
Voxel51__hard-hat-detection/data/hard_hat_workers2538.png	173081	1789680408.0045054160
Voxel51__hard-hat-detection/data/hard_hat_workers2669.png	328087	1789680424.8925532430
Voxel51__hard-hat-detection/data/hard_hat_workers254.png	276194	1789680408.1245057490
Voxel51__hard-hat-detection/data/hard_hat_workers2579.png	275265	1789680413.3325202910
Voxel51__hard-hat-detection/data/hard_hat_workers2539.png	226257	1789680408.3245063040
Voxel51__hard-hat-detection/data/hard_hat_workers2666.png	322457	1789680425.1565540070
Voxel51__hard-hat-detection/data/hard_hat_workers2540.png	349321	1789680408.3725064380
Voxel51__hard-hat-detection/data/hard_hat_workers257.png	309914	1789680412.0245166200
Voxel51__hard-hat-detection/data/hard_hat_workers2542.png	309794	1789680408.5365068930
Voxel51__hard-hat-detection/data/hard_hat_workers2570.png	200431	1789680412.1005168330
Voxel51__hard-hat-detection/data/hard_hat_workers2541.png	252934	1789680408.5445069150
Voxel51__hard-hat-detection/data/hard_hat_workers2672.png	357578	1789680425.3085544470
Voxel51__hard-hat-detection/data/hard_hat_workers2543.png	220161	1789680408.6005070710
Voxel51__hard-hat-detection/data/hard_hat_workers2673.png	293420	1789680425.3325545160
Voxel51__hard-hat-detection/data/hard_hat_workers2544.png	348147	1789680408.6885073150
Voxel51__hard-hat-detection/data/hard_hat_workers2674.png	254222	1789680425.5005550020
Voxel51__hard-hat-detection/data/hard_hat_workers2546.png	124667	1789680409.0805084040
Voxel51__hard-hat-detection/data/hard_hat_workers2573.png	152364	1789680412.7725187180
Voxel51__hard-hat-detection/data/hard_hat_workers2545.png	206177	1789680409.0845084150
Voxel51__hard-hat-detection/data/hard_hat_workers267.png	225651	1789680425.5005550020
Voxel51__hard-hat-detection/data/hard_hat_workers2547.png	257185	1789680409.3565091720
Voxel51__hard-hat-detection/data/hard_hat_workers2675.png	205983	1789680425.5485551420
Voxel51__hard-hat-detection/data/hard_hat_workers2548.png	229765	1789680409.3725092170
Voxel51__hard-hat-detection/data/hard_hat_workers2661.png	291331	1789680424.0645508520
Voxel51__hard-hat-detection/data/hard_hat_workers259.png	249825	1789680414.7285242210
Voxel51__hard-hat-detection/data/hard_hat_workers2643.png	320646	1789680421.6165438120
Voxel51__hard-hat-detection/data/hard_hat_workers2591.png	319286	1789680414.7565243010
Voxel51__hard-hat-detection/data/hard_hat_workers2633.png	301875	1789680420.1245395400
Voxel51__hard-hat-detection/data/hard_hat_workers2592.png	261660	1789680415.0245250560
Voxel51__hard-hat-detection/data/hard_hat_workers2644.png	444303	1789680421.7445441790
Voxel51__hard-hat-detection/data/hard_hat_workers2594.png	284090	1789680415.1605254400
Voxel51__hard-hat-detection/data/hard_hat_workers2632.png	222730	1789680420.1245395400
Voxel51__hard-hat-detection/data/hard_hat_workers2593.png	293427	1789680415.1645254510
Voxel51__hard-hat-detection/data/hard_hat_workers2634.png	187038	1789680420.1645396540
Voxel51__hard-hat-detection/data/hard_hat_workers2595.png	260357	1789680415.4405262310
Voxel51__hard-hat-detection/data/hard_hat_workers2648.png	295980	1789680422.0405450280
Voxel51__hard-hat-detection/data/hard_hat_workers2596.png	250344	1789680415.4845263560
Voxel51__hard-hat-detection/data/hard_hat_workers2635.png	281718	1789680420.4685405230
Voxel51__hard-hat-detection/data/hard_hat_workers2597.png	290343	1789680415.7365270680
Voxel51__hard-hat-detection/data/hard_hat_workers265.png	150627	1789680422.4365461650
Voxel51__hard-hat-detection/data/hard_hat_workers26.png	201514	1789680415.8925275080
Voxel51__hard-hat-detection/data/hard_hat_workers2599.png	297669	1789680415.8925275080
Voxel51__hard-hat-detection/data/hard_hat_workers2640.png	396549	1789680421.3165429510
Voxel51__hard-hat-detection/data/hard_hat_workers2636.png	194924	1789680420.6165409470
Voxel51__hard-hat-detection/data/hard_hat_workers2600.png	248596	1789680415.9565276890
Voxel51__hard-hat-detection/data/hard_hat_workers2659.png	303255	1789680423.5845494690
Voxel51__hard-hat-detection/data/hard_hat_workers260.png	201692	1789680415.9605277010
Voxel51__hard-hat-detection/data/hard_hat_workers2646.png	188310	1789680422.1005452000
Voxel51__hard-hat-detection/data/hard_hat_workers2598.png	244141	1789680416.0005278140
Voxel51__hard-hat-detection/data/hard_hat_workers2638.png	271524	1789680420.7685413820
Voxel51__hard-hat-detection/data/hard_hat_workers2601.png	342125	1789680416.1045281080
Voxel51__hard-hat-detection/data/hard_hat_workers2647.png	297797	1789680422.0965451890
Voxel51__hard-hat-detection/data/hard_hat_workers2602.png	324305	1789680416.3005286640
Voxel51__hard-hat-detection/data/hard_hat_workers2637.png	246797	1789680420.9605419310
Voxel51__hard-hat-detection/data/hard_hat_workers2603.png	325037	1789680416.5685294230
Voxel51__hard-hat-detection/data/hard_hat_workers2652.png	278117	1789680422.5725465570
Voxel51__hard-hat-detection/data/hard_hat_workers2604.png	351699	1789680416.6245295810
Voxel51__hard-hat-detection/data/hard_hat_workers2639.png	240560	1789680421.0125420800
Voxel51__hard-hat-detection/data/hard_hat_workers2605.png	263312	1789680416.6925297740
Voxel51__hard-hat-detection/data/hard_hat_workers2649.png	304968	1789680422.4765462810
Voxel51__hard-hat-detection/data/hard_hat_workers2606.png	247617	1789680416.8605302490
Voxel51__hard-hat-detection/data/hard_hat_workers264.png	169700	1789680421.1205423890
Voxel51__hard-hat-detection/data/hard_hat_workers2607.png	235142	1789680417.1005309300
Voxel51__hard-hat-detection/data/hard_hat_workers2654.png	212336	1789680422.9165475450
Voxel51__hard-hat-detection/data/hard_hat_workers2611.png	235276	1789680417.2445313390
Voxel51__hard-hat-detection/data/hard_hat_workers2641.png	129600	1789680421.2005426190
Voxel51__hard-hat-detection/data/hard_hat_workers2608.png	298739	1789680417.2925314750
Voxel51__hard-hat-detection/data/hard_hat_workers2660.png	350174	1789680423.7925500680
Voxel51__hard-hat-detection/data/hard_hat_workers2609.png	272240	1789680417.3485316340
Voxel51__hard-hat-detection/data/hard_hat_workers2653.png	225591	1789680422.7565470850
Voxel51__hard-hat-detection/data/hard_hat_workers2610.png	287893	1789680417.3725317020
Voxel51__hard-hat-detection/data/hard_hat_workers2651.png	306273	1789680422.6405467520
Voxel51__hard-hat-detection/data/hard_hat_workers261.png	197120	1789680417.3805317250
Voxel51__hard-hat-detection/data/hard_hat_workers2642.png	327501	1789680421.5005434790
Voxel51__hard-hat-detection/data/hard_hat_workers2612.png	263771	1789680417.4765319980
Voxel51__hard-hat-detection/data/hard_hat_workers2650.png	275893	1789680422.7565470850
Voxel51__hard-hat-detection/data/hard_hat_workers2613.png	284287	1789680417.7365327360
Voxel51__hard-hat-detection/data/hard_hat_workers2655.png	190267	1789680423.0045477980
Voxel51__hard-hat-detection/data/hard_hat_workers2614.png	228153	1789680417.8805331450
Voxel51__hard-hat-detection/data/hard_hat_workers2645.png	309174	1789680421.8085443620
Voxel51__hard-hat-detection/data/hard_hat_workers2615.png	282045	1789680417.9045332130
Voxel51__hard-hat-detection/data/hard_hat_workers2657.png	271340	1789680423.2485485010
Voxel51__hard-hat-detection/data/hard_hat_workers2617.png	188833	1789680418.0965337580
Voxel51__hard-hat-detection/data/hard_hat_workers2658.png	243575	1789680423.3445487770
Voxel51__hard-hat-detection/data/hard_hat_workers2616.png	236245	1789680418.1005337700
Voxel51__hard-hat-detection/data/hard_hat_workers2747.png	277686	1789680436.1685862670
Voxel51__hard-hat-detection/data/hard_hat_workers2618.png	285791	1789680418.3965346120
Voxel51__hard-hat-detection/data/hard_hat_workers2746.png	198247	1789680436.3725868730
Voxel51__hard-hat-detection/data/hard_hat_workers262.png	209221	1789680418.5405350230
Voxel51__hard-hat-detection/data/hard_hat_workers266.png	267691	1789680423.8445502180
Voxel51__hard-hat-detection/data/hard_hat_workers2620.png	256875	1789680418.6005351930
Voxel51__hard-hat-detection/data/hard_hat_workers2748.png	253402	1789680436.4805871940
Voxel51__hard-hat-detection/data/hard_hat_workers2619.png	287214	1789680418.6045352050
Voxel51__hard-hat-detection/data/hard_hat_workers2749.png	273072	1789680436.6005875500
Voxel51__hard-hat-detection/data/hard_hat_workers2621.png	210623	1789680418.6285352730
Voxel51__hard-hat-detection/data/hard_hat_workers2622.png	211393	1789680418.6285352730
Voxel51__hard-hat-detection/data/hard_hat_workers2656.png	198016	1789680423.0685479830
Voxel51__hard-hat-detection/data/hard_hat_workers2745.png	297434	1789680435.6565847490
Voxel51__hard-hat-detection/data/hard_hat_workers2623.png	226622	1789680418.7365355810
Voxel51__hard-hat-detection/data/hard_hat_workers2750.png	322148	1789680436.6885878110
Voxel51__hard-hat-detection/data/hard_hat_workers2624.png	257185	1789680419.0045363440
Voxel51__hard-hat-detection/data/hard_hat_workers2751.png	286147	1789680436.7565880130
Voxel51__hard-hat-detection/data/hard_hat_workers2625.png	293064	1789680419.3805374160
Voxel51__hard-hat-detection/data/hard_hat_workers275.png	280944	1789680436.8205882030
Voxel51__hard-hat-detection/data/hard_hat_workers2626.png	309253	1789680419.4765376900
Voxel51__hard-hat-detection/data/hard_hat_workers2752.png	287820	1789680436.8845883930
Voxel51__hard-hat-detection/data/hard_hat_workers2627.png	298003	1789680419.4765376900
Voxel51__hard-hat-detection/data/hard_hat_workers2755.png	242890	1789680436.9485885830
Voxel51__hard-hat-detection/data/hard_hat_workers2628.png	310988	1789680419.5685379530
Voxel51__hard-hat-detection/data/hard_hat_workers2753.png	298819	1789680437.0685889390
Voxel51__hard-hat-detection/data/hard_hat_workers2629.png	220811	1789680419.8245386830
Voxel51__hard-hat-detection/data/hard_hat_workers2662.png	209499	1789680423.9685505750
Voxel51__hard-hat-detection/data/hard_hat_workers263.png	191575	1789680419.8285386950
Voxel51__hard-hat-detection/data/hard_hat_workers2754.png	259623	1789680437.1485891770
Voxel51__hard-hat-detection/data/hard_hat_workers2630.png	244841	1789680420.0165392310
Voxel51__hard-hat-detection/data/hard_hat_workers2631.png	258387	1789680420.0165392310
Voxel51__hard-hat-detection/data/hard_hat_workers2676.png	277106	1789680425.9325562530
Voxel51__hard-hat-detection/data/hard_hat_workers2716.png	296820	1789680431.8205734310
Voxel51__hard-hat-detection/data/hard_hat_workers2677.png	313262	1789680426.0645566350
Voxel51__hard-hat-detection/data/hard_hat_workers2726.png	243472	1789680433.3965780700
Voxel51__hard-hat-detection/data/hard_hat_workers2671.png	161125	1789680426.2205570880
Voxel51__hard-hat-detection/data/hard_hat_workers2715.png	288721	1789680431.8445735010
Voxel51__hard-hat-detection/data/hard_hat_workers2678.png	344953	1789680426.2445571570
Voxel51__hard-hat-detection/data/hard_hat_workers2727.png	224301	1789680433.6405787890
Voxel51__hard-hat-detection/data/hard_hat_workers2670.png	292644	1789680426.4765578310
Voxel51__hard-hat-detection/data/hard_hat_workers2718.png	284553	1789680432.3325749370
Voxel51__hard-hat-detection/data/hard_hat_workers2679.png	248584	1789680426.5205579590
Voxel51__hard-hat-detection/data/hard_hat_workers2729.png	191861	1789680433.7405790840
Voxel51__hard-hat-detection/data/hard_hat_workers2667.png	254263	1789680426.7005584800
Voxel51__hard-hat-detection/data/hard_hat_workers2741.png	322311	1789680435.3165837420
Voxel51__hard-hat-detection/data/hard_hat_workers268.png	283856	1789680426.8125588050
Voxel51__hard-hat-detection/data/hard_hat_workers272.png	218984	1789680432.3485749840
Voxel51__hard-hat-detection/data/hard_hat_workers2682.png	299958	1789680426.8325588640
Voxel51__hard-hat-detection/data/hard_hat_workers2732.png	295499	1789680433.9445796850
Voxel51__hard-hat-detection/data/hard_hat_workers2681.png	302312	1789680426.8525589210
Voxel51__hard-hat-detection/data/hard_hat_workers2720.png	219448	1789680432.3485749840
Voxel51__hard-hat-detection/data/hard_hat_workers2683.png	234725	1789680427.1885598980
Voxel51__hard-hat-detection/data/hard_hat_workers273.png	292062	1789680433.7765791900
Voxel51__hard-hat-detection/data/hard_hat_workers2684.png	294167	1789680427.3365603280
Voxel51__hard-hat-detection/data/hard_hat_workers2717.png	252384	1789680432.4005751370
Voxel51__hard-hat-detection/data/hard_hat_workers2685.png	211355	1789680427.3525603740
Voxel51__hard-hat-detection/data/hard_hat_workers2728.png	294067	1789680433.7805792020
Voxel51__hard-hat-detection/data/hard_hat_workers2680.png	378543	1789680427.4565606770
Voxel51__hard-hat-detection/data/hard_hat_workers2719.png	293422	1789680432.4725753490
Voxel51__hard-hat-detection/data/hard_hat_workers2687.png	331363	1789680427.7805616190
Voxel51__hard-hat-detection/data/hard_hat_workers2740.png	324711	1789680435.2445835290
Voxel51__hard-hat-detection/data/hard_hat_workers2686.png	246631	1789680427.7845616310
Voxel51__hard-hat-detection/data/hard_hat_workers2723.png	363775	1789680432.5645756190
Voxel51__hard-hat-detection/data/hard_hat_workers269.png	290455	1789680428.0125622940
Voxel51__hard-hat-detection/data/hard_hat_workers2734.png	229408	1789680434.1085801700
Voxel51__hard-hat-detection/data/hard_hat_workers2689.png	255572	1789680428.0645624460
Voxel51__hard-hat-detection/data/hard_hat_workers274.png	262401	1789680435.4205840510
Voxel51__hard-hat-detection/data/hard_hat_workers2688.png	258595	1789680428.0925625280
Voxel51__hard-hat-detection/data/hard_hat_workers2744.png	320683	1789680435.4485841330
Voxel51__hard-hat-detection/data/hard_hat_workers2692.png	283109	1789680428.1485626900
Voxel51__hard-hat-detection/data/hard_hat_workers2722.png	324208	1789680432.5925757020
Voxel51__hard-hat-detection/data/hard_hat_workers2690.png	295100	1789680428.3325632270
Voxel51__hard-hat-detection/data/hard_hat_workers2731.png	241475	1789680434.0165798980
Voxel51__hard-hat-detection/data/hard_hat_workers2691.png	330320	1789680428.4845636700
Voxel51__hard-hat-detection/data/hard_hat_workers2721.png	226239	1789680432.6365758310
Voxel51__hard-hat-detection/data/hard_hat_workers2693.png	279590	1789680428.7685644980
Voxel51__hard-hat-detection/data/hard_hat_workers2735.png	148690	1789680434.1645803350
Voxel51__hard-hat-detection/data/hard_hat_workers2694.png	263159	1789680428.8165646380
Voxel51__hard-hat-detection/data/hard_hat_workers2714.png	296658	1789680432.6365758310
Voxel51__hard-hat-detection/data/hard_hat_workers2696.png	311123	1789680428.8805648240
Voxel51__hard-hat-detection/data/hard_hat_workers2733.png	281646	1789680434.1485802880
Voxel51__hard-hat-detection/data/hard_hat_workers2697.png	234939	1789680429.2925660270
Voxel51__hard-hat-detection/data/hard_hat_workers2724.png	252503	1789680432.8645765020
Voxel51__hard-hat-detection/data/hard_hat_workers2699.png	149992	1789680429.3285661320
Voxel51__hard-hat-detection/data/hard_hat_workers2725.png	207907	1789680433.0765771260
Voxel51__hard-hat-detection/data/hard_hat_workers2698.png	294438	1789680429.4005663430
Voxel51__hard-hat-detection/data/hard_hat_workers2730.png	296780	1789680435.1885833630
Voxel51__hard-hat-detection/data/hard_hat_workers2695.png	288879	1789680429.4605665180
Voxel51__hard-hat-detection/data/hard_hat_workers2738.png	286910	1789680434.9005825110
Voxel51__hard-hat-detection/data/hard_hat_workers2700.png	398141	1789680429.5045666460
Voxel51__hard-hat-detection/data/hard_hat_workers2743.png	308490	1789680435.4685841930
Voxel51__hard-hat-detection/data/hard_hat_workers27.png	256317	1789680429.6005669270
Voxel51__hard-hat-detection/data/hard_hat_workers2736.png	347899	1789680435.0845830550
Voxel51__hard-hat-detection/data/hard_hat_workers270.png	268124	1789680429.6085669500
Voxel51__hard-hat-detection/data/hard_hat_workers2828.png	232106	1789680447.2446195330
Voxel51__hard-hat-detection/data/hard_hat_workers2701.png	280783	1789680429.6645671140
Voxel51__hard-hat-detection/data/hard_hat_workers2829.png	220326	1789680447.2606195830
Voxel51__hard-hat-detection/data/hard_hat_workers2702.png	264841	1789680429.8165675580
Voxel51__hard-hat-detection/data/hard_hat_workers2739.png	300787	1789680435.2885836590
Voxel51__hard-hat-detection/data/hard_hat_workers2703.png	363214	1789680430.1205684470
Voxel51__hard-hat-detection/data/hard_hat_workers2832.png	243956	1789680447.3766199350
Voxel51__hard-hat-detection/data/hard_hat_workers2705.png	193340	1789680430.2245687520
Voxel51__hard-hat-detection/data/hard_hat_workers2830.png	285264	1789680447.4806202510
Voxel51__hard-hat-detection/data/hard_hat_workers2704.png	262950	1789680430.3885692320
Voxel51__hard-hat-detection/data/hard_hat_workers2831.png	197765	1789680447.6086206400
Voxel51__hard-hat-detection/data/hard_hat_workers2710.png	201199	1789680430.8725706490
Voxel51__hard-hat-detection/data/hard_hat_workers2834.png	255686	1789680447.7966212120
Voxel51__hard-hat-detection/data/hard_hat_workers271.png	234532	1789680430.9125707660
Voxel51__hard-hat-detection/data/hard_hat_workers2737.png	267854	1789680434.8165822620
Voxel51__hard-hat-detection/data/hard_hat_workers2706.png	343593	1789680430.9605709070
Voxel51__hard-hat-detection/data/hard_hat_workers2835.png	293617	1789680447.8686214310
Voxel51__hard-hat-detection/data/hard_hat_workers2708.png	174557	1789680430.9805709660
Voxel51__hard-hat-detection/data/hard_hat_workers2742.png	274527	1789680435.5085843110
Voxel51__hard-hat-detection/data/hard_hat_workers2709.png	206328	1789680431.0085710470
Voxel51__hard-hat-detection/data/hard_hat_workers2836.png	158801	1789680447.8766214560
Voxel51__hard-hat-detection/data/hard_hat_workers2707.png	305876	1789680431.0125710590
Voxel51__hard-hat-detection/data/hard_hat_workers2833.png	339526	1789680448.0046218450
Voxel51__hard-hat-detection/data/hard_hat_workers2711.png	333647	1789680431.0245710940
Voxel51__hard-hat-detection/data/hard_hat_workers2837.png	299180	1789680448.0686220400
Voxel51__hard-hat-detection/data/hard_hat_workers2712.png	200522	1789680431.1285714000
Voxel51__hard-hat-detection/data/hard_hat_workers2839.png	233425	1789680448.4806232960
Voxel51__hard-hat-detection/data/hard_hat_workers2713.png	274361	1789680431.5125725270
Voxel51__hard-hat-detection/data/hard_hat_workers283.png	146710	1789680447.1286191800
Voxel51__hard-hat-detection/data/hard_hat_workers2756.png	269378	1789680437.1885892960
Voxel51__hard-hat-detection/data/hard_hat_workers2797.png	215386	1789680443.0566068590
Voxel51__hard-hat-detection/data/hard_hat_workers2759.png	193128	1789680437.7085908440
Voxel51__hard-hat-detection/data/hard_hat_workers2800.png	309408	1789680444.3566107820
Voxel51__hard-hat-detection/data/hard_hat_workers2757.png	284135	1789680437.7445909510
Voxel51__hard-hat-detection/data/hard_hat_workers2798.png	206095	1789680443.0686068950
Voxel51__hard-hat-detection/data/hard_hat_workers2758.png	294058	1789680437.7445909510
Voxel51__hard-hat-detection/data/hard_hat_workers2824.png	351182	1789680446.5446174070
Voxel51__hard-hat-detection/data/hard_hat_workers2760.png	194625	1789680438.0805919520
Voxel51__hard-hat-detection/data/hard_hat_workers281.png	317608	1789680444.6166115670
Voxel51__hard-hat-detection/data/hard_hat_workers276.png	261266	1789680438.0965919990
Voxel51__hard-hat-detection/data/hard_hat_workers2799.png	300013	1789680443.1166070400
Voxel51__hard-hat-detection/data/hard_hat_workers2763.png	257038	1789680438.2685925120
Voxel51__hard-hat-detection/data/hard_hat_workers2807.png	245232	1789680444.6566116880
Voxel51__hard-hat-detection/data/hard_hat_workers2762.png	231956	1789680438.3325927030
Voxel51__hard-hat-detection/data/hard_hat_workers280.png	279740	1789680443.4166079450
Voxel51__hard-hat-detection/data/hard_hat_workers2761.png	281164	1789680438.3485927500
Voxel51__hard-hat-detection/data/hard_hat_workers2811.png	187521	1789680445.0406128490
Voxel51__hard-hat-detection/data/hard_hat_workers2764.png	276292	1789680438.4205929650
Voxel51__hard-hat-detection/data/hard_hat_workers2804.png	149564	1789680443.7526089580
Voxel51__hard-hat-detection/data/hard_hat_workers2767.png	339656	1789680438.5485933470
Voxel51__hard-hat-detection/data/hard_hat_workers2812.png	269020	1789680445.2046133450
Voxel51__hard-hat-detection/data/hard_hat_workers2765.png	265498	1789680438.5965934900
Voxel51__hard-hat-detection/data/hard_hat_workers2802.png	291756	1789680443.7646089940
Voxel51__hard-hat-detection/data/hard_hat_workers2766.png	233205	1789680438.7485939430
Voxel51__hard-hat-detection/data/hard_hat_workers2814.png	288788	1789680445.2246134060
Voxel51__hard-hat-detection/data/hard_hat_workers2769.png	309170	1789680439.0645948870
Voxel51__hard-hat-detection/data/hard_hat_workers2801.png	323376	1789680443.8726093200
Voxel51__hard-hat-detection/data/hard_hat_workers2768.png	259241	1789680439.1445951260
Voxel51__hard-hat-detection/data/hard_hat_workers2822.png	293127	1789680446.5526174310
Voxel51__hard-hat-detection/data/hard_hat_workers277.png	226160	1789680439.3485957350
Voxel51__hard-hat-detection/data/hard_hat_workers2819.png	293492	1789680445.6886148110
Voxel51__hard-hat-detection/data/hard_hat_workers2770.png	258729	1789680439.5365962970
Voxel51__hard-hat-detection/data/hard_hat_workers2803.png	267982	1789680443.9446095370
Voxel51__hard-hat-detection/data/hard_hat_workers2771.png	305683	1789680439.5725964050
Voxel51__hard-hat-detection/data/hard_hat_workers2815.png	305874	1789680445.3366137450
Voxel51__hard-hat-detection/data/hard_hat_workers2772.png	279839	1789680439.7485969310
Voxel51__hard-hat-detection/data/hard_hat_workers2806.png	206634	1789680444.0686099110
Voxel51__hard-hat-detection/data/hard_hat_workers2774.png	276360	1789680439.8165971340
Voxel51__hard-hat-detection/data/hard_hat_workers2816.png	232710	1789680445.4046139510
Voxel51__hard-hat-detection/data/hard_hat_workers2776.png	341068	1789680439.8725973010
Voxel51__hard-hat-detection/data/hard_hat_workers2805.png	288045	1789680444.1166100560
Voxel51__hard-hat-detection/data/hard_hat_workers2775.png	205372	1789680440.0645978760
Voxel51__hard-hat-detection/data/hard_hat_workers2813.png	251050	1789680445.4726141580
Voxel51__hard-hat-detection/data/hard_hat_workers2777.png	306355	1789680440.0925979600
Voxel51__hard-hat-detection/data/hard_hat_workers2808.png	254017	1789680444.3006106130
Voxel51__hard-hat-detection/data/hard_hat_workers2778.png	232090	1789680440.2525984390
Voxel51__hard-hat-detection/data/hard_hat_workers2820.png	240024	1789680446.1046160720
Voxel51__hard-hat-detection/data/hard_hat_workers2779.png	249229	1789680440.4165989300
Voxel51__hard-hat-detection/data/hard_hat_workers282.png	325033	1789680445.9246155260
Voxel51__hard-hat-detection/data/hard_hat_workers278.png	324513	1789680440.4325989780
Voxel51__hard-hat-detection/data/hard_hat_workers2825.png	280236	1789680446.6206176380
Voxel51__hard-hat-detection/data/hard_hat_workers2780.png	218906	1789680440.8246001520
Voxel51__hard-hat-detection/data/hard_hat_workers2809.png	275050	1789680444.4286109990
Voxel51__hard-hat-detection/data/hard_hat_workers2781.png	338867	1789680440.9206004400
Voxel51__hard-hat-detection/data/hard_hat_workers2818.png	184258	1789680445.8406152720
Voxel51__hard-hat-detection/data/hard_hat_workers2782.png	241526	1789680440.9966006670
Voxel51__hard-hat-detection/data/hard_hat_workers2817.png	203305	1789680445.9846157080
Voxel51__hard-hat-detection/data/hard_hat_workers2783.png	273977	1789680441.0286007630
Voxel51__hard-hat-detection/data/hard_hat_workers2810.png	309202	1789680444.7566119910
Voxel51__hard-hat-detection/data/hard_hat_workers2784.png	283382	1789680441.1486011240
Voxel51__hard-hat-detection/data/hard_hat_workers2823.png	267913	1789680446.4806172130
Voxel51__hard-hat-detection/data/hard_hat_workers2785.png	338945	1789680441.2606014600
Voxel51__hard-hat-detection/data/hard_hat_workers2908.png	288705	1789680458.0566527820
Voxel51__hard-hat-detection/data/hard_hat_workers2773.png	223700	1789680441.3206016400
Voxel51__hard-hat-detection/data/hard_hat_workers2912.png	238153	1789680458.1646531180
Voxel51__hard-hat-detection/data/hard_hat_workers2788.png	250038	1789680441.5846024330
Voxel51__hard-hat-detection/data/hard_hat_workers2914.png	255676	1789680458.3766537780
Voxel51__hard-hat-detection/data/hard_hat_workers2787.png	199502	1789680441.5846024330
Voxel51__hard-hat-detection/data/hard_hat_workers2913.png	353694	1789680458.3886538150
Voxel51__hard-hat-detection/data/hard_hat_workers2786.png	289113	1789680441.5926024570
Voxel51__hard-hat-detection/data/hard_hat_workers2916.png	231936	1789680458.5766544010
Voxel51__hard-hat-detection/data/hard_hat_workers2789.png	325210	1789680441.6966027690
Voxel51__hard-hat-detection/data/hard_hat_workers2827.png	184656	1789680446.7766181120
Voxel51__hard-hat-detection/data/hard_hat_workers279.png	245971	1789680441.8846033330
Voxel51__hard-hat-detection/data/hard_hat_workers2826.png	312381	1789680446.9366185980
Voxel51__hard-hat-detection/data/hard_hat_workers2790.png	208625	1789680442.1166040300
Voxel51__hard-hat-detection/data/hard_hat_workers2917.png	314504	1789680458.6126545120
Voxel51__hard-hat-detection/data/hard_hat_workers2791.png	246195	1789680442.2686044880
Voxel51__hard-hat-detection/data/hard_hat_workers2915.png	280421	1789680458.8886553720
Voxel51__hard-hat-detection/data/hard_hat_workers2792.png	261666	1789680442.2766045120
Voxel51__hard-hat-detection/data/hard_hat_workers2918.png	327912	1789680458.9086554340
Voxel51__hard-hat-detection/data/hard_hat_workers2793.png	297611	1789680442.4726051020
Voxel51__hard-hat-detection/data/hard_hat_workers2919.png	199650	1789680459.2646565440
Voxel51__hard-hat-detection/data/hard_hat_workers2794.png	306091	1789680442.5966054750
Voxel51__hard-hat-detection/data/hard_hat_workers2920.png	241536	1789680459.3766568930
Voxel51__hard-hat-detection/data/hard_hat_workers2795.png	282876	1789680442.7046058000
Voxel51__hard-hat-detection/data/hard_hat_workers2821.png	322306	1789680446.1646162540
Voxel51__hard-hat-detection/data/hard_hat_workers2796.png	228037	1789680442.8286061730
Voxel51__hard-hat-detection/data/hard_hat_workers2922.png	208451	1789680459.4006569680
Voxel51__hard-hat-detection/data/hard_hat_workers28.png	236564	1789680442.9726066060
Voxel51__hard-hat-detection/data/hard_hat_workers291.png	276075	1789680458.0126526450
Voxel51__hard-hat-detection/data/hard_hat_workers284.png	240380	1789680448.6166237100
Voxel51__hard-hat-detection/data/hard_hat_workers2906.png	271890	1789680457.3046504450
Voxel51__hard-hat-detection/data/hard_hat_workers2841.png	274151	1789680448.6206237230
Voxel51__hard-hat-detection/data/hard_hat_workers2882.png	184656	1789680454.1206405900
Voxel51__hard-hat-detection/data/hard_hat_workers2838.png	258720	1789680448.6246237350
Voxel51__hard-hat-detection/data/hard_hat_workers2893.png	290358	1789680455.5766450900
Voxel51__hard-hat-detection/data/hard_hat_workers2840.png	295000	1789680448.6806239060
Voxel51__hard-hat-detection/data/hard_hat_workers2881.png	333293	1789680454.3606413320
Voxel51__hard-hat-detection/data/hard_hat_workers2844.png	254201	1789680449.1206252480
Voxel51__hard-hat-detection/data/hard_hat_workers2894.png	289647	1789680455.7726456950
Voxel51__hard-hat-detection/data/hard_hat_workers2842.png	306226	1789680449.1726254070
Voxel51__hard-hat-detection/data/hard_hat_workers2883.png	246111	1789680454.3726413680
Voxel51__hard-hat-detection/data/hard_hat_workers2843.png	211589	1789680449.2006254920
Voxel51__hard-hat-detection/data/hard_hat_workers2892.png	274313	1789680455.6086451890
Voxel51__hard-hat-detection/data/hard_hat_workers2846.png	189920	1789680449.3006257970
Voxel51__hard-hat-detection/data/hard_hat_workers2884.png	331622	1789680454.4566416280
Voxel51__hard-hat-detection/data/hard_hat_workers2845.png	221401	1789680449.3686260050
Voxel51__hard-hat-detection/data/hard_hat_workers2895.png	205549	1789680455.8806460300
Voxel51__hard-hat-detection/data/hard_hat_workers2847.png	320746	1789680449.4886263720
Voxel51__hard-hat-detection/data/hard_hat_workers2885.png	313148	1789680454.4846417150
Voxel51__hard-hat-detection/data/hard_hat_workers2848.png	276008	1789680449.4966263960
Voxel51__hard-hat-detection/data/hard_hat_workers2896.png	220927	1789680455.9406462160
Voxel51__hard-hat-detection/data/hard_hat_workers2849.png	221689	1789680449.7886272880
Voxel51__hard-hat-detection/data/hard_hat_workers2907.png	192070	1789680457.4686509550
Voxel51__hard-hat-detection/data/hard_hat_workers2851.png	202561	1789680449.9526277890
Voxel51__hard-hat-detection/data/hard_hat_workers2886.png	238686	1789680454.6286421590
Voxel51__hard-hat-detection/data/hard_hat_workers2850.png	317647	1789680450.0446280710
Voxel51__hard-hat-detection/data/hard_hat_workers2897.png	258923	1789680456.2126470590
Voxel51__hard-hat-detection/data/hard_hat_workers285.png	277325	1789680450.0646281320
Voxel51__hard-hat-detection/data/hard_hat_workers2887.png	274264	1789680454.7326424800
Voxel51__hard-hat-detection/data/hard_hat_workers2852.png	227845	1789680450.1566284130
Voxel51__hard-hat-detection/data/hard_hat_workers29.png	250455	1789680456.5166480010
Voxel51__hard-hat-detection/data/hard_hat_workers2854.png	264464	1789680450.6006297720
Voxel51__hard-hat-detection/data/hard_hat_workers2880.png	303936	1789680454.9966432950
Voxel51__hard-hat-detection/data/hard_hat_workers2853.png	280724	1789680450.6406298950
Voxel51__hard-hat-detection/data/hard_hat_workers2899.png	279749	1789680456.5406480750
Voxel51__hard-hat-detection/data/hard_hat_workers2858.png	139999	1789680450.6926300540
Voxel51__hard-hat-detection/data/hard_hat_workers2889.png	185935	1789680455.1006436170
Voxel51__hard-hat-detection/data/hard_hat_workers2857.png	160386	1789680450.7206301400
Voxel51__hard-hat-detection/data/hard_hat_workers290.png	304358	1789680456.5806481990
Voxel51__hard-hat-detection/data/hard_hat_workers2856.png	272647	1789680450.7486302260
Voxel51__hard-hat-detection/data/hard_hat_workers2888.png	280654	1789680455.1806438640
Voxel51__hard-hat-detection/data/hard_hat_workers2855.png	314024	1789680450.8086304100
Voxel51__hard-hat-detection/data/hard_hat_workers2898.png	314927	1789680456.5246480250
Voxel51__hard-hat-detection/data/hard_hat_workers2859.png	280655	1789680450.9006306910
Voxel51__hard-hat-detection/data/hard_hat_workers2909.png	272334	1789680457.8326520860
Voxel51__hard-hat-detection/data/hard_hat_workers286.png	291853	1789680451.1366314150
Voxel51__hard-hat-detection/data/hard_hat_workers2890.png	334201	1789680455.2126439630
Voxel51__hard-hat-detection/data/hard_hat_workers2861.png	250454	1789680451.4206322860
Voxel51__hard-hat-detection/data/hard_hat_workers289.png	286592	1789680455.2926442110
Voxel51__hard-hat-detection/data/hard_hat_workers2863.png	217623	1789680451.4806324700
Voxel51__hard-hat-detection/data/hard_hat_workers2901.png	266900	1789680456.8406490050
Voxel51__hard-hat-detection/data/hard_hat_workers2862.png	305647	1789680451.6326329370
Voxel51__hard-hat-detection/data/hard_hat_workers2891.png	275400	1789680455.4366446560
Voxel51__hard-hat-detection/data/hard_hat_workers2860.png	238647	1789680451.7126331820
Voxel51__hard-hat-detection/data/hard_hat_workers2902.png	241737	1789680457.0606496870
Voxel51__hard-hat-detection/data/hard_hat_workers2864.png	203954	1789680451.8486335990
Voxel51__hard-hat-detection/data/hard_hat_workers2904.png	246597	1789680457.0806497500
Voxel51__hard-hat-detection/data/hard_hat_workers2867.png	208493	1789680452.0006340650
Voxel51__hard-hat-detection/data/hard_hat_workers2905.png	292185	1789680457.2326502220
Voxel51__hard-hat-detection/data/hard_hat_workers2866.png	246005	1789680452.0126341020
Voxel51__hard-hat-detection/data/hard_hat_workers2903.png	232070	1789680457.0966497990
Voxel51__hard-hat-detection/data/hard_hat_workers2865.png	213638	1789680452.1006343730
Voxel51__hard-hat-detection/data/hard_hat_workers2995.png	203670	1789680469.2246879120
Voxel51__hard-hat-detection/data/hard_hat_workers287.png	290403	1789680452.2086347050
Voxel51__hard-hat-detection/data/hard_hat_workers2994.png	196936	1789680469.2446879760
Voxel51__hard-hat-detection/data/hard_hat_workers2868.png	316833	1789680452.2726349020
Voxel51__hard-hat-detection/data/hard_hat_workers2910.png	274436	1789680457.9086523220
Voxel51__hard-hat-detection/data/hard_hat_workers2870.png	219237	1789680452.4526354550
Voxel51__hard-hat-detection/data/hard_hat_workers2996.png	282504	1789680469.2886881160
Voxel51__hard-hat-detection/data/hard_hat_workers2869.png	352594	1789680452.4726355160
Voxel51__hard-hat-detection/data/hard_hat_workers2999.png	162259	1789680469.3486883070
Voxel51__hard-hat-detection/data/hard_hat_workers2871.png	266920	1789680452.6766361440
Voxel51__hard-hat-detection/data/hard_hat_workers2998.png	364687	1789680469.4126885110
Voxel51__hard-hat-detection/data/hard_hat_workers2874.png	257611	1789680453.0006371400
Voxel51__hard-hat-detection/data/hard_hat_workers3.png	303830	1789680469.7846896940
Voxel51__hard-hat-detection/data/hard_hat_workers2872.png	238327	1789680453.1006374480
Voxel51__hard-hat-detection/data/hard_hat_workers2900.png	174163	1789680456.7006485710
Voxel51__hard-hat-detection/data/hard_hat_workers2873.png	223160	1789680453.1566376200
Voxel51__hard-hat-detection/data/hard_hat_workers300.png	246632	1789680470.0566905610
Voxel51__hard-hat-detection/data/hard_hat_workers2876.png	293622	1789680453.3246381380
Voxel51__hard-hat-detection/data/hard_hat_workers30.png	207086	1789680470.2046910330
Voxel51__hard-hat-detection/data/hard_hat_workers2875.png	209888	1789680453.4046383840
Voxel51__hard-hat-detection/data/hard_hat_workers3000.png	309685	1789680470.4006916580
Voxel51__hard-hat-detection/data/hard_hat_workers2877.png	323595	1789680453.5766389140
Voxel51__hard-hat-detection/data/hard_hat_workers3003.png	244804	1789680470.5366920920
Voxel51__hard-hat-detection/data/hard_hat_workers2879.png	263508	1789680453.6006389880
Voxel51__hard-hat-detection/data/hard_hat_workers3001.png	246394	1789680470.5366920920
Voxel51__hard-hat-detection/data/hard_hat_workers288.png	325299	1789680453.7366394070
Voxel51__hard-hat-detection/data/hard_hat_workers2911.png	180593	1789680458.0006526080
Voxel51__hard-hat-detection/data/hard_hat_workers2878.png	361880	1789680453.8166396540
Voxel51__hard-hat-detection/data/hard_hat_workers2993.png	310440	1789680469.1366876320
Voxel51__hard-hat-detection/data/hard_hat_workers292.png	296480	1789680459.4446571050
Voxel51__hard-hat-detection/data/hard_hat_workers2965.png	265437	1789680464.8606740900
Voxel51__hard-hat-detection/data/hard_hat_workers2921.png	352160	1789680459.6646577920
Voxel51__hard-hat-detection/data/hard_hat_workers2977.png	228510	1789680466.4606791450
Voxel51__hard-hat-detection/data/hard_hat_workers2925.png	268279	1789680459.8206582780
Voxel51__hard-hat-detection/data/hard_hat_workers2962.png	243714	1789680464.9166742670
Voxel51__hard-hat-detection/data/hard_hat_workers2924.png	283191	1789680459.8406583410
Voxel51__hard-hat-detection/data/hard_hat_workers2973.png	237148	1789680466.2726785500
Voxel51__hard-hat-detection/data/hard_hat_workers2926.png	239992	1789680460.0166588900
Voxel51__hard-hat-detection/data/hard_hat_workers2964.png	209255	1789680464.9926745070
Voxel51__hard-hat-detection/data/hard_hat_workers2927.png	268623	1789680460.1766593900
Voxel51__hard-hat-detection/data/hard_hat_workers2978.png	166684	1789680466.9566807140
Voxel51__hard-hat-detection/data/hard_hat_workers2929.png	238957	1789680460.3326598770
Voxel51__hard-hat-detection/data/hard_hat_workers2966.png	235851	1789680465.1886751250
Voxel51__hard-hat-detection/data/hard_hat_workers2928.png	273107	1789680460.3566599520
Voxel51__hard-hat-detection/data/hard_hat_workers2976.png	218280	1789680466.4806792080
Voxel51__hard-hat-detection/data/hard_hat_workers2930.png	221355	1789680460.6046607280
Voxel51__hard-hat-detection/data/hard_hat_workers299.png	283770	1789680468.7006862460
Voxel51__hard-hat-detection/data/hard_hat_workers2923.png	294009	1789680460.6526608780
Voxel51__hard-hat-detection/data/hard_hat_workers2967.png	252886	1789680465.6846766910
Voxel51__hard-hat-detection/data/hard_hat_workers2931.png	189706	1789680460.6566608900
Voxel51__hard-hat-detection/data/hard_hat_workers2979.png	263023	1789680467.1726813980
Voxel51__hard-hat-detection/data/hard_hat_workers293.png	293870	1789680460.7606612150
Voxel51__hard-hat-detection/data/hard_hat_workers2968.png	213525	1789680465.7206768050
Voxel51__hard-hat-detection/data/hard_hat_workers2932.png	277826	1789680460.7846612900
Voxel51__hard-hat-detection/data/hard_hat_workers2980.png	247895	1789680467.4126821590
Voxel51__hard-hat-detection/data/hard_hat_workers2933.png	315674	1789680460.9646618530
Voxel51__hard-hat-detection/data/hard_hat_workers297.png	306003	1789680466.0246777650
Voxel51__hard-hat-detection/data/hard_hat_workers2934.png	315114	1789680461.1526624410
Voxel51__hard-hat-detection/data/hard_hat_workers2981.png	237887	1789680467.5326825390
Voxel51__hard-hat-detection/data/hard_hat_workers2935.png	235082	1789680461.3606630930
Voxel51__hard-hat-detection/data/hard_hat_workers2970.png	292941	1789680466.0766779300
Voxel51__hard-hat-detection/data/hard_hat_workers2936.png	225475	1789680461.3886631800
Voxel51__hard-hat-detection/data/hard_hat_workers298.png	292211	1789680467.5126824760
Voxel51__hard-hat-detection/data/hard_hat_workers2939.png	222141	1789680461.6166638950
Voxel51__hard-hat-detection/data/hard_hat_workers2969.png	275147	1789680466.0846779550
Voxel51__hard-hat-detection/data/hard_hat_workers2938.png	298941	1789680461.6166638950
Voxel51__hard-hat-detection/data/hard_hat_workers2982.png	211412	1789680467.6446828950
Voxel51__hard-hat-detection/data/hard_hat_workers2937.png	323796	1789680461.6366639570
Voxel51__hard-hat-detection/data/hard_hat_workers2992.png	303318	1789680468.9966871870
Voxel51__hard-hat-detection/data/hard_hat_workers2940.png	255163	1789680462.0166651470
Voxel51__hard-hat-detection/data/hard_hat_workers2972.png	283048	1789680466.1406781320
Voxel51__hard-hat-detection/data/hard_hat_workers294.png	280834	1789680462.0566652730
Voxel51__hard-hat-detection/data/hard_hat_workers2983.png	317991	1789680467.6686829710
Voxel51__hard-hat-detection/data/hard_hat_workers2941.png	329785	1789680462.0726653240
Voxel51__hard-hat-detection/data/hard_hat_workers2971.png	229282	1789680466.1406781320
Voxel51__hard-hat-detection/data/hard_hat_workers2943.png	288586	1789680462.0926653860
Voxel51__hard-hat-detection/data/hard_hat_workers2985.png	246765	1789680467.7686832870
Voxel51__hard-hat-detection/data/hard_hat_workers2942.png	273917	1789680462.2886660010
Voxel51__hard-hat-detection/data/hard_hat_workers2975.png	321492	1789680466.2246783980
Voxel51__hard-hat-detection/data/hard_hat_workers2944.png	249581	1789680462.4246664280
Voxel51__hard-hat-detection/data/hard_hat_workers2986.png	302402	1789680467.8486835410
Voxel51__hard-hat-detection/data/hard_hat_workers2945.png	323503	1789680462.7046673070
Voxel51__hard-hat-detection/data/hard_hat_workers2974.png	210900	1789680466.4446790940
Voxel51__hard-hat-detection/data/hard_hat_workers2947.png	321875	1789680462.8766678470
Voxel51__hard-hat-detection/data/hard_hat_workers2987.png	219872	1789680467.9166837570
Voxel51__hard-hat-detection/data/hard_hat_workers2946.png	296699	1789680462.9766681610
Voxel51__hard-hat-detection/data/hard_hat_workers2989.png	316958	1789680468.4766855350
Voxel51__hard-hat-detection/data/hard_hat_workers2949.png	300874	1789680463.1326686510
Voxel51__hard-hat-detection/data/hard_hat_workers2984.png	215960	1789680467.8206834520
Voxel51__hard-hat-detection/data/hard_hat_workers2948.png	226879	1789680463.1406686760
Voxel51__hard-hat-detection/data/hard_hat_workers2991.png	262839	1789680469.0966875050
Voxel51__hard-hat-detection/data/hard_hat_workers295.png	240064	1789680463.1566687260
Voxel51__hard-hat-detection/data/hard_hat_workers2990.png	257868	1789680468.6886862080
Voxel51__hard-hat-detection/data/hard_hat_workers2951.png	359731	1789680463.3526693430
Voxel51__hard-hat-detection/data/hard_hat_workers3077.png	239144	1789680480.2127232400
Voxel51__hard-hat-detection/data/hard_hat_workers2952.png	366309	1789680463.3686693930
Voxel51__hard-hat-detection/data/hard_hat_workers3078.png	254872	1789680480.3927238250
Voxel51__hard-hat-detection/data/hard_hat_workers2950.png	274328	1789680463.4806697460
Voxel51__hard-hat-detection/data/hard_hat_workers308.png	260503	1789680480.5407243060
Voxel51__hard-hat-detection/data/hard_hat_workers2953.png	181113	1789680463.5366699220
Voxel51__hard-hat-detection/data/hard_hat_workers3079.png	286657	1789680480.5487243320
Voxel51__hard-hat-detection/data/hard_hat_workers2954.png	234289	1789680463.5966701100
Voxel51__hard-hat-detection/data/hard_hat_workers3081.png	201835	1789680480.5607243720
Voxel51__hard-hat-detection/data/hard_hat_workers2955.png	242716	1789680463.7646706390
Voxel51__hard-hat-detection/data/hard_hat_workers3082.png	299267	1789680480.5727244100
Voxel51__hard-hat-detection/data/hard_hat_workers2956.png	302703	1789680464.2206720740
Voxel51__hard-hat-detection/data/hard_hat_workers2988.png	349400	1789680467.7766833130
Voxel51__hard-hat-detection/data/hard_hat_workers2957.png	192079	1789680464.3566725020
Voxel51__hard-hat-detection/data/hard_hat_workers3080.png	308190	1789680480.5807244360
Voxel51__hard-hat-detection/data/hard_hat_workers2959.png	185058	1789680464.5046729690
Voxel51__hard-hat-detection/data/hard_hat_workers3085.png	228798	1789680480.7207248920
Voxel51__hard-hat-detection/data/hard_hat_workers2958.png	326652	1789680464.5406730820
Voxel51__hard-hat-detection/data/hard_hat_workers2997.png	324076	1789680469.1206875810
Voxel51__hard-hat-detection/data/hard_hat_workers2960.png	219078	1789680464.5406730820
Voxel51__hard-hat-detection/data/hard_hat_workers3083.png	287983	1789680480.8407252810
Voxel51__hard-hat-detection/data/hard_hat_workers296.png	287009	1789680464.7006735860
Voxel51__hard-hat-detection/data/hard_hat_workers3084.png	259081	1789680480.8767253990
Voxel51__hard-hat-detection/data/hard_hat_workers2963.png	248337	1789680464.7486737380
Voxel51__hard-hat-detection/data/hard_hat_workers3086.png	336699	1789680481.0407259320
Voxel51__hard-hat-detection/data/hard_hat_workers2961.png	289422	1789680464.8406740280
Voxel51__hard-hat-detection/data/hard_hat_workers3076.png	259756	1789680480.0727227850
Voxel51__hard-hat-detection/data/hard_hat_workers3007.png	212170	1789680470.6446924360
Voxel51__hard-hat-detection/data/hard_hat_workers3045.png	196876	1789680476.0487097640
Voxel51__hard-hat-detection/data/hard_hat_workers3005.png	249652	1789680470.6486924490
Voxel51__hard-hat-detection/data/hard_hat_workers3062.png	253558	1789680477.8847156930
Voxel51__hard-hat-detection/data/hard_hat_workers3004.png	230221	1789680470.6686925130
Voxel51__hard-hat-detection/data/hard_hat_workers3047.png	245533	1789680476.1847102020
Voxel51__hard-hat-detection/data/hard_hat_workers3008.png	226980	1789680470.6846925640
Voxel51__hard-hat-detection/data/hard_hat_workers3058.png	264930	1789680477.5447145940
Voxel51__hard-hat-detection/data/hard_hat_workers3006.png	189297	1789680470.7206926780
Voxel51__hard-hat-detection/data/hard_hat_workers3046.png	284778	1789680476.1927102290
Voxel51__hard-hat-detection/data/hard_hat_workers3002.png	207224	1789680470.7366927290
Voxel51__hard-hat-detection/data/hard_hat_workers3059.png	338712	1789680477.7167151500
Voxel51__hard-hat-detection/data/hard_hat_workers3009.png	243705	1789680471.1166939420
Voxel51__hard-hat-detection/data/hard_hat_workers3073.png	295687	1789680479.3807205390
Voxel51__hard-hat-detection/data/hard_hat_workers301.png	271918	1789680471.3686947470
Voxel51__hard-hat-detection/data/hard_hat_workers3049.png	288309	1789680476.3927108740
Voxel51__hard-hat-detection/data/hard_hat_workers3010.png	189230	1789680471.4606950410
Voxel51__hard-hat-detection/data/hard_hat_workers3056.png	242780	1789680477.7447152400
Voxel51__hard-hat-detection/data/hard_hat_workers3013.png	294842	1789680471.7886960890
Voxel51__hard-hat-detection/data/hard_hat_workers305.png	247094	1789680476.4847111710
Voxel51__hard-hat-detection/data/hard_hat_workers3011.png	273875	1789680471.8566963060
Voxel51__hard-hat-detection/data/hard_hat_workers3063.png	224101	1789680478.0727163010
Voxel51__hard-hat-detection/data/hard_hat_workers3012.png	284635	1789680471.9046964600
Voxel51__hard-hat-detection/data/hard_hat_workers3051.png	223509	1789680476.5247113000
Voxel51__hard-hat-detection/data/hard_hat_workers3018.png	274445	1789680471.9926967410
Voxel51__hard-hat-detection/data/hard_hat_workers3061.png	130960	1789680477.9087157700
Voxel51__hard-hat-detection/data/hard_hat_workers3019.png	129471	1789680472.1246971630
Voxel51__hard-hat-detection/data/hard_hat_workers3048.png	170057	1789680476.5607114160
Voxel51__hard-hat-detection/data/hard_hat_workers3014.png	225643	1789680472.1446972270
Voxel51__hard-hat-detection/data/hard_hat_workers306.png	271865	1789680477.9127157830
Voxel51__hard-hat-detection/data/hard_hat_workers3017.png	272710	1789680472.1606972790
Voxel51__hard-hat-detection/data/hard_hat_workers3050.png	299927	1789680476.5967115320
Voxel51__hard-hat-detection/data/hard_hat_workers3015.png	238873	1789680472.1726973170
Voxel51__hard-hat-detection/data/hard_hat_workers3060.png	250443	1789680477.8847156930
Voxel51__hard-hat-detection/data/hard_hat_workers3016.png	277715	1789680472.2126974450
Voxel51__hard-hat-detection/data/hard_hat_workers3074.png	217771	1789680479.4607207990
Voxel51__hard-hat-detection/data/hard_hat_workers3020.png	254568	1789680472.6566988660
Voxel51__hard-hat-detection/data/hard_hat_workers3052.png	259395	1789680476.8207122550
Voxel51__hard-hat-detection/data/hard_hat_workers302.png	259166	1789680472.7806992640
Voxel51__hard-hat-detection/data/hard_hat_workers3064.png	197043	1789680478.2407168450
Voxel51__hard-hat-detection/data/hard_hat_workers3021.png	269603	1789680472.8886996090
Voxel51__hard-hat-detection/data/hard_hat_workers3053.png	320877	1789680476.9447126540
Voxel51__hard-hat-detection/data/hard_hat_workers3023.png	236004	1789680473.1127003270
Voxel51__hard-hat-detection/data/hard_hat_workers3065.png	278753	1789680478.6407181400
Voxel51__hard-hat-detection/data/hard_hat_workers3022.png	220260	1789680473.2487007630
Voxel51__hard-hat-detection/data/hard_hat_workers3054.png	322291	1789680477.3167138570
Voxel51__hard-hat-detection/data/hard_hat_workers3024.png	334881	1789680473.3887012120
Voxel51__hard-hat-detection/data/hard_hat_workers3067.png	308917	1789680478.9247190600
Voxel51__hard-hat-detection/data/hard_hat_workers3028.png	271129	1789680473.4287013400
Voxel51__hard-hat-detection/data/hard_hat_workers3055.png	323694	1789680477.4767143740
Voxel51__hard-hat-detection/data/hard_hat_workers303.png	244591	1789680473.4727014820
Voxel51__hard-hat-detection/data/hard_hat_workers3057.png	280007	1789680477.5047144640
Voxel51__hard-hat-detection/data/hard_hat_workers3025.png	247367	1789680473.5327016740
Voxel51__hard-hat-detection/data/hard_hat_workers3066.png	263532	1789680478.9847192550
Voxel51__hard-hat-detection/data/hard_hat_workers3026.png	301543	1789680473.5607017640
Voxel51__hard-hat-detection/data/hard_hat_workers3071.png	279972	1789680479.1967199420
Voxel51__hard-hat-detection/data/hard_hat_workers3029.png	224079	1789680473.6567020720
Voxel51__hard-hat-detection/data/hard_hat_workers3075.png	252891	1789680479.4927209020
Voxel51__hard-hat-detection/data/hard_hat_workers3027.png	257693	1789680473.8087025600
Voxel51__hard-hat-detection/data/hard_hat_workers3070.png	215667	1789680479.3007202800
Voxel51__hard-hat-detection/data/hard_hat_workers3030.png	277047	1789680474.0767034200
Voxel51__hard-hat-detection/data/hard_hat_workers316.png	318073	1789680490.8527581550
Voxel51__hard-hat-detection/data/hard_hat_workers3032.png	306984	1789680474.1607036900
Voxel51__hard-hat-detection/data/hard_hat_workers3160.png	251925	1789680491.0927589510
Voxel51__hard-hat-detection/data/hard_hat_workers3031.png	268208	1789680474.3167041910
Voxel51__hard-hat-detection/data/hard_hat_workers307.png	245112	1789680479.1927199290
Voxel51__hard-hat-detection/data/hard_hat_workers3033.png	323720	1789680474.6647053090
Voxel51__hard-hat-detection/data/hard_hat_workers3164.png	213823	1789680491.3007596410
Voxel51__hard-hat-detection/data/hard_hat_workers3034.png	291255	1789680474.7127054640
Voxel51__hard-hat-detection/data/hard_hat_workers3162.png	283769	1789680491.3407597740
Voxel51__hard-hat-detection/data/hard_hat_workers3037.png	322530	1789680474.8007057460
Voxel51__hard-hat-detection/data/hard_hat_workers3163.png	140019	1789680491.3887599330
Voxel51__hard-hat-detection/data/hard_hat_workers3035.png	425209	1789680474.8247058230
Voxel51__hard-hat-detection/data/hard_hat_workers3161.png	245096	1789680491.4007599730
Voxel51__hard-hat-detection/data/hard_hat_workers3036.png	264952	1789680474.9967063760
Voxel51__hard-hat-detection/data/hard_hat_workers3166.png	273686	1789680491.5207603710
Voxel51__hard-hat-detection/data/hard_hat_workers304.png	366665	1789680475.0127064280
Voxel51__hard-hat-detection/data/hard_hat_workers3165.png	275482	1789680491.5607605030
Voxel51__hard-hat-detection/data/hard_hat_workers3038.png	312308	1789680475.0167064410
Voxel51__hard-hat-detection/data/hard_hat_workers3072.png	291356	1789680479.6247213310
Voxel51__hard-hat-detection/data/hard_hat_workers3039.png	257122	1789680475.0807066470
Voxel51__hard-hat-detection/data/hard_hat_workers3068.png	278257	1789680479.1007196300
Voxel51__hard-hat-detection/data/hard_hat_workers3040.png	278750	1789680475.1407068400
Voxel51__hard-hat-detection/data/hard_hat_workers3167.png	224784	1789680491.7767612200
Voxel51__hard-hat-detection/data/hard_hat_workers3042.png	243662	1789680475.4767079220
Voxel51__hard-hat-detection/data/hard_hat_workers3168.png	279210	1789680491.9407617640
Voxel51__hard-hat-detection/data/hard_hat_workers3043.png	301232	1789680475.6367084370
Voxel51__hard-hat-detection/data/hard_hat_workers3069.png	313383	1789680479.2927202540
Voxel51__hard-hat-detection/data/hard_hat_workers3041.png	203963	1789680475.6807085790
Voxel51__hard-hat-detection/data/hard_hat_workers3169.png	207000	1789680491.9887619240
Voxel51__hard-hat-detection/data/hard_hat_workers3044.png	264253	1789680475.9767095320
Voxel51__hard-hat-detection/data/hard_hat_workers3159.png	265109	1789680490.7847579300
Voxel51__hard-hat-detection/data/hard_hat_workers3087.png	286653	1789680481.3607269740
Voxel51__hard-hat-detection/data/hard_hat_workers3128.png	267920	1789680486.6807443830
Voxel51__hard-hat-detection/data/hard_hat_workers3088.png	239214	1789680481.6407278860
Voxel51__hard-hat-detection/data/hard_hat_workers3137.png	267166	1789680488.1847493350
Voxel51__hard-hat-detection/data/hard_hat_workers3089.png	243883	1789680481.6847280300
Voxel51__hard-hat-detection/data/hard_hat_workers3152.png	340857	1789680490.1047556780
Voxel51__hard-hat-detection/data/hard_hat_workers3093.png	313624	1789680481.8647286160
Voxel51__hard-hat-detection/data/hard_hat_workers3155.png	309778	1789680490.2007559960
Voxel51__hard-hat-detection/data/hard_hat_workers309.png	233314	1789680481.8767286550
Voxel51__hard-hat-detection/data/hard_hat_workers313.png	230873	1789680487.0607456330
Voxel51__hard-hat-detection/data/hard_hat_workers3094.png	263099	1789680481.9207287980
Voxel51__hard-hat-detection/data/hard_hat_workers3140.png	205672	1789680488.6167507610
Voxel51__hard-hat-detection/data/hard_hat_workers3090.png	267779	1789680481.9727289680
Voxel51__hard-hat-detection/data/hard_hat_workers3129.png	321946	1789680487.1047457770
Voxel51__hard-hat-detection/data/hard_hat_workers3092.png	187465	1789680482.0487292150
Voxel51__hard-hat-detection/data/hard_hat_workers3142.png	252609	1789680488.7047510520
Voxel51__hard-hat-detection/data/hard_hat_workers3095.png	297383	1789680482.0887293460
Voxel51__hard-hat-detection/data/hard_hat_workers3133.png	281155	1789680487.3887467130
Voxel51__hard-hat-detection/data/hard_hat_workers3091.png	280728	1789680482.1447295280
Voxel51__hard-hat-detection/data/hard_hat_workers3144.png	283914	1789680488.9007516980
Voxel51__hard-hat-detection/data/hard_hat_workers3096.png	225601	1789680482.3327301420
Voxel51__hard-hat-detection/data/hard_hat_workers3130.png	307412	1789680487.4647469640
Voxel51__hard-hat-detection/data/hard_hat_workers3097.png	379703	1789680482.7087313690
Voxel51__hard-hat-detection/data/hard_hat_workers3143.png	168449	1789680488.7407511710
Voxel51__hard-hat-detection/data/hard_hat_workers3098.png	273177	1789680482.7407314740
Voxel51__hard-hat-detection/data/hard_hat_workers3131.png	277657	1789680487.4767470030
Voxel51__hard-hat-detection/data/hard_hat_workers31.png	229792	1789680483.0127323610
Voxel51__hard-hat-detection/data/hard_hat_workers3141.png	240341	1789680488.7567512230
Voxel51__hard-hat-detection/data/hard_hat_workers3099.png	232248	1789680483.0447324650
Voxel51__hard-hat-detection/data/hard_hat_workers3156.png	337997	1789680490.3767565790
Voxel51__hard-hat-detection/data/hard_hat_workers3101.png	276028	1789680483.2407331060
Voxel51__hard-hat-detection/data/hard_hat_workers3135.png	214254	1789680487.4887470430
Voxel51__hard-hat-detection/data/hard_hat_workers310.png	231624	1789680483.2527331460
Voxel51__hard-hat-detection/data/hard_hat_workers3145.png	232603	1789680488.9047517110
Voxel51__hard-hat-detection/data/hard_hat_workers3100.png	235405	1789680483.2927332760
Voxel51__hard-hat-detection/data/hard_hat_workers3134.png	281889	1789680487.5247471610
Voxel51__hard-hat-detection/data/hard_hat_workers3104.png	258714	1789680483.3567334860
Voxel51__hard-hat-detection/data/hard_hat_workers3147.png	154038	1789680489.1087523850
Voxel51__hard-hat-detection/data/hard_hat_workers3103.png	209259	1789680483.5407340870
Voxel51__hard-hat-detection/data/hard_hat_workers3136.png	385276	1789680487.8367481880
Voxel51__hard-hat-detection/data/hard_hat_workers3106.png	192165	1789680483.5447341000
Voxel51__hard-hat-detection/data/hard_hat_workers3148.png	229766	1789680489.3887533110
Voxel51__hard-hat-detection/data/hard_hat_workers3102.png	289433	1789680483.6007342830
Voxel51__hard-hat-detection/data/hard_hat_workers3132.png	277040	1789680487.8967483860
Voxel51__hard-hat-detection/data/hard_hat_workers3105.png	270732	1789680483.7327347150
Voxel51__hard-hat-detection/data/hard_hat_workers3146.png	254987	1789680489.3167530730
Voxel51__hard-hat-detection/data/hard_hat_workers3108.png	298913	1789680484.0847358660
Voxel51__hard-hat-detection/data/hard_hat_workers3138.png	225988	1789680487.9447485440
Voxel51__hard-hat-detection/data/hard_hat_workers3107.png	296699	1789680484.1767361680
Voxel51__hard-hat-detection/data/hard_hat_workers3139.png	198774	1789680488.1647492700
Voxel51__hard-hat-detection/data/hard_hat_workers3109.png	213646	1789680484.5087372550
Voxel51__hard-hat-detection/data/hard_hat_workers3157.png	248723	1789680490.4527568310
Voxel51__hard-hat-detection/data/hard_hat_workers3110.png	177621	1789680484.5247373070
Voxel51__hard-hat-detection/data/hard_hat_workers315.png	290487	1789680489.6687542360
Voxel51__hard-hat-detection/data/hard_hat_workers311.png	310136	1789680484.5887375170
Voxel51__hard-hat-detection/data/hard_hat_workers3150.png	257771	1789680489.8407548050
Voxel51__hard-hat-detection/data/hard_hat_workers3111.png	225059	1789680484.7527380540
Voxel51__hard-hat-detection/data/hard_hat_workers314.png	204139	1789680488.4407501800
Voxel51__hard-hat-detection/data/hard_hat_workers3112.png	272079	1789680484.7767381320
Voxel51__hard-hat-detection/data/hard_hat_workers3153.png	237883	1789680489.9047550160
Voxel51__hard-hat-detection/data/hard_hat_workers3115.png	307442	1789680484.8367383290
Voxel51__hard-hat-detection/data/hard_hat_workers3154.png	234341	1789680490.0007553340
Voxel51__hard-hat-detection/data/hard_hat_workers3114.png	334141	1789680484.8407383420
Voxel51__hard-hat-detection/data/hard_hat_workers3240.png	324578	1789680501.3527932790
Voxel51__hard-hat-detection/data/hard_hat_workers3113.png	281940	1789680484.8727384470
Voxel51__hard-hat-detection/data/hard_hat_workers3151.png	192182	1789680489.9727552410
Voxel51__hard-hat-detection/data/hard_hat_workers3117.png	285586	1789680485.1887394830
Voxel51__hard-hat-detection/data/hard_hat_workers3244.png	222168	1789680501.4487936030
Voxel51__hard-hat-detection/data/hard_hat_workers3116.png	298929	1789680485.2127395620
Voxel51__hard-hat-detection/data/hard_hat_workers3243.png	278433	1789680501.7687946840
Voxel51__hard-hat-detection/data/hard_hat_workers3118.png	288775	1789680485.4607403750
Voxel51__hard-hat-detection/data/hard_hat_workers3247.png	190685	1789680502.0847957520
Voxel51__hard-hat-detection/data/hard_hat_workers3119.png	373901	1789680485.6567410180
Voxel51__hard-hat-detection/data/hard_hat_workers3158.png	314927	1789680490.7407577840
Voxel51__hard-hat-detection/data/hard_hat_workers312.png	193865	1789680485.9527419900
Voxel51__hard-hat-detection/data/hard_hat_workers3245.png	271212	1789680502.0967957920
Voxel51__hard-hat-detection/data/hard_hat_workers3120.png	393775	1789680486.0007421470
Voxel51__hard-hat-detection/data/hard_hat_workers3246.png	257425	1789680502.1447959550
Voxel51__hard-hat-detection/data/hard_hat_workers3121.png	289868	1789680486.0207422130
Voxel51__hard-hat-detection/data/hard_hat_workers3149.png	259709	1789680489.5167537340
Voxel51__hard-hat-detection/data/hard_hat_workers3125.png	265226	1789680486.0607423450
Voxel51__hard-hat-detection/data/hard_hat_workers325.png	290945	1789680502.2927964550
Voxel51__hard-hat-detection/data/hard_hat_workers3122.png	308574	1789680486.0647423580
Voxel51__hard-hat-detection/data/hard_hat_workers3248.png	362587	1789680502.3127965230
Voxel51__hard-hat-detection/data/hard_hat_workers3123.png	277790	1789680486.2007428050
Voxel51__hard-hat-detection/data/hard_hat_workers3250.png	288711	1789680502.4367969420
Voxel51__hard-hat-detection/data/hard_hat_workers3124.png	331548	1789680486.2607430020
Voxel51__hard-hat-detection/data/hard_hat_workers3249.png	189270	1789680502.5207972270
Voxel51__hard-hat-detection/data/hard_hat_workers3126.png	268344	1789680486.5327438960
Voxel51__hard-hat-detection/data/hard_hat_workers3252.png	142277	1789680502.6687977270
Voxel51__hard-hat-detection/data/hard_hat_workers3127.png	234219	1789680486.5407439230
Voxel51__hard-hat-detection/data/hard_hat_workers3242.png	186907	1789680501.3367932250
Voxel51__hard-hat-detection/data/hard_hat_workers3170.png	253770	1789680492.1207623620
Voxel51__hard-hat-detection/data/hard_hat_workers3210.png	268290	1789680497.5087803450
Voxel51__hard-hat-detection/data/hard_hat_workers317.png	213441	1789680492.3087629870
Voxel51__hard-hat-detection/data/hard_hat_workers3224.png	325352	1789680499.2567862160
Voxel51__hard-hat-detection/data/hard_hat_workers3171.png	207734	1789680492.4887635850
Voxel51__hard-hat-detection/data/hard_hat_workers3211.png	291497	1789680497.5367804390
Voxel51__hard-hat-detection/data/hard_hat_workers3172.png	329336	1789680492.6767642100
Voxel51__hard-hat-detection/data/hard_hat_workers3221.png	352291	1789680498.8287847760
Voxel51__hard-hat-detection/data/hard_hat_workers3173.png	298103	1789680492.6887642500
Voxel51__hard-hat-detection/data/hard_hat_workers3212.png	191267	1789680497.7167810420
Voxel51__hard-hat-detection/data/hard_hat_workers3176.png	184422	1789680492.8127646620
Voxel51__hard-hat-detection/data/hard_hat_workers3225.png	181180	1789680499.4847869830
Voxel51__hard-hat-detection/data/hard_hat_workers3175.png	320463	1789680492.8687648480
Voxel51__hard-hat-detection/data/hard_hat_workers3213.png	309296	1789680497.9167817130
Voxel51__hard-hat-detection/data/hard_hat_workers3174.png	287085	1789680492.9007649540
Voxel51__hard-hat-detection/data/hard_hat_workers3223.png	273728	1789680499.3367864850
Voxel51__hard-hat-detection/data/hard_hat_workers3177.png	243877	1789680493.0487654470
Voxel51__hard-hat-detection/data/hard_hat_workers3215.png	242091	1789680498.1167823840
Voxel51__hard-hat-detection/data/hard_hat_workers3178.png	308431	1789680493.2047659660
Voxel51__hard-hat-detection/data/hard_hat_workers3227.png	306638	1789680499.6407875070
Voxel51__hard-hat-detection/data/hard_hat_workers3179.png	288297	1789680493.4447667650
Voxel51__hard-hat-detection/data/hard_hat_workers3238.png	333199	1789680500.8967917400
Voxel51__hard-hat-detection/data/hard_hat_workers318.png	231374	1789680493.4647668320
Voxel51__hard-hat-detection/data/hard_hat_workers3214.png	269503	1789680498.1407824650
Voxel51__hard-hat-detection/data/hard_hat_workers3180.png	313721	1789680493.5767672050
Voxel51__hard-hat-detection/data/hard_hat_workers3229.png	238490	1789680499.7087877360
Voxel51__hard-hat-detection/data/hard_hat_workers3181.png	274243	1789680493.6407674180
Voxel51__hard-hat-detection/data/hard_hat_workers3218.png	275271	1789680498.1807825990
Voxel51__hard-hat-detection/data/hard_hat_workers3182.png	251709	1789680493.8407680840
Voxel51__hard-hat-detection/data/hard_hat_workers323.png	195011	1789680499.6647875890
Voxel51__hard-hat-detection/data/hard_hat_workers3183.png	268700	1789680493.9327683900
Voxel51__hard-hat-detection/data/hard_hat_workers3216.png	304102	1789680498.2407828000
Voxel51__hard-hat-detection/data/hard_hat_workers3187.png	207442	1789680494.1407690840
Voxel51__hard-hat-detection/data/hard_hat_workers3233.png	233243	1789680500.0647889350
Voxel51__hard-hat-detection/data/hard_hat_workers3185.png	287473	1789680494.2287693770
Voxel51__hard-hat-detection/data/hard_hat_workers3219.png	215550	1789680498.4087833650
Voxel51__hard-hat-detection/data/hard_hat_workers3184.png	303734	1789680494.2367694040
Voxel51__hard-hat-detection/data/hard_hat_workers3230.png	298844	1789680499.8167881000
Voxel51__hard-hat-detection/data/hard_hat_workers3186.png	284660	1789680494.3207696830
Voxel51__hard-hat-detection/data/hard_hat_workers322.png	250162	1789680498.4287834320
Voxel51__hard-hat-detection/data/hard_hat_workers3188.png	318661	1789680494.4247700310
Voxel51__hard-hat-detection/data/hard_hat_workers3226.png	231479	1789680499.6647875890
Voxel51__hard-hat-detection/data/hard_hat_workers3189.png	177636	1789680494.5727705240
Voxel51__hard-hat-detection/data/hard_hat_workers324.png	272246	1789680500.9487919150
Voxel51__hard-hat-detection/data/hard_hat_workers319.png	312117	1789680494.6847708980
Voxel51__hard-hat-detection/data/hard_hat_workers3237.png	237516	1789680500.9807920230
Voxel51__hard-hat-detection/data/hard_hat_workers3190.png	264936	1789680494.7527711250
Voxel51__hard-hat-detection/data/hard_hat_workers3217.png	242889	1789680498.5207837420
Voxel51__hard-hat-detection/data/hard_hat_workers3192.png	231078	1789680494.9527717920
Voxel51__hard-hat-detection/data/hard_hat_workers3231.png	302241	1789680499.8247881270
Voxel51__hard-hat-detection/data/hard_hat_workers3193.png	175789	1789680495.2127726610
Voxel51__hard-hat-detection/data/hard_hat_workers3220.png	251387	1789680498.5727839160
Voxel51__hard-hat-detection/data/hard_hat_workers3191.png	250731	1789680495.3407730880
Voxel51__hard-hat-detection/data/hard_hat_workers3222.png	348218	1789680498.8007846820
Voxel51__hard-hat-detection/data/hard_hat_workers3195.png	161405	1789680495.4167733420
Voxel51__hard-hat-detection/data/hard_hat_workers3234.png	228338	1789680500.5527905800
Voxel51__hard-hat-detection/data/hard_hat_workers3196.png	256826	1789680495.5087736500
Voxel51__hard-hat-detection/data/hard_hat_workers3232.png	252833	1789680500.0967890430
Voxel51__hard-hat-detection/data/hard_hat_workers3194.png	272957	1789680495.5087736500
Voxel51__hard-hat-detection/data/hard_hat_workers3235.png	230344	1789680500.5967907280
Voxel51__hard-hat-detection/data/hard_hat_workers3197.png	130159	1789680495.5247737030
Voxel51__hard-hat-detection/data/hard_hat_workers3236.png	171385	1789680500.8367915380
Voxel51__hard-hat-detection/data/hard_hat_workers3198.png	228767	1789680495.6487741180
Voxel51__hard-hat-detection/data/hard_hat_workers3325.png	306550	1789680512.5208313500
Voxel51__hard-hat-detection/data/hard_hat_workers3199.png	249125	1789680495.7367744120
Voxel51__hard-hat-detection/data/hard_hat_workers3326.png	267208	1789680512.8488324790
Voxel51__hard-hat-detection/data/hard_hat_workers32.png	260546	1789680495.8607748260
Voxel51__hard-hat-detection/data/hard_hat_workers3239.png	315116	1789680501.1607926310
Voxel51__hard-hat-detection/data/hard_hat_workers320.png	290442	1789680495.9287750530
Voxel51__hard-hat-detection/data/hard_hat_workers3327.png	237128	1789680512.8528324920
Voxel51__hard-hat-detection/data/hard_hat_workers3200.png	321151	1789680496.0967756150
Voxel51__hard-hat-detection/data/hard_hat_workers3329.png	248957	1789680512.9008326570
Voxel51__hard-hat-detection/data/hard_hat_workers3201.png	211099	1789680496.3727765390
Voxel51__hard-hat-detection/data/hard_hat_workers3328.png	277799	1789680512.9168327120
Voxel51__hard-hat-detection/data/hard_hat_workers3202.png	153609	1789680496.4327767390
Voxel51__hard-hat-detection/data/hard_hat_workers3331.png	210397	1789680513.1008333460
Voxel51__hard-hat-detection/data/hard_hat_workers3204.png	300572	1789680496.7207777040
Voxel51__hard-hat-detection/data/hard_hat_workers3228.png	248022	1789680499.8527882210
Voxel51__hard-hat-detection/data/hard_hat_workers3207.png	164526	1789680496.7447777840
Voxel51__hard-hat-detection/data/hard_hat_workers333.png	273752	1789680513.1168334020
Voxel51__hard-hat-detection/data/hard_hat_workers3203.png	252600	1789680496.8087779990
Voxel51__hard-hat-detection/data/hard_hat_workers3330.png	278404	1789680513.2368338150
Voxel51__hard-hat-detection/data/hard_hat_workers3206.png	187384	1789680496.8287780650
Voxel51__hard-hat-detection/data/hard_hat_workers3332.png	265460	1789680513.5368348490
Voxel51__hard-hat-detection/data/hard_hat_workers3205.png	177437	1789680496.8687781990
Voxel51__hard-hat-detection/data/hard_hat_workers3333.png	284476	1789680513.6568352630
Voxel51__hard-hat-detection/data/hard_hat_workers3208.png	248055	1789680496.9327784140
Voxel51__hard-hat-detection/data/hard_hat_workers3334.png	255187	1789680513.8728360080
Voxel51__hard-hat-detection/data/hard_hat_workers3209.png	258327	1789680497.0447787890
Voxel51__hard-hat-detection/data/hard_hat_workers3241.png	318071	1789680501.3167931580
Voxel51__hard-hat-detection/data/hard_hat_workers321.png	194088	1789680497.3007796470
Voxel51__hard-hat-detection/data/hard_hat_workers3324.png	187111	1789680512.5128313230
Voxel51__hard-hat-detection/data/hard_hat_workers3251.png	197800	1789680502.7527980120
Voxel51__hard-hat-detection/data/hard_hat_workers3295.png	264813	1789680508.3488170420
Voxel51__hard-hat-detection/data/hard_hat_workers3253.png	289281	1789680502.8447983220
Voxel51__hard-hat-detection/data/hard_hat_workers3300.png	301485	1789680509.6008213260
Voxel51__hard-hat-detection/data/hard_hat_workers3254.png	282668	1789680502.8647983900
Voxel51__hard-hat-detection/data/hard_hat_workers3294.png	264931	1789680508.3808171520
Voxel51__hard-hat-detection/data/hard_hat_workers3255.png	243453	1789680503.0607990540
Voxel51__hard-hat-detection/data/hard_hat_workers3303.png	328204	1789680509.9568225440
Voxel51__hard-hat-detection/data/hard_hat_workers3258.png	304158	1789680503.6528010600
Voxel51__hard-hat-detection/data/hard_hat_workers3296.png	281999	1789680508.4968175480
Voxel51__hard-hat-detection/data/hard_hat_workers3256.png	262422	1789680503.7008012230
Voxel51__hard-hat-detection/data/hard_hat_workers331.png	287351	1789680510.3008237240
Voxel51__hard-hat-detection/data/hard_hat_workers3260.png	239647	1789680503.7608014260
Voxel51__hard-hat-detection/data/hard_hat_workers3297.png	253109	1789680508.5408176990
Voxel51__hard-hat-detection/data/hard_hat_workers3259.png	351492	1789680503.8048015750
Voxel51__hard-hat-detection/data/hard_hat_workers332.png	169369	1789680511.7248286120
Voxel51__hard-hat-detection/data/hard_hat_workers326.png	235062	1789680503.8128016020
Voxel51__hard-hat-detection/data/hard_hat_workers3302.png	282749	1789680510.0848229830
Voxel51__hard-hat-detection/data/hard_hat_workers3257.png	313341	1789680503.8568017510
Voxel51__hard-hat-detection/data/hard_hat_workers3298.png	305923	1789680508.6928182180
Voxel51__hard-hat-detection/data/hard_hat_workers3261.png	241231	1789680504.1328026870
Voxel51__hard-hat-detection/data/hard_hat_workers3307.png	222564	1789680510.0168227500
Voxel51__hard-hat-detection/data/hard_hat_workers3263.png	217853	1789680504.1808028500
Voxel51__hard-hat-detection/data/hard_hat_workers3299.png	207368	1789680508.9328190390
Voxel51__hard-hat-detection/data/hard_hat_workers3264.png	303635	1789680504.2328030270
Voxel51__hard-hat-detection/data/hard_hat_workers3310.png	214031	1789680510.6568249450
Voxel51__hard-hat-detection/data/hard_hat_workers3265.png	233444	1789680504.2648031350
Voxel51__hard-hat-detection/data/hard_hat_workers33.png	155053	1789680509.0208193390
Voxel51__hard-hat-detection/data/hard_hat_workers3266.png	279282	1789680504.4488037600
Voxel51__hard-hat-detection/data/hard_hat_workers3309.png	211975	1789680510.3728239710
Voxel51__hard-hat-detection/data/hard_hat_workers3262.png	246073	1789680504.5248040180
Voxel51__hard-hat-detection/data/hard_hat_workers330.png	287343	1789680509.4168206950
Voxel51__hard-hat-detection/data/hard_hat_workers3267.png	266002	1789680505.0128056750
Voxel51__hard-hat-detection/data/hard_hat_workers3313.png	305857	1789680510.8968257680
Voxel51__hard-hat-detection/data/hard_hat_workers3268.png	218739	1789680505.0568058240
Voxel51__hard-hat-detection/data/hard_hat_workers3304.png	201910	1789680509.5968213120
Voxel51__hard-hat-detection/data/hard_hat_workers3269.png	232699	1789680505.2048063280
Voxel51__hard-hat-detection/data/hard_hat_workers3320.png	253359	1789680511.8648290930
Voxel51__hard-hat-detection/data/hard_hat_workers327.png	274516	1789680505.3408067900
Voxel51__hard-hat-detection/data/hard_hat_workers3314.png	225522	1789680511.1008264680
Voxel51__hard-hat-detection/data/hard_hat_workers3270.png	355894	1789680505.3568068450
Voxel51__hard-hat-detection/data/hard_hat_workers3311.png	266074	1789680511.0608263310
Voxel51__hard-hat-detection/data/hard_hat_workers3271.png	283065	1789680505.3688068850
Voxel51__hard-hat-detection/data/hard_hat_workers3301.png	351679	1789680509.6128213660
Voxel51__hard-hat-detection/data/hard_hat_workers3272.png	258993	1789680505.4208070620
Voxel51__hard-hat-detection/data/hard_hat_workers3312.png	251927	1789680510.9048257950
Voxel51__hard-hat-detection/data/hard_hat_workers3273.png	243697	1789680505.4568071840
Voxel51__hard-hat-detection/data/hard_hat_workers3305.png	171654	1789680509.6808215990
Voxel51__hard-hat-detection/data/hard_hat_workers3274.png	295299	1789680505.6248077560
Voxel51__hard-hat-detection/data/hard_hat_workers3317.png	199445	1789680511.3128271960
Voxel51__hard-hat-detection/data/hard_hat_workers3275.png	351863	1789680505.7048080280
Voxel51__hard-hat-detection/data/hard_hat_workers3308.png	311566	1789680510.0008226950
Voxel51__hard-hat-detection/data/hard_hat_workers3277.png	257020	1789680505.8368084770
Voxel51__hard-hat-detection/data/hard_hat_workers3318.png	338903	1789680511.5128278830
Voxel51__hard-hat-detection/data/hard_hat_workers3276.png	315833	1789680505.9128087350
Voxel51__hard-hat-detection/data/hard_hat_workers3316.png	296875	1789680511.5008278420
Voxel51__hard-hat-detection/data/hard_hat_workers3279.png	334652	1789680506.4088104240
Voxel51__hard-hat-detection/data/hard_hat_workers3315.png	297445	1789680511.5248279250
Voxel51__hard-hat-detection/data/hard_hat_workers3278.png	206474	1789680506.5648109560
Voxel51__hard-hat-detection/data/hard_hat_workers3321.png	231987	1789680512.1488300700
Voxel51__hard-hat-detection/data/hard_hat_workers3282.png	254021	1789680506.6088111060
Voxel51__hard-hat-detection/data/hard_hat_workers3306.png	277895	1789680510.1408231750
Voxel51__hard-hat-detection/data/hard_hat_workers328.png	275702	1789680506.7528115960
Voxel51__hard-hat-detection/data/hard_hat_workers3408.png	207459	1789680523.4728693820
Voxel51__hard-hat-detection/data/hard_hat_workers3280.png	293669	1789680506.7928117320
Voxel51__hard-hat-detection/data/hard_hat_workers341.png	196019	1789680523.7448703350
Voxel51__hard-hat-detection/data/hard_hat_workers3281.png	307192	1789680506.8808120320
Voxel51__hard-hat-detection/data/hard_hat_workers3409.png	260800	1789680523.7648704050
Voxel51__hard-hat-detection/data/hard_hat_workers3284.png	275158	1789680506.9088121270
Voxel51__hard-hat-detection/data/hard_hat_workers3410.png	250756	1789680523.7928705030
Voxel51__hard-hat-detection/data/hard_hat_workers3283.png	295815	1789680506.9248121820
Voxel51__hard-hat-detection/data/hard_hat_workers3411.png	286997	1789680523.9408710220
Voxel51__hard-hat-detection/data/hard_hat_workers3285.png	228434	1789680506.9528122770
Voxel51__hard-hat-detection/data/hard_hat_workers3412.png	259670	1789680523.9568710780
Voxel51__hard-hat-detection/data/hard_hat_workers3286.png	249130	1789680507.0608126460
Voxel51__hard-hat-detection/data/hard_hat_workers3413.png	131768	1789680524.0048712460
Voxel51__hard-hat-detection/data/hard_hat_workers3287.png	275892	1789680507.2408132600
Voxel51__hard-hat-detection/data/hard_hat_workers3414.png	213829	1789680524.2168719900
Voxel51__hard-hat-detection/data/hard_hat_workers3288.png	303008	1789680507.4088138330
Voxel51__hard-hat-detection/data/hard_hat_workers3415.png	312891	1789680524.4088726640
Voxel51__hard-hat-detection/data/hard_hat_workers3289.png	277672	1789680507.7688150610
Voxel51__hard-hat-detection/data/hard_hat_workers3322.png	299592	1789680512.3248306750
Voxel51__hard-hat-detection/data/hard_hat_workers329.png	276950	1789680507.9968158390
Voxel51__hard-hat-detection/data/hard_hat_workers3323.png	273555	1789680512.4928312540
Voxel51__hard-hat-detection/data/hard_hat_workers3290.png	275337	1789680508.0448160040
Voxel51__hard-hat-detection/data/hard_hat_workers3418.png	184301	1789680524.4368727630
Voxel51__hard-hat-detection/data/hard_hat_workers3291.png	222132	1789680508.1288162900
Voxel51__hard-hat-detection/data/hard_hat_workers3416.png	222181	1789680524.4368727630
Voxel51__hard-hat-detection/data/hard_hat_workers3293.png	279739	1789680508.2208166050
Voxel51__hard-hat-detection/data/hard_hat_workers3319.png	227092	1789680511.6808284610
Voxel51__hard-hat-detection/data/hard_hat_workers3292.png	286156	1789680508.3168169330
Voxel51__hard-hat-detection/data/hard_hat_workers3404.png	310420	1789680523.1008680790
Voxel51__hard-hat-detection/data/hard_hat_workers3335.png	291621	1789680513.9888364070
Voxel51__hard-hat-detection/data/hard_hat_workers3376.png	303658	1789680519.4408553010
Voxel51__hard-hat-detection/data/hard_hat_workers3336.png	266357	1789680514.0008364490
Voxel51__hard-hat-detection/data/hard_hat_workers3387.png	227742	1789680520.9368605140
Voxel51__hard-hat-detection/data/hard_hat_workers3339.png	250003	1789680514.2968374710
Voxel51__hard-hat-detection/data/hard_hat_workers3378.png	309186	1789680519.6008558580
Voxel51__hard-hat-detection/data/hard_hat_workers3338.png	296005	1789680514.3448376360
Voxel51__hard-hat-detection/data/hard_hat_workers339.png	274190	1789680521.0928610590
Voxel51__hard-hat-detection/data/hard_hat_workers334.png	272461	1789680514.3688377190
Voxel51__hard-hat-detection/data/hard_hat_workers3406.png	297928	1789680522.8288671260
Voxel51__hard-hat-detection/data/hard_hat_workers3337.png	317335	1789680514.3808377610
Voxel51__hard-hat-detection/data/hard_hat_workers338.png	294425	1789680519.7328563180
Voxel51__hard-hat-detection/data/hard_hat_workers3341.png	297140	1789680514.4928381470
Voxel51__hard-hat-detection/data/hard_hat_workers3390.png	241002	1789680521.2168614910
Voxel51__hard-hat-detection/data/hard_hat_workers3340.png	256556	1789680514.6008385200
Voxel51__hard-hat-detection/data/hard_hat_workers3379.png	264131	1789680519.8568567490
Voxel51__hard-hat-detection/data/hard_hat_workers3342.png	277380	1789680514.7008388660
Voxel51__hard-hat-detection/data/hard_hat_workers3392.png	269701	1789680521.3048617990
Voxel51__hard-hat-detection/data/hard_hat_workers3343.png	213634	1789680514.9288396530
Voxel51__hard-hat-detection/data/hard_hat_workers3380.png	252881	1789680519.9408570420
Voxel51__hard-hat-detection/data/hard_hat_workers3344.png	253884	1789680515.0648401220
Voxel51__hard-hat-detection/data/hard_hat_workers3394.png	349446	1789680521.4888624420
Voxel51__hard-hat-detection/data/hard_hat_workers3346.png	120355	1789680515.2888408970
Voxel51__hard-hat-detection/data/hard_hat_workers3384.png	230585	1789680519.9688571390
Voxel51__hard-hat-detection/data/hard_hat_workers3345.png	291372	1789680515.4048412980
Voxel51__hard-hat-detection/data/hard_hat_workers3393.png	256860	1789680521.3488619530
Voxel51__hard-hat-detection/data/hard_hat_workers3349.png	309595	1789680515.5808419070
Voxel51__hard-hat-detection/data/hard_hat_workers3381.png	302182	1789680519.9768571670
Voxel51__hard-hat-detection/data/hard_hat_workers3347.png	368553	1789680515.6088420040
Voxel51__hard-hat-detection/data/hard_hat_workers3391.png	227589	1789680521.4288622320
Voxel51__hard-hat-detection/data/hard_hat_workers3348.png	226866	1789680515.6488421420
Voxel51__hard-hat-detection/data/hard_hat_workers3403.png	322095	1789680522.9768676440
Voxel51__hard-hat-detection/data/hard_hat_workers335.png	321219	1789680515.7208423910
Voxel51__hard-hat-detection/data/hard_hat_workers3385.png	240340	1789680520.0528574320
Voxel51__hard-hat-detection/data/hard_hat_workers3350.png	304032	1789680515.7288424190
Voxel51__hard-hat-detection/data/hard_hat_workers3396.png	226768	1789680521.5408626230
Voxel51__hard-hat-detection/data/hard_hat_workers3351.png	264429	1789680515.8208427370
Voxel51__hard-hat-detection/data/hard_hat_workers3382.png	282102	1789680520.0688574870
Voxel51__hard-hat-detection/data/hard_hat_workers3352.png	317577	1789680515.9368431380
Voxel51__hard-hat-detection/data/hard_hat_workers3398.png	254231	1789680522.1968649160
Voxel51__hard-hat-detection/data/hard_hat_workers3353.png	274636	1789680516.1168437610
Voxel51__hard-hat-detection/data/hard_hat_workers3383.png	289688	1789680520.0968575850
Voxel51__hard-hat-detection/data/hard_hat_workers3354.png	316714	1789680516.4208448150
Voxel51__hard-hat-detection/data/hard_hat_workers3397.png	212631	1789680521.5688627210
Voxel51__hard-hat-detection/data/hard_hat_workers3355.png	272606	1789680516.4528449250
Voxel51__hard-hat-detection/data/hard_hat_workers3386.png	258582	1789680520.1368577250
Voxel51__hard-hat-detection/data/hard_hat_workers3356.png	263827	1789680516.7608459930
Voxel51__hard-hat-detection/data/hard_hat_workers3395.png	286475	1789680521.5928628050
Voxel51__hard-hat-detection/data/hard_hat_workers3357.png	212924	1789680516.8968464640
Voxel51__hard-hat-detection/data/hard_hat_workers3388.png	300380	1789680520.8968603740
Voxel51__hard-hat-detection/data/hard_hat_workers3360.png	194753	1789680516.9968468100
Voxel51__hard-hat-detection/data/hard_hat_workers3399.png	260403	1789680522.2728651820
Voxel51__hard-hat-detection/data/hard_hat_workers3358.png	296696	1789680517.0288469210
Voxel51__hard-hat-detection/data/hard_hat_workers3407.png	279701	1789680523.0488678970
Voxel51__hard-hat-detection/data/hard_hat_workers3362.png	263401	1789680517.1768474350
Voxel51__hard-hat-detection/data/hard_hat_workers3389.png	328914	1789680520.9728606400
Voxel51__hard-hat-detection/data/hard_hat_workers3361.png	267100	1789680517.1928474900
Voxel51__hard-hat-detection/data/hard_hat_workers3400.png	246956	1789680522.5328660910
Voxel51__hard-hat-detection/data/hard_hat_workers3359.png	195657	1789680517.1928474900
Voxel51__hard-hat-detection/data/hard_hat_workers3490.png	285322	1789680534.5249084480
Voxel51__hard-hat-detection/data/hard_hat_workers336.png	305453	1789680517.2368476420
Voxel51__hard-hat-detection/data/hard_hat_workers340.png	254296	1789680522.6448664830
Voxel51__hard-hat-detection/data/hard_hat_workers3364.png	229204	1789680517.2528476980
Voxel51__hard-hat-detection/data/hard_hat_workers3491.png	271729	1789680534.5329084770
Voxel51__hard-hat-detection/data/hard_hat_workers3363.png	236213	1789680517.2768477820
Voxel51__hard-hat-detection/data/hard_hat_workers3401.png	322725	1789680522.6728665810
Voxel51__hard-hat-detection/data/hard_hat_workers3366.png	237956	1789680517.9448500990
Voxel51__hard-hat-detection/data/hard_hat_workers3494.png	218548	1789680534.5689086050
Voxel51__hard-hat-detection/data/hard_hat_workers3367.png	258894	1789680517.9888502520
Voxel51__hard-hat-detection/data/hard_hat_workers3493.png	317990	1789680534.5889086760
Voxel51__hard-hat-detection/data/hard_hat_workers3368.png	203515	1789680518.2088510160
Voxel51__hard-hat-detection/data/hard_hat_workers3495.png	250834	1789680534.8169094890
Voxel51__hard-hat-detection/data/hard_hat_workers3365.png	246416	1789680518.2128510310
Voxel51__hard-hat-detection/data/hard_hat_workers3496.png	185981	1789680535.1649107310
Voxel51__hard-hat-detection/data/hard_hat_workers337.png	236473	1789680518.2848512810
Voxel51__hard-hat-detection/data/hard_hat_workers3405.png	223521	1789680523.0728679810
Voxel51__hard-hat-detection/data/hard_hat_workers3369.png	222549	1789680518.4728519340
Voxel51__hard-hat-detection/data/hard_hat_workers35.png	246589	1789680535.1929108310
Voxel51__hard-hat-detection/data/hard_hat_workers3374.png	266031	1789680518.5608522400
Voxel51__hard-hat-detection/data/hard_hat_workers3497.png	322145	1789680535.2649110880
Voxel51__hard-hat-detection/data/hard_hat_workers3370.png	228689	1789680518.5688522680
Voxel51__hard-hat-detection/data/hard_hat_workers34.png	318629	1789680522.2808652090
Voxel51__hard-hat-detection/data/hard_hat_workers3375.png	288860	1789680518.5928523510
Voxel51__hard-hat-detection/data/hard_hat_workers3499.png	304022	1789680535.3489113870
Voxel51__hard-hat-detection/data/hard_hat_workers3372.png	283176	1789680518.5968523650
Voxel51__hard-hat-detection/data/hard_hat_workers3498.png	246502	1789680535.4609117880
Voxel51__hard-hat-detection/data/hard_hat_workers3373.png	246400	1789680518.6048523930
Voxel51__hard-hat-detection/data/hard_hat_workers3402.png	307107	1789680522.6528665110
Voxel51__hard-hat-detection/data/hard_hat_workers3371.png	341964	1789680518.6608525870
Voxel51__hard-hat-detection/data/hard_hat_workers350.png	255755	1789680535.7449128020
Voxel51__hard-hat-detection/data/hard_hat_workers3377.png	289323	1789680519.4128552040
Voxel51__hard-hat-detection/data/hard_hat_workers3492.png	232684	1789680534.5169084200
Voxel51__hard-hat-detection/data/hard_hat_workers3417.png	211951	1789680524.4408727760
Voxel51__hard-hat-detection/data/hard_hat_workers3460.png	276186	1789680530.2528932660
Voxel51__hard-hat-detection/data/hard_hat_workers3419.png	297796	1789680524.7768739560
Voxel51__hard-hat-detection/data/hard_hat_workers3488.png	274153	1789680533.7969058530
Voxel51__hard-hat-detection/data/hard_hat_workers3421.png	251876	1789680525.0608749520
Voxel51__hard-hat-detection/data/hard_hat_workers3472.png	265005	1789680531.7528985850
Voxel51__hard-hat-detection/data/hard_hat_workers3420.png	262106	1789680525.2448755990
Voxel51__hard-hat-detection/data/hard_hat_workers3462.png	222136	1789680530.3208935070
Voxel51__hard-hat-detection/data/hard_hat_workers342.png	314781	1789680525.2488756140
Voxel51__hard-hat-detection/data/hard_hat_workers3470.png	210365	1789680531.7128984430
Voxel51__hard-hat-detection/data/hard_hat_workers3423.png	256162	1789680525.3768760630
Voxel51__hard-hat-detection/data/hard_hat_workers3459.png	295977	1789680530.4568939890
Voxel51__hard-hat-detection/data/hard_hat_workers3424.png	234489	1789680525.4248762320
Voxel51__hard-hat-detection/data/hard_hat_workers3473.png	247156	1789680532.0168995220
Voxel51__hard-hat-detection/data/hard_hat_workers3422.png	347055	1789680525.4448763030
Voxel51__hard-hat-detection/data/hard_hat_workers3461.png	326417	1789680530.6168945560
Voxel51__hard-hat-detection/data/hard_hat_workers3428.png	250661	1789680525.6968771880
Voxel51__hard-hat-detection/data/hard_hat_workers3474.png	297591	1789680532.2929005040
Voxel51__hard-hat-detection/data/hard_hat_workers3429.png	254076	1789680525.7648774270
Voxel51__hard-hat-detection/data/hard_hat_workers3465.png	251254	1789680530.8248952930
Voxel51__hard-hat-detection/data/hard_hat_workers3427.png	219934	1789680525.8848778490
Voxel51__hard-hat-detection/data/hard_hat_workers3477.png	236052	1789680532.3369006600
Voxel51__hard-hat-detection/data/hard_hat_workers3426.png	296597	1789680525.8968778910
Voxel51__hard-hat-detection/data/hard_hat_workers3464.png	260405	1789680530.8728954630
Voxel51__hard-hat-detection/data/hard_hat_workers3425.png	272793	1789680526.1088786370
Voxel51__hard-hat-detection/data/hard_hat_workers3489.png	221537	1789680533.9329063370
Voxel51__hard-hat-detection/data/hard_hat_workers3430.png	234633	1789680526.3528794960
Voxel51__hard-hat-detection/data/hard_hat_workers3479.png	266762	1789680532.9049026780
Voxel51__hard-hat-detection/data/hard_hat_workers343.png	249923	1789680526.5328801300
Voxel51__hard-hat-detection/data/hard_hat_workers3466.png	208701	1789680530.9408957040
Voxel51__hard-hat-detection/data/hard_hat_workers3432.png	229885	1789680526.6408805100
Voxel51__hard-hat-detection/data/hard_hat_workers3463.png	224435	1789680530.9408957040
Voxel51__hard-hat-detection/data/hard_hat_workers3433.png	283833	1789680526.6688806090
Voxel51__hard-hat-detection/data/hard_hat_workers3478.png	276593	1789680532.3969008730
Voxel51__hard-hat-detection/data/hard_hat_workers3431.png	341559	1789680526.7048807350
Voxel51__hard-hat-detection/data/hard_hat_workers3476.png	203204	1789680532.3609007450
Voxel51__hard-hat-detection/data/hard_hat_workers3434.png	255316	1789680526.7608809320
Voxel51__hard-hat-detection/data/hard_hat_workers3467.png	233070	1789680530.9888958740
Voxel51__hard-hat-detection/data/hard_hat_workers3435.png	288496	1789680526.8768813410
Voxel51__hard-hat-detection/data/hard_hat_workers3475.png	298732	1789680532.4369010150
Voxel51__hard-hat-detection/data/hard_hat_workers3436.png	322397	1789680527.1648823560
Voxel51__hard-hat-detection/data/hard_hat_workers3469.png	345657	1789680531.5168977480
Voxel51__hard-hat-detection/data/hard_hat_workers3439.png	207791	1789680527.2368826100
Voxel51__hard-hat-detection/data/hard_hat_workers3480.png	219374	1789680532.9289027640
Voxel51__hard-hat-detection/data/hard_hat_workers3438.png	238485	1789680527.2688827230
Voxel51__hard-hat-detection/data/hard_hat_workers3468.png	237691	1789680531.5168977480
Voxel51__hard-hat-detection/data/hard_hat_workers3437.png	285664	1789680527.2928828070
Voxel51__hard-hat-detection/data/hard_hat_workers3486.png	206012	1789680533.9609064370
Voxel51__hard-hat-detection/data/hard_hat_workers344.png	317104	1789680527.4928835120
Voxel51__hard-hat-detection/data/hard_hat_workers3482.png	223592	1789680533.0209030910
Voxel51__hard-hat-detection/data/hard_hat_workers3440.png	212820	1789680527.7568844430
Voxel51__hard-hat-detection/data/hard_hat_workers347.png	270371	1789680531.6128980880
Voxel51__hard-hat-detection/data/hard_hat_workers3443.png	248575	1789680527.8968849370
Voxel51__hard-hat-detection/data/hard_hat_workers3471.png	279701	1789680531.6608982590
Voxel51__hard-hat-detection/data/hard_hat_workers3441.png	307034	1789680528.0048853180
Voxel51__hard-hat-detection/data/hard_hat_workers3484.png	316905	1789680533.3929044150
Voxel51__hard-hat-detection/data/hard_hat_workers3446.png	169980	1789680528.2008860100
Voxel51__hard-hat-detection/data/hard_hat_workers3481.png	303468	1789680533.1129034180
Voxel51__hard-hat-detection/data/hard_hat_workers3444.png	336102	1789680528.2088860390
Voxel51__hard-hat-detection/data/hard_hat_workers348.png	301896	1789680533.0129030620
Voxel51__hard-hat-detection/data/hard_hat_workers3445.png	200212	1789680528.3168864200
Voxel51__hard-hat-detection/data/hard_hat_workers3485.png	311350	1789680533.5769050700
Voxel51__hard-hat-detection/data/hard_hat_workers3442.png	283580	1789680528.6648876490
Voxel51__hard-hat-detection/data/hard_hat_workers3487.png	277855	1789680533.6929054830
Voxel51__hard-hat-detection/data/hard_hat_workers345.png	280000	1789680528.6928877480
Voxel51__hard-hat-detection/data/hard_hat_workers3574.png	258857	1789680545.2369469550
Voxel51__hard-hat-detection/data/hard_hat_workers3447.png	219752	1789680528.8168881860
Voxel51__hard-hat-detection/data/hard_hat_workers3575.png	296509	1789680545.4929478840
Voxel51__hard-hat-detection/data/hard_hat_workers3449.png	329319	1789680528.8488882990
Voxel51__hard-hat-detection/data/hard_hat_workers349.png	317871	1789680534.5009083630
Voxel51__hard-hat-detection/data/hard_hat_workers3448.png	269550	1789680528.8808884120
Voxel51__hard-hat-detection/data/hard_hat_workers3576.png	327811	1789680545.5529481010
Voxel51__hard-hat-detection/data/hard_hat_workers3450.png	266844	1789680528.9768887510
Voxel51__hard-hat-detection/data/hard_hat_workers3578.png	208549	1789680545.6889485940
Voxel51__hard-hat-detection/data/hard_hat_workers3451.png	321125	1789680529.0288889350
Voxel51__hard-hat-detection/data/hard_hat_workers3577.png	319688	1789680545.7009486380
Voxel51__hard-hat-detection/data/hard_hat_workers3452.png	260763	1789680529.2928898690
Voxel51__hard-hat-detection/data/hard_hat_workers3483.png	235215	1789680533.0009030190
Voxel51__hard-hat-detection/data/hard_hat_workers3455.png	192189	1789680529.4208903220
Voxel51__hard-hat-detection/data/hard_hat_workers3580.png	201379	1789680545.7049486520
Voxel51__hard-hat-detection/data/hard_hat_workers3453.png	293620	1789680529.4728905050
Voxel51__hard-hat-detection/data/hard_hat_workers3579.png	336327	1789680545.7689488840
Voxel51__hard-hat-detection/data/hard_hat_workers3456.png	260299	1789680529.6168910150
Voxel51__hard-hat-detection/data/hard_hat_workers3581.png	199403	1789680545.8689492460
Voxel51__hard-hat-detection/data/hard_hat_workers3454.png	229140	1789680529.6448911140
Voxel51__hard-hat-detection/data/hard_hat_workers358.png	264931	1789680545.8769492750
Voxel51__hard-hat-detection/data/hard_hat_workers346.png	237713	1789680530.2048930960
Voxel51__hard-hat-detection/data/hard_hat_workers3582.png	310759	1789680546.1169501460
Voxel51__hard-hat-detection/data/hard_hat_workers3458.png	187612	1789680530.2168931390
Voxel51__hard-hat-detection/data/hard_hat_workers3584.png	297119	1789680546.3529510030
Voxel51__hard-hat-detection/data/hard_hat_workers3457.png	270558	1789680530.2368932090
Voxel51__hard-hat-detection/data/hard_hat_workers3572.png	282075	1789680545.0689463460
Voxel51__hard-hat-detection/data/hard_hat_workers3501.png	227910	1789680535.8209130730
Voxel51__hard-hat-detection/data/hard_hat_workers3557.png	290961	1789680542.7649380130
Voxel51__hard-hat-detection/data/hard_hat_workers3500.png	291484	1789680535.9249134450
Voxel51__hard-hat-detection/data/hard_hat_workers3544.png	329020	1789680541.2209324450
Voxel51__hard-hat-detection/data/hard_hat_workers3503.png	308007	1789680536.0089137440
Voxel51__hard-hat-detection/data/hard_hat_workers3553.png	287300	1789680542.5969374070
Voxel51__hard-hat-detection/data/hard_hat_workers3504.png	257588	1789680536.0489138870
Voxel51__hard-hat-detection/data/hard_hat_workers3545.png	216582	1789680541.3009327330
Voxel51__hard-hat-detection/data/hard_hat_workers3502.png	291320	1789680536.1009140730
Voxel51__hard-hat-detection/data/hard_hat_workers3558.png	209294	1789680543.1169392840
Voxel51__hard-hat-detection/data/hard_hat_workers3505.png	204271	1789680536.1809143590
Voxel51__hard-hat-detection/data/hard_hat_workers3543.png	287726	1789680541.3249328200
Voxel51__hard-hat-detection/data/hard_hat_workers3506.png	316557	1789680536.5809157900
Voxel51__hard-hat-detection/data/hard_hat_workers3554.png	250663	1789680542.5929373930
Voxel51__hard-hat-detection/data/hard_hat_workers3509.png	207431	1789680536.6129159050
Voxel51__hard-hat-detection/data/hard_hat_workers3546.png	189807	1789680541.4289331940
Voxel51__hard-hat-detection/data/hard_hat_workers3507.png	328295	1789680536.6169159190
Voxel51__hard-hat-detection/data/hard_hat_workers3555.png	268208	1789680542.8649383740
Voxel51__hard-hat-detection/data/hard_hat_workers3508.png	220290	1789680536.7569164190
Voxel51__hard-hat-detection/data/hard_hat_workers357.png	295009	1789680544.4449440870
Voxel51__hard-hat-detection/data/hard_hat_workers351.png	250943	1789680536.7969165630
Voxel51__hard-hat-detection/data/hard_hat_workers3547.png	163323	1789680541.6889341320
Voxel51__hard-hat-detection/data/hard_hat_workers3510.png	288438	1789680537.0649175220
Voxel51__hard-hat-detection/data/hard_hat_workers3561.png	259691	1789680543.2249396750
Voxel51__hard-hat-detection/data/hard_hat_workers3511.png	197837	1789680537.1929179800
Voxel51__hard-hat-detection/data/hard_hat_workers3548.png	279249	1789680541.8969348810
Voxel51__hard-hat-detection/data/hard_hat_workers3512.png	176054	1789680537.2489181810
Voxel51__hard-hat-detection/data/hard_hat_workers3560.png	343040	1789680543.4969406580
Voxel51__hard-hat-detection/data/hard_hat_workers3513.png	232968	1789680537.3809186540
Voxel51__hard-hat-detection/data/hard_hat_workers3549.png	238598	1789680541.9409350400
Voxel51__hard-hat-detection/data/hard_hat_workers3515.png	160107	1789680537.3969187110
Voxel51__hard-hat-detection/data/hard_hat_workers3559.png	295449	1789680543.3129399930
Voxel51__hard-hat-detection/data/hard_hat_workers3514.png	258738	1789680537.5889193980
Voxel51__hard-hat-detection/data/hard_hat_workers3516.png	182721	1789680537.5889193980
Voxel51__hard-hat-detection/data/hard_hat_workers3556.png	310094	1789680542.5849373640
Voxel51__hard-hat-detection/data/hard_hat_workers355.png	385806	1789680541.9769351700
Voxel51__hard-hat-detection/data/hard_hat_workers3518.png	226463	1789680537.8849204580
Voxel51__hard-hat-detection/data/hard_hat_workers3562.png	289536	1789680543.5609408900
Voxel51__hard-hat-detection/data/hard_hat_workers3517.png	258337	1789680537.9729207740
Voxel51__hard-hat-detection/data/hard_hat_workers3550.png	186273	1789680541.9769351700
Voxel51__hard-hat-detection/data/hard_hat_workers3519.png	279137	1789680537.9849208170
Voxel51__hard-hat-detection/data/hard_hat_workers3570.png	226060	1789680544.6529448400
Voxel51__hard-hat-detection/data/hard_hat_workers352.png	298971	1789680538.0209209450
Voxel51__hard-hat-detection/data/hard_hat_workers356.png	335807	1789680543.2689398340
Voxel51__hard-hat-detection/data/hard_hat_workers3520.png	330237	1789680538.3249220360
Voxel51__hard-hat-detection/data/hard_hat_workers3551.png	277750	1789680542.2209360500
Voxel51__hard-hat-detection/data/hard_hat_workers3521.png	262399	1789680538.3369220790
Voxel51__hard-hat-detection/data/hard_hat_workers3563.png	156070	1789680543.8169418140
Voxel51__hard-hat-detection/data/hard_hat_workers3522.png	285214	1789680538.4689225530
Voxel51__hard-hat-detection/data/hard_hat_workers3552.png	179719	1789680542.2969363240
Voxel51__hard-hat-detection/data/hard_hat_workers3523.png	312564	1789680538.7369235140
Voxel51__hard-hat-detection/data/hard_hat_workers3567.png	252836	1789680544.1729431020
Voxel51__hard-hat-detection/data/hard_hat_workers3525.png	359060	1789680538.8289238450
Voxel51__hard-hat-detection/data/hard_hat_workers3565.png	375286	1789680544.3729438260
Voxel51__hard-hat-detection/data/hard_hat_workers3524.png	291959	1789680538.9649243320
Voxel51__hard-hat-detection/data/hard_hat_workers3569.png	264393	1789680544.4129439710
Voxel51__hard-hat-detection/data/hard_hat_workers3527.png	233497	1789680539.1049248350
Voxel51__hard-hat-detection/data/hard_hat_workers3564.png	286271	1789680544.2449433630
Voxel51__hard-hat-detection/data/hard_hat_workers3526.png	275727	1789680539.1169248780
Voxel51__hard-hat-detection/data/hard_hat_workers3566.png	248639	1789680544.1769431170
Voxel51__hard-hat-detection/data/hard_hat_workers3528.png	306235	1789680539.2769254530
Voxel51__hard-hat-detection/data/hard_hat_workers3657.png	258992	1789680555.8889858620
Voxel51__hard-hat-detection/data/hard_hat_workers353.png	262546	1789680539.2969255250
Voxel51__hard-hat-detection/data/hard_hat_workers3571.png	216681	1789680544.7089450430
Voxel51__hard-hat-detection/data/hard_hat_workers3529.png	288685	1789680539.4209259710
Voxel51__hard-hat-detection/data/hard_hat_workers3568.png	226359	1789680544.4289440290
Voxel51__hard-hat-detection/data/hard_hat_workers3530.png	273062	1789680539.4489260710
Voxel51__hard-hat-detection/data/hard_hat_workers3659.png	282774	1789680556.0729865400
Voxel51__hard-hat-detection/data/hard_hat_workers3531.png	243150	1789680539.6729268760
Voxel51__hard-hat-detection/data/hard_hat_workers3658.png	266047	1789680556.1369867750
Voxel51__hard-hat-detection/data/hard_hat_workers3532.png	258059	1789680539.8489275080
Voxel51__hard-hat-detection/data/hard_hat_workers3660.png	259215	1789680556.1609868640
Voxel51__hard-hat-detection/data/hard_hat_workers3533.png	308515	1789680539.9849279970
Voxel51__hard-hat-detection/data/hard_hat_workers366.png	307454	1789680556.2489871880
Voxel51__hard-hat-detection/data/hard_hat_workers3534.png	204981	1789680539.9889280110
Voxel51__hard-hat-detection/data/hard_hat_workers3655.png	375893	1789680555.7969855240
Voxel51__hard-hat-detection/data/hard_hat_workers3535.png	353693	1789680540.2329288890
Voxel51__hard-hat-detection/data/hard_hat_workers3661.png	270190	1789680556.3969877330
Voxel51__hard-hat-detection/data/hard_hat_workers3536.png	262747	1789680540.3529293210
Voxel51__hard-hat-detection/data/hard_hat_workers3664.png	221438	1789680556.5169881750
Voxel51__hard-hat-detection/data/hard_hat_workers3539.png	269863	1789680540.5049298680
Voxel51__hard-hat-detection/data/hard_hat_workers3662.png	291917	1789680556.5449882780
Voxel51__hard-hat-detection/data/hard_hat_workers3538.png	289482	1789680540.5249299390
Voxel51__hard-hat-detection/data/hard_hat_workers3663.png	275925	1789680556.5969884700
Voxel51__hard-hat-detection/data/hard_hat_workers354.png	195383	1789680540.5609300690
Voxel51__hard-hat-detection/data/hard_hat_workers3573.png	358874	1789680545.0089461280
Voxel51__hard-hat-detection/data/hard_hat_workers3537.png	225158	1789680540.5729301130
Voxel51__hard-hat-detection/data/hard_hat_workers3665.png	311657	1789680556.7369889860
Voxel51__hard-hat-detection/data/hard_hat_workers3541.png	213997	1789680540.7729308320
Voxel51__hard-hat-detection/data/hard_hat_workers3666.png	281584	1789680557.1529905200
Voxel51__hard-hat-detection/data/hard_hat_workers3540.png	208690	1789680540.9089313210
Voxel51__hard-hat-detection/data/hard_hat_workers3542.png	296843	1789680541.1369321420
Voxel51__hard-hat-detection/data/hard_hat_workers3583.png	200220	1789680546.3809511050
Voxel51__hard-hat-detection/data/hard_hat_workers3625.png	196832	1789680551.8889711810
Voxel51__hard-hat-detection/data/hard_hat_workers3585.png	196365	1789680546.5969518890
Voxel51__hard-hat-detection/data/hard_hat_workers3637.png	180081	1789680553.3009763540
Voxel51__hard-hat-detection/data/hard_hat_workers3586.png	243578	1789680546.7849525720
Voxel51__hard-hat-detection/data/hard_hat_workers3626.png	256438	1789680552.0009715910
Voxel51__hard-hat-detection/data/hard_hat_workers3587.png	291698	1789680546.9289530940
Voxel51__hard-hat-detection/data/hard_hat_workers3639.png	182690	1789680553.4489768970
Voxel51__hard-hat-detection/data/hard_hat_workers3589.png	316599	1789680546.9889533120
Voxel51__hard-hat-detection/data/hard_hat_workers3627.png	273596	1789680552.0969719420
Voxel51__hard-hat-detection/data/hard_hat_workers359.png	265200	1789680547.0369534870
Voxel51__hard-hat-detection/data/hard_hat_workers3652.png	255484	1789680555.1129830070
Voxel51__hard-hat-detection/data/hard_hat_workers3590.png	333199	1789680547.1169537770
Voxel51__hard-hat-detection/data/hard_hat_workers3654.png	195775	1789680555.1969833160
Voxel51__hard-hat-detection/data/hard_hat_workers3588.png	216935	1789680547.1569539230
Voxel51__hard-hat-detection/data/hard_hat_workers3641.png	321973	1789680553.6209775280
Voxel51__hard-hat-detection/data/hard_hat_workers3592.png	234535	1789680547.3449546070
Voxel51__hard-hat-detection/data/hard_hat_workers3628.png	211029	1789680552.1569721620
Voxel51__hard-hat-detection/data/hard_hat_workers3591.png	293509	1789680547.3609546650
Voxel51__hard-hat-detection/data/hard_hat_workers3638.png	210148	1789680553.5209771610
Voxel51__hard-hat-detection/data/hard_hat_workers3593.png	345005	1789680547.3889547660
Voxel51__hard-hat-detection/data/hard_hat_workers363.png	175344	1789680552.1849722640
Voxel51__hard-hat-detection/data/hard_hat_workers3594.png	381299	1789680547.6809558280
Voxel51__hard-hat-detection/data/hard_hat_workers3640.png	279707	1789680553.7489779970
Voxel51__hard-hat-detection/data/hard_hat_workers3595.png	283499	1789680547.8649564980
Voxel51__hard-hat-detection/data/hard_hat_workers3629.png	198457	1789680552.3169727480
Voxel51__hard-hat-detection/data/hard_hat_workers3596.png	260458	1789680547.8929565990
Voxel51__hard-hat-detection/data/hard_hat_workers3642.png	207793	1789680553.9369786870
Voxel51__hard-hat-detection/data/hard_hat_workers3598.png	292777	1789680548.1369574870
Voxel51__hard-hat-detection/data/hard_hat_workers3630.png	147442	1789680552.3729729530
Voxel51__hard-hat-detection/data/hard_hat_workers3597.png	216315	1789680548.1569575600
Voxel51__hard-hat-detection/data/hard_hat_workers364.png	362771	1789680553.6889777770
Voxel51__hard-hat-detection/data/hard_hat_workers36.png	180939	1789680548.3089581140
Voxel51__hard-hat-detection/data/hard_hat_workers3631.png	304885	1789680552.5689736710
Voxel51__hard-hat-detection/data/hard_hat_workers3599.png	188219	1789680548.3169581430
Voxel51__hard-hat-detection/data/hard_hat_workers3651.png	263465	1789680555.2369834630
Voxel51__hard-hat-detection/data/hard_hat_workers360.png	314935	1789680548.4089584780
Voxel51__hard-hat-detection/data/hard_hat_workers3643.png	323158	1789680553.9569787600
Voxel51__hard-hat-detection/data/hard_hat_workers3600.png	212951	1789680548.6609593950
Voxel51__hard-hat-detection/data/hard_hat_workers3632.png	283921	1789680552.6489739640
Voxel51__hard-hat-detection/data/hard_hat_workers3603.png	125549	1789680548.7009595410
Voxel51__hard-hat-detection/data/hard_hat_workers3644.png	254713	1789680554.2969800090
Voxel51__hard-hat-detection/data/hard_hat_workers3601.png	235573	1789680548.7129595850
Voxel51__hard-hat-detection/data/hard_hat_workers3635.png	236206	1789680552.9369750190
Voxel51__hard-hat-detection/data/hard_hat_workers3604.png	228626	1789680549.1729612610
Voxel51__hard-hat-detection/data/hard_hat_workers3633.png	304867	1789680553.0849755610
Voxel51__hard-hat-detection/data/hard_hat_workers3606.png	234422	1789680549.2809616550
Voxel51__hard-hat-detection/data/hard_hat_workers3647.png	263637	1789680554.4689806410
Voxel51__hard-hat-detection/data/hard_hat_workers3605.png	250655	1789680549.3169617860
Voxel51__hard-hat-detection/data/hard_hat_workers3634.png	179223	1789680553.1609758400
Voxel51__hard-hat-detection/data/hard_hat_workers3602.png	322824	1789680549.3249618150
Voxel51__hard-hat-detection/data/hard_hat_workers3636.png	332234	1789680553.1809759130
Voxel51__hard-hat-detection/data/hard_hat_workers3607.png	228900	1789680549.3969620780
Voxel51__hard-hat-detection/data/hard_hat_workers3646.png	300176	1789680554.5049807730
Voxel51__hard-hat-detection/data/hard_hat_workers3608.png	236768	1789680549.5729627190
Voxel51__hard-hat-detection/data/hard_hat_workers3649.png	177995	1789680554.7729817580
Voxel51__hard-hat-detection/data/hard_hat_workers3609.png	249628	1789680549.7209632590
Voxel51__hard-hat-detection/data/hard_hat_workers3653.png	219874	1789680555.3369838310
Voxel51__hard-hat-detection/data/hard_hat_workers3610.png	229844	1789680549.7249632740
Voxel51__hard-hat-detection/data/hard_hat_workers365.png	234431	1789680554.9009822280
Voxel51__hard-hat-detection/data/hard_hat_workers361.png	217362	1789680549.8329636680
Voxel51__hard-hat-detection/data/hard_hat_workers3739.png	290628	1789680566.4730251170
Voxel51__hard-hat-detection/data/hard_hat_workers3611.png	316177	1789680550.1489648210
Voxel51__hard-hat-detection/data/hard_hat_workers3740.png	262777	1789680566.5370253560
Voxel51__hard-hat-detection/data/hard_hat_workers3613.png	303173	1789680550.1729649080
Voxel51__hard-hat-detection/data/hard_hat_workers3742.png	255384	1789680566.8930266860
Voxel51__hard-hat-detection/data/hard_hat_workers3612.png	258867	1789680550.2209650840
Voxel51__hard-hat-detection/data/hard_hat_workers3743.png	236891	1789680567.0450272550
Voxel51__hard-hat-detection/data/hard_hat_workers3614.png	219855	1789680550.5049661210
Voxel51__hard-hat-detection/data/hard_hat_workers3741.png	219125	1789680567.0530272840
Voxel51__hard-hat-detection/data/hard_hat_workers3615.png	306529	1789680550.6009664720
Voxel51__hard-hat-detection/data/hard_hat_workers3744.png	251493	1789680567.1810277630
Voxel51__hard-hat-detection/data/hard_hat_workers3617.png	343263	1789680550.7489670130
Voxel51__hard-hat-detection/data/hard_hat_workers3645.png	254948	1789680554.3769803030
Voxel51__hard-hat-detection/data/hard_hat_workers3616.png	282330	1789680550.7569670420
Voxel51__hard-hat-detection/data/hard_hat_workers3745.png	230406	1789680567.2730281070
Voxel51__hard-hat-detection/data/hard_hat_workers3618.png	294596	1789680550.8329673190
Voxel51__hard-hat-detection/data/hard_hat_workers3747.png	237533	1789680567.3370283470
Voxel51__hard-hat-detection/data/hard_hat_workers3619.png	287905	1789680550.8609674210
Voxel51__hard-hat-detection/data/hard_hat_workers3656.png	311951	1789680555.6809850970
Voxel51__hard-hat-detection/data/hard_hat_workers3621.png	138101	1789680551.0529681230
Voxel51__hard-hat-detection/data/hard_hat_workers3648.png	272038	1789680554.7329816110
Voxel51__hard-hat-detection/data/hard_hat_workers362.png	211840	1789680551.0569681370
Voxel51__hard-hat-detection/data/hard_hat_workers3746.png	342463	1789680567.4250286760
Voxel51__hard-hat-detection/data/hard_hat_workers3620.png	294628	1789680551.1769685770
Voxel51__hard-hat-detection/data/hard_hat_workers3749.png	191423	1789680567.5570291700
Voxel51__hard-hat-detection/data/hard_hat_workers3622.png	252185	1789680551.5169698200
Voxel51__hard-hat-detection/data/hard_hat_workers3624.png	228579	1789680551.5169698200
Voxel51__hard-hat-detection/data/hard_hat_workers3748.png	255020	1789680567.6970296940
Voxel51__hard-hat-detection/data/hard_hat_workers3650.png	223260	1789680555.0449827570
Voxel51__hard-hat-detection/data/hard_hat_workers3623.png	277294	1789680551.6689703760
Voxel51__hard-hat-detection/data/hard_hat_workers374.png	215006	1789680566.3210245490
Voxel51__hard-hat-detection/data/hard_hat_workers3668.png	189745	1789680557.1609905490
Voxel51__hard-hat-detection/data/hard_hat_workers3708.png	173135	1789680562.6330108070
Voxel51__hard-hat-detection/data/hard_hat_workers3667.png	279868	1789680557.2489908740
Voxel51__hard-hat-detection/data/hard_hat_workers372.png	253496	1789680564.0970162530
Voxel51__hard-hat-detection/data/hard_hat_workers3669.png	228343	1789680557.5129918480
Voxel51__hard-hat-detection/data/hard_hat_workers3733.png	262038	1789680565.8610228310
Voxel51__hard-hat-detection/data/hard_hat_workers3670.png	296927	1789680557.6409923200
Voxel51__hard-hat-detection/data/hard_hat_workers3709.png	230064	1789680562.7370111940
Voxel51__hard-hat-detection/data/hard_hat_workers367.png	261195	1789680557.6969925270
Voxel51__hard-hat-detection/data/hard_hat_workers3723.png	234708	1789680564.2610168640
Voxel51__hard-hat-detection/data/hard_hat_workers3671.png	264145	1789680557.7449927040
Voxel51__hard-hat-detection/data/hard_hat_workers3711.png	191225	1789680562.9530119960
Voxel51__hard-hat-detection/data/hard_hat_workers3672.png	276447	1789680557.7809928360
Voxel51__hard-hat-detection/data/hard_hat_workers3724.png	246752	1789680564.5850180720
Voxel51__hard-hat-detection/data/hard_hat_workers3673.png	260390	1789680557.9409934270
Voxel51__hard-hat-detection/data/hard_hat_workers3710.png	196938	1789680562.9650120410
Voxel51__hard-hat-detection/data/hard_hat_workers3674.png	270944	1789680558.0369937810
Voxel51__hard-hat-detection/data/hard_hat_workers3722.png	239344	1789680564.4130174310
Voxel51__hard-hat-detection/data/hard_hat_workers3675.png	208439	1789680558.0569938550
Voxel51__hard-hat-detection/data/hard_hat_workers3713.png	185961	1789680563.0610123980
Voxel51__hard-hat-detection/data/hard_hat_workers3676.png	236237	1789680558.0929939880
Voxel51__hard-hat-detection/data/hard_hat_workers3720.png	209792	1789680564.4530175790
Voxel51__hard-hat-detection/data/hard_hat_workers3678.png	126586	1789680558.5409956430
Voxel51__hard-hat-detection/data/hard_hat_workers3715.png	190068	1789680563.0690124270
Voxel51__hard-hat-detection/data/hard_hat_workers3677.png	291545	1789680558.6129959100
Voxel51__hard-hat-detection/data/hard_hat_workers3721.png	253882	1789680564.2770169240
Voxel51__hard-hat-detection/data/hard_hat_workers3679.png	363292	1789680558.7009962350
Voxel51__hard-hat-detection/data/hard_hat_workers3735.png	203067	1789680565.9330230990
Voxel51__hard-hat-detection/data/hard_hat_workers368.png	267486	1789680558.8249966930
Voxel51__hard-hat-detection/data/hard_hat_workers371.png	294194	1789680563.2050129340
Voxel51__hard-hat-detection/data/hard_hat_workers3681.png	260932	1789680558.9489971510
Voxel51__hard-hat-detection/data/hard_hat_workers3725.png	307693	1789680564.7090185330
Voxel51__hard-hat-detection/data/hard_hat_workers3680.png	262122	1789680558.9689972250
Voxel51__hard-hat-detection/data/hard_hat_workers3712.png	273370	1789680563.2530131120
Voxel51__hard-hat-detection/data/hard_hat_workers3682.png	224514	1789680559.0929976830
Voxel51__hard-hat-detection/data/hard_hat_workers3726.png	297516	1789680564.7170185640
Voxel51__hard-hat-detection/data/hard_hat_workers3683.png	202305	1789680559.2169981420
Voxel51__hard-hat-detection/data/hard_hat_workers3714.png	281171	1789680563.3330134100
Voxel51__hard-hat-detection/data/hard_hat_workers3687.png	243900	1789680559.3969988080
Voxel51__hard-hat-detection/data/hard_hat_workers3727.png	268820	1789680564.8570190850
Voxel51__hard-hat-detection/data/hard_hat_workers3685.png	277420	1789680559.4049988380
Voxel51__hard-hat-detection/data/hard_hat_workers3717.png	279844	1789680563.3610135140
Voxel51__hard-hat-detection/data/hard_hat_workers3684.png	324687	1789680559.4489990010
Voxel51__hard-hat-detection/data/hard_hat_workers3728.png	290397	1789680565.0130196670
Voxel51__hard-hat-detection/data/hard_hat_workers3686.png	259492	1789680559.7009999330
Voxel51__hard-hat-detection/data/hard_hat_workers3718.png	222552	1789680563.5250141240
Voxel51__hard-hat-detection/data/hard_hat_workers3688.png	252205	1789680559.8330004220
Voxel51__hard-hat-detection/data/hard_hat_workers3716.png	236506	1789680563.7290148830
Voxel51__hard-hat-detection/data/hard_hat_workers3689.png	356685	1789680560.0450012060
Voxel51__hard-hat-detection/data/hard_hat_workers3736.png	329596	1789680566.0290234570
Voxel51__hard-hat-detection/data/hard_hat_workers369.png	231313	1789680560.1410015620
Voxel51__hard-hat-detection/data/hard_hat_workers3737.png	303096	1789680566.2050241150
Voxel51__hard-hat-detection/data/hard_hat_workers3690.png	397177	1789680560.2290018880
Voxel51__hard-hat-detection/data/hard_hat_workers373.png	222230	1789680565.2690206220
Voxel51__hard-hat-detection/data/hard_hat_workers3692.png	228237	1789680560.3090021840
Voxel51__hard-hat-detection/data/hard_hat_workers3719.png	254622	1789680563.9730157910
Voxel51__hard-hat-detection/data/hard_hat_workers3691.png	312175	1789680560.3610023770
Voxel51__hard-hat-detection/data/hard_hat_workers3732.png	236654	1789680565.6210219350
Voxel51__hard-hat-detection/data/hard_hat_workers3693.png	191658	1789680560.5690031470
Voxel51__hard-hat-detection/data/hard_hat_workers3731.png	267458	1789680565.6930222040
Voxel51__hard-hat-detection/data/hard_hat_workers3694.png	220747	1789680560.5770031770
Voxel51__hard-hat-detection/data/hard_hat_workers3734.png	199400	1789680565.7130222790
Voxel51__hard-hat-detection/data/hard_hat_workers3695.png	204089	1789680560.7050036520
Voxel51__hard-hat-detection/data/hard_hat_workers3730.png	261856	1789680565.6570220700
Voxel51__hard-hat-detection/data/hard_hat_workers3696.png	288940	1789680560.7090036660
Voxel51__hard-hat-detection/data/hard_hat_workers3822.png	327436	1789680577.2730657700
Voxel51__hard-hat-detection/data/hard_hat_workers3697.png	244241	1789680560.8330041260
Voxel51__hard-hat-detection/data/hard_hat_workers3823.png	291720	1789680577.2730657700
Voxel51__hard-hat-detection/data/hard_hat_workers3698.png	311378	1789680561.2370056240
Voxel51__hard-hat-detection/data/hard_hat_workers3824.png	215035	1789680577.4730665290
Voxel51__hard-hat-detection/data/hard_hat_workers3699.png	254132	1789680561.3170059210
Voxel51__hard-hat-detection/data/hard_hat_workers3825.png	278289	1789680577.6370671510
Voxel51__hard-hat-detection/data/hard_hat_workers37.png	197163	1789680561.4290063360
Voxel51__hard-hat-detection/data/hard_hat_workers3738.png	304038	1789680566.2650243400
Voxel51__hard-hat-detection/data/hard_hat_workers3701.png	261479	1789680561.6090070040
Voxel51__hard-hat-detection/data/hard_hat_workers3826.png	210728	1789680577.6450671810
Voxel51__hard-hat-detection/data/hard_hat_workers370.png	258527	1789680561.7170074050
Voxel51__hard-hat-detection/data/hard_hat_workers3827.png	268448	1789680577.8050677880
Voxel51__hard-hat-detection/data/hard_hat_workers3702.png	238085	1789680561.7450075090
Voxel51__hard-hat-detection/data/hard_hat_workers3729.png	308810	1789680565.0490198010
Voxel51__hard-hat-detection/data/hard_hat_workers3700.png	308234	1789680561.8130077610
Voxel51__hard-hat-detection/data/hard_hat_workers3828.png	198744	1789680578.0130685770
Voxel51__hard-hat-detection/data/hard_hat_workers3703.png	175463	1789680561.8970080730
Voxel51__hard-hat-detection/data/hard_hat_workers383.png	244682	1789680578.2570695040
Voxel51__hard-hat-detection/data/hard_hat_workers3704.png	202991	1789680561.9170081470
Voxel51__hard-hat-detection/data/hard_hat_workers3829.png	333234	1789680578.2930696410
Voxel51__hard-hat-detection/data/hard_hat_workers3707.png	204038	1789680562.1570090390
Voxel51__hard-hat-detection/data/hard_hat_workers3830.png	190222	1789680578.3530698690
Voxel51__hard-hat-detection/data/hard_hat_workers3705.png	274027	1789680562.1730090980
Voxel51__hard-hat-detection/data/hard_hat_workers3831.png	218747	1789680578.4490702330
Voxel51__hard-hat-detection/data/hard_hat_workers3706.png	324202	1789680562.2010092020
Voxel51__hard-hat-detection/data/hard_hat_workers3821.png	292298	1789680577.2410656490
Voxel51__hard-hat-detection/data/hard_hat_workers3750.png	325728	1789680567.7010297090
Voxel51__hard-hat-detection/data/hard_hat_workers3790.png	256334	1789680573.0450497840
Voxel51__hard-hat-detection/data/hard_hat_workers3751.png	299343	1789680567.7490298880
Voxel51__hard-hat-detection/data/hard_hat_workers3804.png	257766	1789680574.6570558680
Voxel51__hard-hat-detection/data/hard_hat_workers375.png	338870	1789680567.8250301730
Voxel51__hard-hat-detection/data/hard_hat_workers3793.png	196290	1789680573.3090507800
Voxel51__hard-hat-detection/data/hard_hat_workers3752.png	259845	1789680568.3010319550
Voxel51__hard-hat-detection/data/hard_hat_workers3801.png	276938	1789680574.5530554750
Voxel51__hard-hat-detection/data/hard_hat_workers3754.png	271743	1789680568.4610325550
Voxel51__hard-hat-detection/data/hard_hat_workers3794.png	167966	1789680573.3250508400
Voxel51__hard-hat-detection/data/hard_hat_workers3753.png	251495	1789680568.4970326900
Voxel51__hard-hat-detection/data/hard_hat_workers3805.png	340825	1789680575.0370573040
Voxel51__hard-hat-detection/data/hard_hat_workers3756.png	262132	1789680568.5530329000
Voxel51__hard-hat-detection/data/hard_hat_workers3792.png	308687	1789680573.3530509460
Voxel51__hard-hat-detection/data/hard_hat_workers3755.png	323403	1789680568.6170331390
Voxel51__hard-hat-detection/data/hard_hat_workers3803.png	295767	1789680574.7850563520
Voxel51__hard-hat-detection/data/hard_hat_workers3757.png	152965	1789680568.7450336190
Voxel51__hard-hat-detection/data/hard_hat_workers3795.png	294059	1789680573.5530517000
Voxel51__hard-hat-detection/data/hard_hat_workers3758.png	186936	1789680568.7770337390
Voxel51__hard-hat-detection/data/hard_hat_workers3807.png	289923	1789680575.3730585750
Voxel51__hard-hat-detection/data/hard_hat_workers3759.png	266565	1789680569.0050345930
Voxel51__hard-hat-detection/data/hard_hat_workers3817.png	316280	1789680576.7090636320
Voxel51__hard-hat-detection/data/hard_hat_workers3760.png	176929	1789680569.1050349690
Voxel51__hard-hat-detection/data/hard_hat_workers3798.png	292435	1789680573.8730529070
Voxel51__hard-hat-detection/data/hard_hat_workers3761.png	214336	1789680569.1770352390
Voxel51__hard-hat-detection/data/hard_hat_workers3808.png	292659	1789680575.4770589680
Voxel51__hard-hat-detection/data/hard_hat_workers376.png	328537	1789680569.1930352990
Voxel51__hard-hat-detection/data/hard_hat_workers3796.png	172009	1789680573.9090530430
Voxel51__hard-hat-detection/data/hard_hat_workers3762.png	215889	1789680569.3370358390
Voxel51__hard-hat-detection/data/hard_hat_workers3806.png	245265	1789680575.3810586050
Voxel51__hard-hat-detection/data/hard_hat_workers3763.png	233801	1789680569.7250372950
Voxel51__hard-hat-detection/data/hard_hat_workers3799.png	232958	1789680573.9730532850
Voxel51__hard-hat-detection/data/hard_hat_workers3766.png	311419	1789680569.8490377600
Voxel51__hard-hat-detection/data/hard_hat_workers381.png	232011	1789680575.7130598610
Voxel51__hard-hat-detection/data/hard_hat_workers3765.png	290634	1789680569.8730378500
Voxel51__hard-hat-detection/data/hard_hat_workers3797.png	263150	1789680574.0290534960
Voxel51__hard-hat-detection/data/hard_hat_workers3764.png	286482	1789680569.9010379550
Voxel51__hard-hat-detection/data/hard_hat_workers3813.png	279820	1789680575.9850608900
Voxel51__hard-hat-detection/data/hard_hat_workers3767.png	342923	1789680570.1010387060
Voxel51__hard-hat-detection/data/hard_hat_workers38.png	282316	1789680574.3090545540
Voxel51__hard-hat-detection/data/hard_hat_workers3768.png	307079	1789680570.1770389920
Voxel51__hard-hat-detection/data/hard_hat_workers3812.png	235362	1789680575.7650600580
Voxel51__hard-hat-detection/data/hard_hat_workers3769.png	259497	1789680570.2770393670
Voxel51__hard-hat-detection/data/hard_hat_workers3818.png	204264	1789680576.8690642390
Voxel51__hard-hat-detection/data/hard_hat_workers377.png	192537	1789680570.3930398030
Voxel51__hard-hat-detection/data/hard_hat_workers380.png	224768	1789680574.3130545690
Voxel51__hard-hat-detection/data/hard_hat_workers3772.png	312448	1789680570.5890405400
Voxel51__hard-hat-detection/data/hard_hat_workers3809.png	233631	1789680575.8530603910
Voxel51__hard-hat-detection/data/hard_hat_workers3770.png	283519	1789680570.6010405850
Voxel51__hard-hat-detection/data/hard_hat_workers3800.png	350695	1789680574.4650551430
Voxel51__hard-hat-detection/data/hard_hat_workers3773.png	221161	1789680570.6010405850
Voxel51__hard-hat-detection/data/hard_hat_workers3802.png	238993	1789680574.4890552340
Voxel51__hard-hat-detection/data/hard_hat_workers3771.png	202806	1789680570.7170410210
Voxel51__hard-hat-detection/data/hard_hat_workers3811.png	143987	1789680575.7770601030
Voxel51__hard-hat-detection/data/hard_hat_workers3774.png	249618	1789680571.1410426150
Voxel51__hard-hat-detection/data/hard_hat_workers3814.png	291503	1789680576.1130613750
Voxel51__hard-hat-detection/data/hard_hat_workers3776.png	314450	1789680571.1770427500
Voxel51__hard-hat-detection/data/hard_hat_workers3815.png	318397	1789680576.3370622230
Voxel51__hard-hat-detection/data/hard_hat_workers3775.png	322589	1789680571.3050432320
Voxel51__hard-hat-detection/data/hard_hat_workers3816.png	288447	1789680576.4290625720
Voxel51__hard-hat-detection/data/hard_hat_workers3777.png	255886	1789680571.3370433520
Voxel51__hard-hat-detection/data/hard_hat_workers3907.png	284075	1789680588.1771074170
Voxel51__hard-hat-detection/data/hard_hat_workers3778.png	222231	1789680571.4970439540
Voxel51__hard-hat-detection/data/hard_hat_workers3906.png	294170	1789680588.2371076480
Voxel51__hard-hat-detection/data/hard_hat_workers3779.png	200943	1789680571.5530441640
Voxel51__hard-hat-detection/data/hard_hat_workers382.png	225882	1789680576.9530645570
Voxel51__hard-hat-detection/data/hard_hat_workers3780.png	270027	1789680571.6450445100
Voxel51__hard-hat-detection/data/hard_hat_workers391.png	275879	1789680588.3851082180
Voxel51__hard-hat-detection/data/hard_hat_workers378.png	256309	1789680571.6570445560
Voxel51__hard-hat-detection/data/hard_hat_workers3905.png	352113	1789680588.4491084640
Voxel51__hard-hat-detection/data/hard_hat_workers3783.png	282361	1789680571.9010454740
Voxel51__hard-hat-detection/data/hard_hat_workers3908.png	279888	1789680588.4691085400
Voxel51__hard-hat-detection/data/hard_hat_workers3781.png	309886	1789680571.9930458200
Voxel51__hard-hat-detection/data/hard_hat_workers3909.png	243348	1789680588.5011086640
Voxel51__hard-hat-detection/data/hard_hat_workers3784.png	295506	1789680572.0010458500
Voxel51__hard-hat-detection/data/hard_hat_workers3810.png	264135	1789680575.8450603610
Voxel51__hard-hat-detection/data/hard_hat_workers3782.png	262297	1789680572.1050462420
Voxel51__hard-hat-detection/data/hard_hat_workers3910.png	334306	1789680588.6331091710
Voxel51__hard-hat-detection/data/hard_hat_workers3785.png	313759	1789680572.5250478240
Voxel51__hard-hat-detection/data/hard_hat_workers3911.png	267438	1789680588.8411099720
Voxel51__hard-hat-detection/data/hard_hat_workers3787.png	242264	1789680572.5770480200
Voxel51__hard-hat-detection/data/hard_hat_workers3912.png	290988	1789680589.0371107270
Voxel51__hard-hat-detection/data/hard_hat_workers3786.png	191922	1789680572.6250482010
Voxel51__hard-hat-detection/data/hard_hat_workers3913.png	260506	1789680589.1971113430
Voxel51__hard-hat-detection/data/hard_hat_workers3788.png	271802	1789680572.7210485630
Voxel51__hard-hat-detection/data/hard_hat_workers3914.png	292190	1789680589.3851120680
Voxel51__hard-hat-detection/data/hard_hat_workers379.png	316903	1789680572.9370493760
Voxel51__hard-hat-detection/data/hard_hat_workers3820.png	327951	1789680577.0450649060
Voxel51__hard-hat-detection/data/hard_hat_workers3789.png	291719	1789680572.9770495270
Voxel51__hard-hat-detection/data/hard_hat_workers3819.png	239202	1789680577.1410652700
Voxel51__hard-hat-detection/data/hard_hat_workers3791.png	235786	1789680573.0250497080
Voxel51__hard-hat-detection/data/hard_hat_workers3902.png	293523	1789680588.0011067400
Voxel51__hard-hat-detection/data/hard_hat_workers3833.png	249785	1789680578.5490706130
Voxel51__hard-hat-detection/data/hard_hat_workers3875.png	268153	1789680583.9810913200
Voxel51__hard-hat-detection/data/hard_hat_workers3834.png	302573	1789680578.5650706740
Voxel51__hard-hat-detection/data/hard_hat_workers3884.png	300939	1789680585.3810966820
Voxel51__hard-hat-detection/data/hard_hat_workers3832.png	343039	1789680578.7730714640
Voxel51__hard-hat-detection/data/hard_hat_workers3877.png	280624	1789680584.0210914730
Voxel51__hard-hat-detection/data/hard_hat_workers3835.png	241123	1789680578.9690722080
Voxel51__hard-hat-detection/data/hard_hat_workers3888.png	258805	1789680585.5530973410
Voxel51__hard-hat-detection/data/hard_hat_workers3837.png	226288	1789680579.0170723910
Voxel51__hard-hat-detection/data/hard_hat_workers3874.png	247836	1789680584.0410915500
Voxel51__hard-hat-detection/data/hard_hat_workers3836.png	311869	1789680579.1810730140
Voxel51__hard-hat-detection/data/hard_hat_workers3886.png	243506	1789680585.4410969110
Voxel51__hard-hat-detection/data/hard_hat_workers3838.png	220975	1789680579.2890734250
Voxel51__hard-hat-detection/data/hard_hat_workers3876.png	292504	1789680584.2770924530
Voxel51__hard-hat-detection/data/hard_hat_workers3839.png	292805	1789680579.3370736070
Voxel51__hard-hat-detection/data/hard_hat_workers3900.png	332116	1789680587.5171048790
Voxel51__hard-hat-detection/data/hard_hat_workers3840.png	259461	1789680579.5690744900
Voxel51__hard-hat-detection/data/hard_hat_workers3889.png	203150	1789680585.8010982920
Voxel51__hard-hat-detection/data/hard_hat_workers384.png	175075	1789680579.5890745660
Voxel51__hard-hat-detection/data/hard_hat_workers3880.png	277487	1789680584.4410930810
Voxel51__hard-hat-detection/data/hard_hat_workers3841.png	268150	1789680579.7690752510
Voxel51__hard-hat-detection/data/hard_hat_workers3890.png	256892	1789680585.9210987510
Voxel51__hard-hat-detection/data/hard_hat_workers3842.png	279055	1789680579.8610756000
Voxel51__hard-hat-detection/data/hard_hat_workers3878.png	193697	1789680584.4930932800
Voxel51__hard-hat-detection/data/hard_hat_workers3843.png	313847	1789680580.0050761480
Voxel51__hard-hat-detection/data/hard_hat_workers3892.png	282563	1789680586.1770997330
Voxel51__hard-hat-detection/data/hard_hat_workers3844.png	187143	1789680580.0250762240
Voxel51__hard-hat-detection/data/hard_hat_workers3879.png	307391	1789680584.5370934490
Voxel51__hard-hat-detection/data/hard_hat_workers3845.png	320078	1789680580.0970764990
Voxel51__hard-hat-detection/data/hard_hat_workers389.png	274655	1789680585.9490988590
Voxel51__hard-hat-detection/data/hard_hat_workers3847.png	278098	1789680580.2970772600
Voxel51__hard-hat-detection/data/hard_hat_workers3881.png	294874	1789680584.5970936780
Voxel51__hard-hat-detection/data/hard_hat_workers3846.png	318453	1789680580.3690775350
Voxel51__hard-hat-detection/data/hard_hat_workers3894.png	218191	1789680586.4491007780
Voxel51__hard-hat-detection/data/hard_hat_workers3848.png	210280	1789680580.4090776870
Voxel51__hard-hat-detection/data/hard_hat_workers388.png	258283	1789680584.7410942290
Voxel51__hard-hat-detection/data/hard_hat_workers3849.png	201670	1789680580.6330785400
Voxel51__hard-hat-detection/data/hard_hat_workers3901.png	229721	1789680587.6131052490
Voxel51__hard-hat-detection/data/hard_hat_workers385.png	336199	1789680580.7850791180
Voxel51__hard-hat-detection/data/hard_hat_workers3891.png	246484	1789680586.3891005470
Voxel51__hard-hat-detection/data/hard_hat_workers3851.png	175644	1789680580.9010795600
Voxel51__hard-hat-detection/data/hard_hat_workers3883.png	289166	1789680584.8690947200
Voxel51__hard-hat-detection/data/hard_hat_workers3850.png	274227	1789680581.0650801850
Voxel51__hard-hat-detection/data/hard_hat_workers3895.png	271600	1789680586.6291014690
Voxel51__hard-hat-detection/data/hard_hat_workers3852.png	214139	1789680581.2410808560
Voxel51__hard-hat-detection/data/hard_hat_workers3882.png	288662	1789680584.9290949490
Voxel51__hard-hat-detection/data/hard_hat_workers3853.png	223965	1789680581.3410812380
Voxel51__hard-hat-detection/data/hard_hat_workers3893.png	318491	1789680586.5051009930
Voxel51__hard-hat-detection/data/hard_hat_workers3854.png	193644	1789680581.3570812990
Voxel51__hard-hat-detection/data/hard_hat_workers3885.png	293508	1789680585.2970963600
Voxel51__hard-hat-detection/data/hard_hat_workers3855.png	250266	1789680581.4250815580
Voxel51__hard-hat-detection/data/hard_hat_workers3896.png	206950	1789680586.8131021750
Voxel51__hard-hat-detection/data/hard_hat_workers3856.png	226708	1789680581.4890818020
Voxel51__hard-hat-detection/data/hard_hat_workers3887.png	322918	1789680585.4290968660
Voxel51__hard-hat-detection/data/hard_hat_workers3857.png	238693	1789680581.6610824580
Voxel51__hard-hat-detection/data/hard_hat_workers39.png	281575	1789680587.1131033270
Voxel51__hard-hat-detection/data/hard_hat_workers3858.png	305335	1789680581.8010829920
Voxel51__hard-hat-detection/data/hard_hat_workers390.png	288452	1789680587.3651042950
Voxel51__hard-hat-detection/data/hard_hat_workers386.png	190336	1789680581.8770832810
Voxel51__hard-hat-detection/data/hard_hat_workers3903.png	246674	1789680587.9691066170
Voxel51__hard-hat-detection/data/hard_hat_workers3859.png	302199	1789680581.9530835710
Voxel51__hard-hat-detection/data/hard_hat_workers3897.png	284940	1789680586.9611027430
Voxel51__hard-hat-detection/data/hard_hat_workers3860.png	310278	1789680582.1170841980
Voxel51__hard-hat-detection/data/hard_hat_workers3989.png	223497	1789680598.8971489370
Voxel51__hard-hat-detection/data/hard_hat_workers3861.png	239687	1789680582.2090845490
Voxel51__hard-hat-detection/data/hard_hat_workers399.png	307487	1789680599.0531495450
Voxel51__hard-hat-detection/data/hard_hat_workers3862.png	274748	1789680582.5210857400
Voxel51__hard-hat-detection/data/hard_hat_workers3991.png	243496	1789680599.1331498570
Voxel51__hard-hat-detection/data/hard_hat_workers3863.png	264387	1789680582.5610858930
Voxel51__hard-hat-detection/data/hard_hat_workers3990.png	292267	1789680599.2251502160
Voxel51__hard-hat-detection/data/hard_hat_workers3866.png	219341	1789680582.6610862750
Voxel51__hard-hat-detection/data/hard_hat_workers3992.png	271027	1789680599.3251506060
Voxel51__hard-hat-detection/data/hard_hat_workers3864.png	124478	1789680582.6890863820
Voxel51__hard-hat-detection/data/hard_hat_workers3994.png	243997	1789680599.4251509960
Voxel51__hard-hat-detection/data/hard_hat_workers3865.png	333134	1789680582.7370865650
Voxel51__hard-hat-detection/data/hard_hat_workers3993.png	199187	1789680599.5211513710
Voxel51__hard-hat-detection/data/hard_hat_workers3867.png	322476	1789680583.1010879550
Voxel51__hard-hat-detection/data/hard_hat_workers3996.png	259904	1789680599.5811516050
Voxel51__hard-hat-detection/data/hard_hat_workers3868.png	320038	1789680583.1130880010
Voxel51__hard-hat-detection/data/hard_hat_workers3899.png	210986	1789680586.8291022360
Voxel51__hard-hat-detection/data/hard_hat_workers387.png	312400	1789680583.1450881240
Voxel51__hard-hat-detection/data/hard_hat_workers3904.png	209853	1789680587.9971067240
Voxel51__hard-hat-detection/data/hard_hat_workers3869.png	261208	1789680583.1890882920
Voxel51__hard-hat-detection/data/hard_hat_workers3995.png	244446	1789680599.6171517460
Voxel51__hard-hat-detection/data/hard_hat_workers3870.png	147337	1789680583.2650885820
Voxel51__hard-hat-detection/data/hard_hat_workers3997.png	308745	1789680599.8171525260
Voxel51__hard-hat-detection/data/hard_hat_workers3871.png	232262	1789680583.4970894690
Voxel51__hard-hat-detection/data/hard_hat_workers3898.png	268575	1789680587.1251033730
Voxel51__hard-hat-detection/data/hard_hat_workers3872.png	322680	1789680583.5250895770
Voxel51__hard-hat-detection/data/hard_hat_workers3999.png	247279	1789680599.8451526350
Voxel51__hard-hat-detection/data/hard_hat_workers3873.png	287877	1789680583.9450911820
Voxel51__hard-hat-detection/data/hard_hat_workers3988.png	303516	1789680598.5131474400
Voxel51__hard-hat-detection/data/hard_hat_workers3916.png	221536	1789680589.4611123610
Voxel51__hard-hat-detection/data/hard_hat_workers3957.png	259355	1789680594.9211334710
Voxel51__hard-hat-detection/data/hard_hat_workers3915.png	325606	1789680589.5171125760
Voxel51__hard-hat-detection/data/hard_hat_workers3969.png	268735	1789680596.4691394840
Voxel51__hard-hat-detection/data/hard_hat_workers3917.png	244246	1789680589.7331134090
Voxel51__hard-hat-detection/data/hard_hat_workers3958.png	262434	1789680594.9691336570
Voxel51__hard-hat-detection/data/hard_hat_workers3919.png	231442	1789680589.7531134850
Voxel51__hard-hat-detection/data/hard_hat_workers3971.png	330068	1789680596.6171400590
Voxel51__hard-hat-detection/data/hard_hat_workers3918.png	264709	1789680589.7691135470
Voxel51__hard-hat-detection/data/hard_hat_workers3987.png	277980	1789680598.2731465040
Voxel51__hard-hat-detection/data/hard_hat_workers392.png	248763	1789680589.8851139940
Voxel51__hard-hat-detection/data/hard_hat_workers396.png	215051	1789680595.0171338430
Voxel51__hard-hat-detection/data/hard_hat_workers3920.png	334992	1789680590.0131144880
Voxel51__hard-hat-detection/data/hard_hat_workers3968.png	264979	1789680596.4451393900
Voxel51__hard-hat-detection/data/hard_hat_workers3921.png	304504	1789680590.0571146570
Voxel51__hard-hat-detection/data/hard_hat_workers3959.png	285220	1789680595.0171338430
Voxel51__hard-hat-detection/data/hard_hat_workers3922.png	245976	1789680590.1531150280
Voxel51__hard-hat-detection/data/hard_hat_workers3973.png	258253	1789680596.8931411320
Voxel51__hard-hat-detection/data/hard_hat_workers3923.png	226085	1789680590.4971163550
Voxel51__hard-hat-detection/data/hard_hat_workers3960.png	311518	1789680595.2011345580
Voxel51__hard-hat-detection/data/hard_hat_workers3924.png	247523	1789680590.5331164940
Voxel51__hard-hat-detection/data/hard_hat_workers3970.png	358250	1789680596.6931403540
Voxel51__hard-hat-detection/data/hard_hat_workers3925.png	250682	1789680590.6411169100
Voxel51__hard-hat-detection/data/hard_hat_workers3964.png	241994	1789680595.3731352260
Voxel51__hard-hat-detection/data/hard_hat_workers3926.png	268825	1789680590.9131179600
Voxel51__hard-hat-detection/data/hard_hat_workers3977.png	320411	1789680597.0371416920
Voxel51__hard-hat-detection/data/hard_hat_workers3927.png	291793	1789680590.9851182370
Voxel51__hard-hat-detection/data/hard_hat_workers3963.png	202092	1789680595.4171353970
Voxel51__hard-hat-detection/data/hard_hat_workers3929.png	289343	1789680591.1491188710
Voxel51__hard-hat-detection/data/hard_hat_workers3974.png	256304	1789680596.9611413970
Voxel51__hard-hat-detection/data/hard_hat_workers393.png	286156	1789680591.1731189630
Voxel51__hard-hat-detection/data/hard_hat_workers3984.png	233467	1789680598.3211466910
Voxel51__hard-hat-detection/data/hard_hat_workers3928.png	189753	1789680591.1811189940
Voxel51__hard-hat-detection/data/hard_hat_workers3962.png	301210	1789680595.4251354280
Voxel51__hard-hat-detection/data/hard_hat_workers3930.png	249416	1789680591.2851193960
Voxel51__hard-hat-detection/data/hard_hat_workers3975.png	194509	1789680596.9651414120
Voxel51__hard-hat-detection/data/hard_hat_workers3931.png	315220	1789680591.3051194740
Voxel51__hard-hat-detection/data/hard_hat_workers3961.png	302982	1789680595.4571355520
Voxel51__hard-hat-detection/data/hard_hat_workers3932.png	245448	1789680591.3531196590
Voxel51__hard-hat-detection/data/hard_hat_workers3972.png	355552	1789680596.9811414740
Voxel51__hard-hat-detection/data/hard_hat_workers3933.png	190507	1789680591.5611204630
Voxel51__hard-hat-detection/data/hard_hat_workers3965.png	214924	1789680595.5371358620
Voxel51__hard-hat-detection/data/hard_hat_workers3934.png	237154	1789680591.8731216680
Voxel51__hard-hat-detection/data/hard_hat_workers3978.png	245723	1789680597.4371432490
Voxel51__hard-hat-detection/data/hard_hat_workers3935.png	331971	1789680591.9731220540
Voxel51__hard-hat-detection/data/hard_hat_workers3966.png	320771	1789680595.5771360180
Voxel51__hard-hat-detection/data/hard_hat_workers3936.png	255794	1789680592.1011225490
Voxel51__hard-hat-detection/data/hard_hat_workers3976.png	242929	1789680597.1891422840
Voxel51__hard-hat-detection/data/hard_hat_workers3937.png	235867	1789680592.1611227810
Voxel51__hard-hat-detection/data/hard_hat_workers3967.png	365750	1789680596.0971380370
Voxel51__hard-hat-detection/data/hard_hat_workers3938.png	249266	1789680592.3051233380
Voxel51__hard-hat-detection/data/hard_hat_workers397.png	287945	1789680596.3931391880
Voxel51__hard-hat-detection/data/hard_hat_workers394.png	193407	1789680592.4651239570
Voxel51__hard-hat-detection/data/hard_hat_workers3985.png	286432	1789680598.3931469720
Voxel51__hard-hat-detection/data/hard_hat_workers3942.png	263677	1789680592.6531246840
Voxel51__hard-hat-detection/data/hard_hat_workers3981.png	280360	1789680597.8891450090
Voxel51__hard-hat-detection/data/hard_hat_workers3941.png	219029	1789680592.6851248080
Voxel51__hard-hat-detection/data/hard_hat_workers3979.png	256816	1789680597.8571448840
Voxel51__hard-hat-detection/data/hard_hat_workers3943.png	198022	1789680592.7451250400
Voxel51__hard-hat-detection/data/hard_hat_workers3982.png	261569	1789680598.0531456470
Voxel51__hard-hat-detection/data/hard_hat_workers3940.png	327766	1789680592.7651251170
Voxel51__hard-hat-detection/data/hard_hat_workers3980.png	284755	1789680597.8971450390
Voxel51__hard-hat-detection/data/hard_hat_workers3944.png	241111	1789680592.8291253650
Voxel51__hard-hat-detection/data/hard_hat_workers3983.png	234847	1789680598.1971462090
Voxel51__hard-hat-detection/data/hard_hat_workers3939.png	272029	1789680592.8291253650
Voxel51__hard-hat-detection/data/hard_hat_workers4069.png	225942	1789680609.6091909850
Voxel51__hard-hat-detection/data/hard_hat_workers3945.png	190605	1789680593.1851267430
Voxel51__hard-hat-detection/data/hard_hat_workers4074.png	211586	1789680609.6371910950
Voxel51__hard-hat-detection/data/hard_hat_workers3947.png	233203	1789680593.3331273160
Voxel51__hard-hat-detection/data/hard_hat_workers4071.png	256972	1789680609.6651912060
Voxel51__hard-hat-detection/data/hard_hat_workers3948.png	209222	1789680593.4811278900
Voxel51__hard-hat-detection/data/hard_hat_workers4072.png	268057	1789680609.6691912220
Voxel51__hard-hat-detection/data/hard_hat_workers3949.png	197943	1789680593.6131284010
Voxel51__hard-hat-detection/data/hard_hat_workers4073.png	268507	1789680609.7491915380
Voxel51__hard-hat-detection/data/hard_hat_workers395.png	316654	1789680593.7811290520
Voxel51__hard-hat-detection/data/hard_hat_workers3986.png	306016	1789680598.4411471590
Voxel51__hard-hat-detection/data/hard_hat_workers3946.png	320813	1789680593.9051295310
Voxel51__hard-hat-detection/data/hard_hat_workers4075.png	277479	1789680610.0971929130
Voxel51__hard-hat-detection/data/hard_hat_workers3952.png	260999	1789680594.0531301050
Voxel51__hard-hat-detection/data/hard_hat_workers398.png	233225	1789680597.8091446970
Voxel51__hard-hat-detection/data/hard_hat_workers3954.png	266759	1789680594.0731301820
Voxel51__hard-hat-detection/data/hard_hat_workers4078.png	242631	1789680610.2891936730
Voxel51__hard-hat-detection/data/hard_hat_workers3950.png	284393	1789680594.1131303380
Voxel51__hard-hat-detection/data/hard_hat_workers4076.png	277201	1789680610.4011941160
Voxel51__hard-hat-detection/data/hard_hat_workers3951.png	218227	1789680594.1251303840
Voxel51__hard-hat-detection/data/hard_hat_workers4077.png	282249	1789680610.4531943210
Voxel51__hard-hat-detection/data/hard_hat_workers3953.png	247932	1789680594.1611305240
Voxel51__hard-hat-detection/data/hard_hat_workers4079.png	232184	1789680610.5491947010
Voxel51__hard-hat-detection/data/hard_hat_workers3955.png	226502	1789680594.2091307100
Voxel51__hard-hat-detection/data/hard_hat_workers408.png	231994	1789680610.6491950960
Voxel51__hard-hat-detection/data/hard_hat_workers3956.png	294300	1789680594.6691324940
Voxel51__hard-hat-detection/data/hard_hat_workers407.png	309317	1789680609.5611907950
Voxel51__hard-hat-detection/data/hard_hat_workers3998.png	278556	1789680599.9091528850
Voxel51__hard-hat-detection/data/hard_hat_workers4049.png	233281	1789680606.9051803180
Voxel51__hard-hat-detection/data/hard_hat_workers4.png	257416	1789680600.1451538070
Voxel51__hard-hat-detection/data/hard_hat_workers404.png	281099	1789680605.4651746520
Voxel51__hard-hat-detection/data/hard_hat_workers40.png	186966	1789680600.2211541040
Voxel51__hard-hat-detection/data/hard_hat_workers4067.png	343745	1789680608.9771884890
Voxel51__hard-hat-detection/data/hard_hat_workers400.png	260757	1789680600.4651550570
Voxel51__hard-hat-detection/data/hard_hat_workers4051.png	316709	1789680606.7811798300
Voxel51__hard-hat-detection/data/hard_hat_workers4000.png	198241	1789680600.6771558850
Voxel51__hard-hat-detection/data/hard_hat_workers4039.png	285672	1789680605.4771747000
Voxel51__hard-hat-detection/data/hard_hat_workers4001.png	271686	1789680600.7451561510
Voxel51__hard-hat-detection/data/hard_hat_workers4052.png	169783	1789680606.7931798770
Voxel51__hard-hat-detection/data/hard_hat_workers4002.png	272370	1789680600.7971563550
Voxel51__hard-hat-detection/data/hard_hat_workers4041.png	230785	1789680605.5531749990
Voxel51__hard-hat-detection/data/hard_hat_workers4003.png	228908	1789680600.7971563550
Voxel51__hard-hat-detection/data/hard_hat_workers405.png	326156	1789680606.8891802550
Voxel51__hard-hat-detection/data/hard_hat_workers4004.png	296493	1789680600.9931571200
Voxel51__hard-hat-detection/data/hard_hat_workers4042.png	232844	1789680605.9811766810
Voxel51__hard-hat-detection/data/hard_hat_workers4005.png	316970	1789680601.0531573550
Voxel51__hard-hat-detection/data/hard_hat_workers4055.png	293187	1789680607.5731829510
Voxel51__hard-hat-detection/data/hard_hat_workers4006.png	314804	1789680601.0851574800
Voxel51__hard-hat-detection/data/hard_hat_workers4045.png	245678	1789680606.2051775630
Voxel51__hard-hat-detection/data/hard_hat_workers4007.png	149429	1789680601.2291580430
Voxel51__hard-hat-detection/data/hard_hat_workers4061.png	231170	1789680608.1451852060
Voxel51__hard-hat-detection/data/hard_hat_workers4008.png	367244	1789680601.3131583720
Voxel51__hard-hat-detection/data/hard_hat_workers4044.png	256062	1789680606.2811778620
Voxel51__hard-hat-detection/data/hard_hat_workers4009.png	265694	1789680601.4451588880
Voxel51__hard-hat-detection/data/hard_hat_workers4066.png	269079	1789680609.0211886620
Voxel51__hard-hat-detection/data/hard_hat_workers401.png	291280	1789680601.7051599050
Voxel51__hard-hat-detection/data/hard_hat_workers4056.png	358661	1789680607.6371832030
Voxel51__hard-hat-detection/data/hard_hat_workers4010.png	263832	1789680601.9331607970
Voxel51__hard-hat-detection/data/hard_hat_workers4046.png	303650	1789680606.3411780980
Voxel51__hard-hat-detection/data/hard_hat_workers4011.png	293650	1789680602.0611612980
Voxel51__hard-hat-detection/data/hard_hat_workers4057.png	313003	1789680607.6571832820
Voxel51__hard-hat-detection/data/hard_hat_workers4013.png	302149	1789680602.1291615650
Voxel51__hard-hat-detection/data/hard_hat_workers4014.png	152842	1789680602.1331615800
Voxel51__hard-hat-detection/data/hard_hat_workers4053.png	168864	1789680607.3051818940
Voxel51__hard-hat-detection/data/hard_hat_workers4043.png	316315	1789680606.3971783190
Voxel51__hard-hat-detection/data/hard_hat_workers4012.png	305236	1789680602.2091618780
Voxel51__hard-hat-detection/data/hard_hat_workers4054.png	276254	1789680607.6611832980
Voxel51__hard-hat-detection/data/hard_hat_workers4015.png	327696	1789680602.4371627710
Voxel51__hard-hat-detection/data/hard_hat_workers4047.png	319910	1789680606.6851794520
Voxel51__hard-hat-detection/data/hard_hat_workers4016.png	272215	1789680602.5771633200
Voxel51__hard-hat-detection/data/hard_hat_workers406.png	351392	1789680608.2531856320
Voxel51__hard-hat-detection/data/hard_hat_workers4019.png	258665	1789680602.5851633510
Voxel51__hard-hat-detection/data/hard_hat_workers4048.png	277501	1789680606.7651797670
Voxel51__hard-hat-detection/data/hard_hat_workers4018.png	225376	1789680602.6331635390
Voxel51__hard-hat-detection/data/hard_hat_workers4063.png	227780	1789680608.2131854740
Voxel51__hard-hat-detection/data/hard_hat_workers4017.png	354401	1789680602.7091638370
Voxel51__hard-hat-detection/data/hard_hat_workers4068.png	247028	1789680609.1891893260
Voxel51__hard-hat-detection/data/hard_hat_workers402.png	317040	1789680602.8371643380
Voxel51__hard-hat-detection/data/hard_hat_workers4050.png	304478	1789680606.7691797830
Voxel51__hard-hat-detection/data/hard_hat_workers4020.png	351659	1789680603.0731652630
Voxel51__hard-hat-detection/data/hard_hat_workers4060.png	267308	1789680608.2811857420
Voxel51__hard-hat-detection/data/hard_hat_workers4021.png	343364	1789680603.3451663290
Voxel51__hard-hat-detection/data/hard_hat_workers4062.png	339338	1789680608.3171858840
Voxel51__hard-hat-detection/data/hard_hat_workers4023.png	151997	1789680603.5011669420
Voxel51__hard-hat-detection/data/hard_hat_workers4059.png	175399	1789680608.1771853320
Voxel51__hard-hat-detection/data/hard_hat_workers4022.png	307954	1789680603.5091669720
Voxel51__hard-hat-detection/data/hard_hat_workers4064.png	223456	1789680608.7571876200
Voxel51__hard-hat-detection/data/hard_hat_workers4024.png	289552	1789680603.6771676310
Voxel51__hard-hat-detection/data/hard_hat_workers4058.png	356499	1789680608.2451856000
Voxel51__hard-hat-detection/data/hard_hat_workers4025.png	263950	1789680603.8571683370
Voxel51__hard-hat-detection/data/hard_hat_workers4065.png	209435	1789680608.8851881250
Voxel51__hard-hat-detection/data/hard_hat_workers4027.png	320607	1789680603.9531687140
Voxel51__hard-hat-detection/data/hard_hat_workers4153.png	291306	1789680620.3732337870
Voxel51__hard-hat-detection/data/hard_hat_workers4028.png	209778	1789680603.9691687770
Voxel51__hard-hat-detection/data/hard_hat_workers4154.png	329179	1789680620.3772338040
Voxel51__hard-hat-detection/data/hard_hat_workers4026.png	306726	1789680603.9931688710
Voxel51__hard-hat-detection/data/hard_hat_workers4155.png	280960	1789680620.4572341240
Voxel51__hard-hat-detection/data/hard_hat_workers4029.png	148585	1789680604.0251689960
Voxel51__hard-hat-detection/data/hard_hat_workers4070.png	301571	1789680609.3891901160
Voxel51__hard-hat-detection/data/hard_hat_workers403.png	320139	1789680604.0531691060
Voxel51__hard-hat-detection/data/hard_hat_workers4156.png	180711	1789680620.7532353090
Voxel51__hard-hat-detection/data/hard_hat_workers4030.png	189931	1789680604.2491698760
Voxel51__hard-hat-detection/data/hard_hat_workers4157.png	302365	1789680620.9372360450
Voxel51__hard-hat-detection/data/hard_hat_workers4031.png	278637	1789680604.5131709120
Voxel51__hard-hat-detection/data/hard_hat_workers4152.png	264552	1789680620.1892330510
Voxel51__hard-hat-detection/data/hard_hat_workers4032.png	384635	1789680604.8211721220
Voxel51__hard-hat-detection/data/hard_hat_workers4160.png	336716	1789680621.1172367660
Voxel51__hard-hat-detection/data/hard_hat_workers4033.png	275521	1789680604.8651722950
Voxel51__hard-hat-detection/data/hard_hat_workers4158.png	238848	1789680621.1292368140
Voxel51__hard-hat-detection/data/hard_hat_workers4035.png	151185	1789680604.9171724980
Voxel51__hard-hat-detection/data/hard_hat_workers416.png	223303	1789680621.1852370390
Voxel51__hard-hat-detection/data/hard_hat_workers4034.png	352305	1789680604.9651726870
Voxel51__hard-hat-detection/data/hard_hat_workers4159.png	328826	1789680621.2972374870
Voxel51__hard-hat-detection/data/hard_hat_workers4036.png	192937	1789680605.1291733320
Voxel51__hard-hat-detection/data/hard_hat_workers4161.png	270377	1789680621.4412380640
Voxel51__hard-hat-detection/data/hard_hat_workers4037.png	320100	1789680605.2691738820
Voxel51__hard-hat-detection/data/hard_hat_workers4163.png	253973	1789680621.4932382730
Voxel51__hard-hat-detection/data/hard_hat_workers4038.png	291393	1789680605.4051744170
Voxel51__hard-hat-detection/data/hard_hat_workers4040.png	270546	1789680605.4651746520
Voxel51__hard-hat-detection/data/hard_hat_workers4080.png	199084	1789680610.9571963150
Voxel51__hard-hat-detection/data/hard_hat_workers4121.png	250581	1789680616.2212172130
Voxel51__hard-hat-detection/data/hard_hat_workers4085.png	250916	1789680611.0571967110
Voxel51__hard-hat-detection/data/hard_hat_workers4133.png	246523	1789680617.7932234780
Voxel51__hard-hat-detection/data/hard_hat_workers4082.png	265888	1789680611.0731967740
Voxel51__hard-hat-detection/data/hard_hat_workers4122.png	307654	1789680616.4012179300
Voxel51__hard-hat-detection/data/hard_hat_workers4081.png	293289	1789680611.0811968060
Voxel51__hard-hat-detection/data/hard_hat_workers4134.png	232987	1789680617.8532237180
Voxel51__hard-hat-detection/data/hard_hat_workers4083.png	193177	1789680611.1291969960
Voxel51__hard-hat-detection/data/hard_hat_workers4123.png	248414	1789680616.5852186630
Voxel51__hard-hat-detection/data/hard_hat_workers4084.png	277062	1789680611.2251973760
Voxel51__hard-hat-detection/data/hard_hat_workers4136.png	233891	1789680618.2412252660
Voxel51__hard-hat-detection/data/hard_hat_workers4086.png	259044	1789680611.6211989440
Voxel51__hard-hat-detection/data/hard_hat_workers4124.png	274175	1789680616.7132191730
Voxel51__hard-hat-detection/data/hard_hat_workers4088.png	257872	1789680611.6931992290
Voxel51__hard-hat-detection/data/hard_hat_workers4138.png	287304	1789680618.3172255700
Voxel51__hard-hat-detection/data/hard_hat_workers4087.png	327755	1789680611.7651995140
Voxel51__hard-hat-detection/data/hard_hat_workers4126.png	258837	1789680616.8532197300
Voxel51__hard-hat-detection/data/hard_hat_workers4089.png	281062	1789680611.8331997840
Voxel51__hard-hat-detection/data/hard_hat_workers415.png	143620	1789680619.7532313070
Voxel51__hard-hat-detection/data/hard_hat_workers409.png	267594	1789680611.9452002270
Voxel51__hard-hat-detection/data/hard_hat_workers4149.png	228678	1789680619.7812314190
Voxel51__hard-hat-detection/data/hard_hat_workers4090.png	282367	1789680612.1292009560
Voxel51__hard-hat-detection/data/hard_hat_workers4135.png	272118	1789680618.2452252820
Voxel51__hard-hat-detection/data/hard_hat_workers4092.png	286472	1789680612.3732019240
Voxel51__hard-hat-detection/data/hard_hat_workers4128.png	221599	1789680616.9332200490
Voxel51__hard-hat-detection/data/hard_hat_workers4095.png	241102	1789680612.3812019560
Voxel51__hard-hat-detection/data/hard_hat_workers4139.png	190059	1789680618.4132259530
Voxel51__hard-hat-detection/data/hard_hat_workers4091.png	274201	1789680612.4012020350
Voxel51__hard-hat-detection/data/hard_hat_workers4127.png	295530	1789680617.0012203200
Voxel51__hard-hat-detection/data/hard_hat_workers4094.png	291577	1789680612.4052020510
Voxel51__hard-hat-detection/data/hard_hat_workers4137.png	295099	1789680618.3332256340
Voxel51__hard-hat-detection/data/hard_hat_workers4096.png	314231	1789680612.7052032400
Voxel51__hard-hat-detection/data/hard_hat_workers4125.png	321632	1789680617.0332204470
Voxel51__hard-hat-detection/data/hard_hat_workers4093.png	241324	1789680612.7772035260
Voxel51__hard-hat-detection/data/hard_hat_workers4142.png	193534	1789680618.5412264640
Voxel51__hard-hat-detection/data/hard_hat_workers4097.png	275346	1789680613.0452045880
Voxel51__hard-hat-detection/data/hard_hat_workers413.png	311733	1789680617.1692209900
Voxel51__hard-hat-detection/data/hard_hat_workers4099.png	279018	1789680613.1652050650
Voxel51__hard-hat-detection/data/hard_hat_workers4143.png	224003	1789680619.0212283810
Voxel51__hard-hat-detection/data/hard_hat_workers41.png	168755	1789680613.1732050960
Voxel51__hard-hat-detection/data/hard_hat_workers4129.png	192586	1789680617.1892210700
Voxel51__hard-hat-detection/data/hard_hat_workers4098.png	223129	1789680613.2732054930
Voxel51__hard-hat-detection/data/hard_hat_workers4148.png	194303	1789680619.8172315640
Voxel51__hard-hat-detection/data/hard_hat_workers410.png	237617	1789680613.2772055090
Voxel51__hard-hat-detection/data/hard_hat_workers414.png	225362	1789680618.7092271350
Voxel51__hard-hat-detection/data/hard_hat_workers4100.png	268117	1789680613.6572070180
Voxel51__hard-hat-detection/data/hard_hat_workers4131.png	276677	1789680617.3132215640
Voxel51__hard-hat-detection/data/hard_hat_workers4101.png	241917	1789680613.7732074780
Voxel51__hard-hat-detection/data/hard_hat_workers4130.png	259455	1789680617.3132215640
Voxel51__hard-hat-detection/data/hard_hat_workers4102.png	351340	1789680613.8012075890
Voxel51__hard-hat-detection/data/hard_hat_workers4140.png	292066	1789680618.6292268150
Voxel51__hard-hat-detection/data/hard_hat_workers4104.png	321207	1789680613.8692078590
Voxel51__hard-hat-detection/data/hard_hat_workers4132.png	313404	1789680617.6932230800
Voxel51__hard-hat-detection/data/hard_hat_workers4105.png	315375	1789680614.0772086850
Voxel51__hard-hat-detection/data/hard_hat_workers4141.png	289484	1789680619.0532285090
Voxel51__hard-hat-detection/data/hard_hat_workers4106.png	145609	1789680614.1052087970
Voxel51__hard-hat-detection/data/hard_hat_workers4145.png	259913	1789680619.2692293730
Voxel51__hard-hat-detection/data/hard_hat_workers4103.png	244929	1789680614.3132096230
Voxel51__hard-hat-detection/data/hard_hat_workers4147.png	267071	1789680619.5332304280
Voxel51__hard-hat-detection/data/hard_hat_workers4108.png	323050	1789680614.4012099730
Voxel51__hard-hat-detection/data/hard_hat_workers4236.png	278693	1789680631.2052774070
Voxel51__hard-hat-detection/data/hard_hat_workers4107.png	276869	1789680614.4572101950
Voxel51__hard-hat-detection/data/hard_hat_workers4146.png	283577	1789680619.7492312920
Voxel51__hard-hat-detection/data/hard_hat_workers4110.png	206618	1789680614.5972107510
Voxel51__hard-hat-detection/data/hard_hat_workers4150.png	274958	1789680619.9492320910
Voxel51__hard-hat-detection/data/hard_hat_workers4109.png	304267	1789680614.6852111020
Voxel51__hard-hat-detection/data/hard_hat_workers4238.png	244612	1789680631.3292779090
Voxel51__hard-hat-detection/data/hard_hat_workers411.png	346348	1789680614.8372117060
Voxel51__hard-hat-detection/data/hard_hat_workers4237.png	251844	1789680631.3972781850
Voxel51__hard-hat-detection/data/hard_hat_workers4111.png	265615	1789680614.9492121510
Voxel51__hard-hat-detection/data/hard_hat_workers424.png	261298	1789680631.5652788660
Voxel51__hard-hat-detection/data/hard_hat_workers4114.png	255069	1789680615.2412133120
Voxel51__hard-hat-detection/data/hard_hat_workers4241.png	302615	1789680631.5772789140
Voxel51__hard-hat-detection/data/hard_hat_workers4112.png	232018	1789680615.2412133120
Voxel51__hard-hat-detection/data/hard_hat_workers4239.png	269493	1789680631.6052790280
Voxel51__hard-hat-detection/data/hard_hat_workers4113.png	296092	1789680615.4532141560
Voxel51__hard-hat-detection/data/hard_hat_workers4240.png	213444	1789680631.6052790280
Voxel51__hard-hat-detection/data/hard_hat_workers4115.png	194035	1789680615.4652142040
Voxel51__hard-hat-detection/data/hard_hat_workers4243.png	163432	1789680631.9452804060
Voxel51__hard-hat-detection/data/hard_hat_workers4117.png	263142	1789680615.6012147440
Voxel51__hard-hat-detection/data/hard_hat_workers4144.png	249164	1789680619.0652285570
Voxel51__hard-hat-detection/data/hard_hat_workers4116.png	337770	1789680615.6452149200
Voxel51__hard-hat-detection/data/hard_hat_workers4242.png	256300	1789680631.9612804710
Voxel51__hard-hat-detection/data/hard_hat_workers4118.png	226130	1789680615.7092151740
Voxel51__hard-hat-detection/data/hard_hat_workers4244.png	213730	1789680632.1532812500
Voxel51__hard-hat-detection/data/hard_hat_workers412.png	232352	1789680615.9012159380
Voxel51__hard-hat-detection/data/hard_hat_workers4151.png	286054	1789680620.1372328430
Voxel51__hard-hat-detection/data/hard_hat_workers4119.png	265008	1789680615.9892162890
Voxel51__hard-hat-detection/data/hard_hat_workers4245.png	295334	1789680632.2732817370
Voxel51__hard-hat-detection/data/hard_hat_workers4120.png	273150	1789680616.0132163840
Voxel51__hard-hat-detection/data/hard_hat_workers4233.png	337688	1789680630.9652764340
Voxel51__hard-hat-detection/data/hard_hat_workers4162.png	219700	1789680621.6252388020
Voxel51__hard-hat-detection/data/hard_hat_workers4206.png	282095	1789680627.1012608170
Voxel51__hard-hat-detection/data/hard_hat_workers4164.png	292535	1789680621.7412392670
Voxel51__hard-hat-detection/data/hard_hat_workers4218.png	274543	1789680628.7172673400
Voxel51__hard-hat-detection/data/hard_hat_workers4165.png	273106	1789680621.8052395230
Voxel51__hard-hat-detection/data/hard_hat_workers4202.png	299960	1789680627.1092608490
Voxel51__hard-hat-detection/data/hard_hat_workers4167.png	213668	1789680622.0932406780
Voxel51__hard-hat-detection/data/hard_hat_workers4214.png	208016	1789680628.5052664840
Voxel51__hard-hat-detection/data/hard_hat_workers4168.png	187088	1789680622.1852410460
Voxel51__hard-hat-detection/data/hard_hat_workers4205.png	331760	1789680627.2372613650
Voxel51__hard-hat-detection/data/hard_hat_workers4166.png	269705	1789680622.1932410780
Voxel51__hard-hat-detection/data/hard_hat_workers422.png	295649	1789680628.8612679220
Voxel51__hard-hat-detection/data/hard_hat_workers417.png	248913	1789680622.4252420090
Voxel51__hard-hat-detection/data/hard_hat_workers4230.png	283061	1789680630.3492739400
Voxel51__hard-hat-detection/data/hard_hat_workers4169.png	237726	1789680622.5692425870
Voxel51__hard-hat-detection/data/hard_hat_workers4209.png	261525	1789680627.2732615110
Voxel51__hard-hat-detection/data/hard_hat_workers4170.png	256965	1789680622.6092427470
Voxel51__hard-hat-detection/data/hard_hat_workers4217.png	313354	1789680628.7812675980
Voxel51__hard-hat-detection/data/hard_hat_workers4172.png	264958	1789680622.7492433090
Voxel51__hard-hat-detection/data/hard_hat_workers4207.png	327853	1789680627.3212617040
Voxel51__hard-hat-detection/data/hard_hat_workers4171.png	239582	1789680622.8532437260
Voxel51__hard-hat-detection/data/hard_hat_workers4215.png	294524	1789680628.6532670820
Voxel51__hard-hat-detection/data/hard_hat_workers4173.png	247005	1789680622.9292440310
Voxel51__hard-hat-detection/data/hard_hat_workers4208.png	258258	1789680627.3732619140
Voxel51__hard-hat-detection/data/hard_hat_workers4175.png	233668	1789680623.0132443680
Voxel51__hard-hat-detection/data/hard_hat_workers4220.png	151227	1789680629.1932692640
Voxel51__hard-hat-detection/data/hard_hat_workers4176.png	222051	1789680623.0372444650
Voxel51__hard-hat-detection/data/hard_hat_workers4210.png	244467	1789680627.9092640760
Voxel51__hard-hat-detection/data/hard_hat_workers4174.png	223886	1789680623.0452444970
Voxel51__hard-hat-detection/data/hard_hat_workers4223.png	168201	1789680629.3532699110
Voxel51__hard-hat-detection/data/hard_hat_workers4177.png	298496	1789680623.3452457020
Voxel51__hard-hat-detection/data/hard_hat_workers421.png	218792	1789680628.0132644960
Voxel51__hard-hat-detection/data/hard_hat_workers4178.png	258497	1789680623.4412460870
Voxel51__hard-hat-detection/data/hard_hat_workers4222.png	293488	1789680629.4732703960
Voxel51__hard-hat-detection/data/hard_hat_workers4179.png	277426	1789680623.7052471470
Voxel51__hard-hat-detection/data/hard_hat_workers4231.png	294674	1789680630.5612747980
Voxel51__hard-hat-detection/data/hard_hat_workers418.png	353835	1789680623.9412480950
Voxel51__hard-hat-detection/data/hard_hat_workers4211.png	242913	1789680628.0332645770
Voxel51__hard-hat-detection/data/hard_hat_workers4180.png	304812	1789680624.0932487060
Voxel51__hard-hat-detection/data/hard_hat_workers4224.png	238878	1789680629.5092705420
Voxel51__hard-hat-detection/data/hard_hat_workers4181.png	330712	1789680624.1572489640
Voxel51__hard-hat-detection/data/hard_hat_workers4212.png	205992	1789680628.2012652560
Voxel51__hard-hat-detection/data/hard_hat_workers4182.png	320890	1789680624.1932491080
Voxel51__hard-hat-detection/data/hard_hat_workers4221.png	253377	1789680629.4332702340
Voxel51__hard-hat-detection/data/hard_hat_workers4184.png	324597	1789680624.2172492050
Voxel51__hard-hat-detection/data/hard_hat_workers4213.png	277295	1789680628.2612654980
Voxel51__hard-hat-detection/data/hard_hat_workers4187.png	274754	1789680624.2692494140
Voxel51__hard-hat-detection/data/hard_hat_workers4225.png	178643	1789680629.8532719330
Voxel51__hard-hat-detection/data/hard_hat_workers4185.png	336695	1789680624.4492501380
Voxel51__hard-hat-detection/data/hard_hat_workers4216.png	297052	1789680628.4092660960
Voxel51__hard-hat-detection/data/hard_hat_workers4183.png	328924	1789680624.4492501380
Voxel51__hard-hat-detection/data/hard_hat_workers4227.png	325682	1789680629.8732720140
Voxel51__hard-hat-detection/data/hard_hat_workers4186.png	217028	1789680624.5292504590
Voxel51__hard-hat-detection/data/hard_hat_workers4219.png	294791	1789680628.6012668710
Voxel51__hard-hat-detection/data/hard_hat_workers4189.png	240462	1789680624.6652510060
Voxel51__hard-hat-detection/data/hard_hat_workers4226.png	234668	1789680629.9492723210
Voxel51__hard-hat-detection/data/hard_hat_workers4188.png	308724	1789680624.7572513760
Voxel51__hard-hat-detection/data/hard_hat_workers4232.png	181158	1789680630.6012749600
Voxel51__hard-hat-detection/data/hard_hat_workers419.png	296867	1789680625.1572529850
Voxel51__hard-hat-detection/data/hard_hat_workers4235.png	333693	1789680630.8132758190
Voxel51__hard-hat-detection/data/hard_hat_workers4190.png	302438	1789680625.2492533550
Voxel51__hard-hat-detection/data/hard_hat_workers4319.png	236448	1789680641.9493212010
Voxel51__hard-hat-detection/data/hard_hat_workers4191.png	178131	1789680625.4412541280
Voxel51__hard-hat-detection/data/hard_hat_workers4228.png	262963	1789680630.3052737620
Voxel51__hard-hat-detection/data/hard_hat_workers4193.png	280823	1789680625.6172548370
Voxel51__hard-hat-detection/data/hard_hat_workers432.png	303368	1789680642.1253219230
Voxel51__hard-hat-detection/data/hard_hat_workers4192.png	215678	1789680625.6492549660
Voxel51__hard-hat-detection/data/hard_hat_workers4320.png	300692	1789680642.3373227930
Voxel51__hard-hat-detection/data/hard_hat_workers4197.png	203142	1789680625.6652550310
Voxel51__hard-hat-detection/data/hard_hat_workers4321.png	143373	1789680642.5373236140
Voxel51__hard-hat-detection/data/hard_hat_workers4195.png	301065	1789680625.6932551430
Voxel51__hard-hat-detection/data/hard_hat_workers4322.png	211139	1789680642.5693237450
Voxel51__hard-hat-detection/data/hard_hat_workers4194.png	292028	1789680625.7012551750
Voxel51__hard-hat-detection/data/hard_hat_workers4324.png	291645	1789680642.6413240410
Voxel51__hard-hat-detection/data/hard_hat_workers4196.png	273510	1789680625.8772558840
Voxel51__hard-hat-detection/data/hard_hat_workers4323.png	256952	1789680642.6653241390
Voxel51__hard-hat-detection/data/hard_hat_workers4198.png	220089	1789680625.9492561730
Voxel51__hard-hat-detection/data/hard_hat_workers4325.png	242801	1789680642.8133247460
Voxel51__hard-hat-detection/data/hard_hat_workers42.png	315721	1789680626.0572566080
Voxel51__hard-hat-detection/data/hard_hat_workers4328.png	142677	1789680642.9373252550
Voxel51__hard-hat-detection/data/hard_hat_workers4199.png	284988	1789680626.4972583820
Voxel51__hard-hat-detection/data/hard_hat_workers4234.png	214660	1789680630.8572759970
Voxel51__hard-hat-detection/data/hard_hat_workers4200.png	247854	1789680626.5332585270
Voxel51__hard-hat-detection/data/hard_hat_workers4327.png	294082	1789680643.0173255830
Voxel51__hard-hat-detection/data/hard_hat_workers420.png	291874	1789680626.6772591070
Voxel51__hard-hat-detection/data/hard_hat_workers423.png	238198	1789680630.0972729200
Voxel51__hard-hat-detection/data/hard_hat_workers4201.png	272909	1789680626.8452597850
Voxel51__hard-hat-detection/data/hard_hat_workers4229.png	257489	1789680630.1052729520
Voxel51__hard-hat-detection/data/hard_hat_workers4204.png	332830	1789680626.9892603650
Voxel51__hard-hat-detection/data/hard_hat_workers4326.png	310171	1789680643.0813258460
Voxel51__hard-hat-detection/data/hard_hat_workers4203.png	246372	1789680627.0172604780
Voxel51__hard-hat-detection/data/hard_hat_workers4318.png	261041	1789680641.9413211690
Voxel51__hard-hat-detection/data/hard_hat_workers4246.png	180314	1789680632.3532820610
Voxel51__hard-hat-detection/data/hard_hat_workers4288.png	308688	1789680637.7173038890
Voxel51__hard-hat-detection/data/hard_hat_workers4249.png	341645	1789680632.6892834250
Voxel51__hard-hat-detection/data/hard_hat_workers43.png	220687	1789680639.3653106220
Voxel51__hard-hat-detection/data/hard_hat_workers4248.png	211565	1789680632.7252835710
Voxel51__hard-hat-detection/data/hard_hat_workers4289.png	305708	1789680637.9213047210
Voxel51__hard-hat-detection/data/hard_hat_workers4247.png	212603	1789680632.7452836520
Voxel51__hard-hat-detection/data/hard_hat_workers4313.png	242488	1789680641.4493191520
Voxel51__hard-hat-detection/data/hard_hat_workers4250.png	313051	1789680632.8652841390
Voxel51__hard-hat-detection/data/hard_hat_workers430.png	225808	1789680639.4093108010
Voxel51__hard-hat-detection/data/hard_hat_workers4251.png	313185	1789680633.0172847560
Voxel51__hard-hat-detection/data/hard_hat_workers429.png	312711	1789680638.0253051460
Voxel51__hard-hat-detection/data/hard_hat_workers425.png	275592	1789680633.0492848860
Voxel51__hard-hat-detection/data/hard_hat_workers4302.png	185440	1789680639.7733122900
Voxel51__hard-hat-detection/data/hard_hat_workers4252.png	318526	1789680633.2172855680
Voxel51__hard-hat-detection/data/hard_hat_workers4290.png	347248	1789680638.3613065180
Voxel51__hard-hat-detection/data/hard_hat_workers4254.png	238555	1789680633.4772866250
Voxel51__hard-hat-detection/data/hard_hat_workers4301.png	320324	1789680639.9253129110
Voxel51__hard-hat-detection/data/hard_hat_workers4253.png	266132	1789680633.5412868840
Voxel51__hard-hat-detection/data/hard_hat_workers4291.png	260486	1789680638.3893066330
Voxel51__hard-hat-detection/data/hard_hat_workers4257.png	312977	1789680633.6892874860
Voxel51__hard-hat-detection/data/hard_hat_workers4303.png	232846	1789680640.0093132550
Voxel51__hard-hat-detection/data/hard_hat_workers4256.png	239258	1789680633.7132875830
Voxel51__hard-hat-detection/data/hard_hat_workers4292.png	270705	1789680638.5053071070
Voxel51__hard-hat-detection/data/hard_hat_workers4255.png	348335	1789680633.8252880380
Voxel51__hard-hat-detection/data/hard_hat_workers4300.png	292060	1789680639.8773127150
Voxel51__hard-hat-detection/data/hard_hat_workers4259.png	194369	1789680634.1372893070
Voxel51__hard-hat-detection/data/hard_hat_workers4294.png	317593	1789680638.6293076130
Voxel51__hard-hat-detection/data/hard_hat_workers4258.png	253509	1789680634.1412893230
Voxel51__hard-hat-detection/data/hard_hat_workers4314.png	336521	1789680641.5733196600
Voxel51__hard-hat-detection/data/hard_hat_workers426.png	258507	1789680634.2412897300
Voxel51__hard-hat-detection/data/hard_hat_workers4304.png	244559	1789680640.0413133860
Voxel51__hard-hat-detection/data/hard_hat_workers4262.png	189906	1789680634.2572897950
Voxel51__hard-hat-detection/data/hard_hat_workers4293.png	285863	1789680638.6373076460
Voxel51__hard-hat-detection/data/hard_hat_workers4260.png	338223	1789680634.3292900870
Voxel51__hard-hat-detection/data/hard_hat_workers4305.png	290989	1789680640.2613142870
Voxel51__hard-hat-detection/data/hard_hat_workers4263.png	247673	1789680634.5052908030
Voxel51__hard-hat-detection/data/hard_hat_workers4295.png	250246	1789680638.7453080870
Voxel51__hard-hat-detection/data/hard_hat_workers4261.png	282314	1789680634.5772910960
Voxel51__hard-hat-detection/data/hard_hat_workers4308.png	255739	1789680640.3133145000
Voxel51__hard-hat-detection/data/hard_hat_workers4264.png	294962	1789680634.8412921700
Voxel51__hard-hat-detection/data/hard_hat_workers4296.png	278015	1789680639.0053091490
Voxel51__hard-hat-detection/data/hard_hat_workers4265.png	288614	1789680634.9772927230
Voxel51__hard-hat-detection/data/hard_hat_workers4309.png	325916	1789680640.5333154000
Voxel51__hard-hat-detection/data/hard_hat_workers4268.png	166048	1789680635.0772931300
Voxel51__hard-hat-detection/data/hard_hat_workers4297.png	260908	1789680639.0093091650
Voxel51__hard-hat-detection/data/hard_hat_workers4267.png	314787	1789680635.1292933420
Voxel51__hard-hat-detection/data/hard_hat_workers4306.png	260025	1789680640.4973152530
Voxel51__hard-hat-detection/data/hard_hat_workers4266.png	226475	1789680635.3132940910
Voxel51__hard-hat-detection/data/hard_hat_workers4298.png	363309	1789680639.0093091650
Voxel51__hard-hat-detection/data/hard_hat_workers4269.png	244592	1789680635.4172945140
Voxel51__hard-hat-detection/data/hard_hat_workers4316.png	212009	1789680641.5813196930
Voxel51__hard-hat-detection/data/hard_hat_workers4271.png	248379	1789680635.5412950190
Voxel51__hard-hat-detection/data/hard_hat_workers4299.png	290965	1789680639.2613101960
Voxel51__hard-hat-detection/data/hard_hat_workers4270.png	261629	1789680635.6092952960
Voxel51__hard-hat-detection/data/hard_hat_workers4310.png	264863	1789680640.9053169230
Voxel51__hard-hat-detection/data/hard_hat_workers427.png	272941	1789680635.6132953120
Voxel51__hard-hat-detection/data/hard_hat_workers4402.png	176096	1789680652.7653658120
Voxel51__hard-hat-detection/data/hard_hat_workers4272.png	272134	1789680635.6932956380
Voxel51__hard-hat-detection/data/hard_hat_workers4311.png	174564	1789680641.1093177590
Voxel51__hard-hat-detection/data/hard_hat_workers4274.png	264667	1789680636.0012968920
Voxel51__hard-hat-detection/data/hard_hat_workers4312.png	172658	1789680641.1613179720
Voxel51__hard-hat-detection/data/hard_hat_workers4273.png	230057	1789680636.0012968920
Voxel51__hard-hat-detection/data/hard_hat_workers431.png	230189	1789680641.3013185460
Voxel51__hard-hat-detection/data/hard_hat_workers4275.png	229871	1789680636.2972980980
Voxel51__hard-hat-detection/data/hard_hat_workers4400.png	196910	1789680652.8133660110
Voxel51__hard-hat-detection/data/hard_hat_workers4276.png	236868	1789680636.4012985220
Voxel51__hard-hat-detection/data/hard_hat_workers4403.png	263047	1789680652.8453661430
Voxel51__hard-hat-detection/data/hard_hat_workers4277.png	335202	1789680636.4372986690
Voxel51__hard-hat-detection/data/hard_hat_workers4404.png	234309	1789680652.9413665420
Voxel51__hard-hat-detection/data/hard_hat_workers4278.png	340930	1789680636.6132993860
Voxel51__hard-hat-detection/data/hard_hat_workers4405.png	248606	1789680653.1773675210
Voxel51__hard-hat-detection/data/hard_hat_workers4279.png	279079	1789680636.7452999240
Voxel51__hard-hat-detection/data/hard_hat_workers4317.png	207679	1789680641.5813196930
Voxel51__hard-hat-detection/data/hard_hat_workers428.png	285452	1789680636.8653004130
Voxel51__hard-hat-detection/data/hard_hat_workers4307.png	256192	1789680640.4533150730
Voxel51__hard-hat-detection/data/hard_hat_workers4281.png	287152	1789680636.9013005600
Voxel51__hard-hat-detection/data/hard_hat_workers4406.png	259134	1789680653.4813687830
Voxel51__hard-hat-detection/data/hard_hat_workers4282.png	255986	1789680637.0213010490
Voxel51__hard-hat-detection/data/hard_hat_workers4407.png	319821	1789680653.5493690650
Voxel51__hard-hat-detection/data/hard_hat_workers4283.png	277790	1789680637.1533015880
Voxel51__hard-hat-detection/data/hard_hat_workers441.png	263230	1789680653.6733695800
Voxel51__hard-hat-detection/data/hard_hat_workers4280.png	331732	1789680637.1613016210
Voxel51__hard-hat-detection/data/hard_hat_workers4410.png	312067	1789680653.7733699950
Voxel51__hard-hat-detection/data/hard_hat_workers4285.png	301076	1789680637.4733028940
Voxel51__hard-hat-detection/data/hard_hat_workers4409.png	287283	1789680653.8333702450
Voxel51__hard-hat-detection/data/hard_hat_workers4284.png	414322	1789680637.5333031380
Voxel51__hard-hat-detection/data/hard_hat_workers4411.png	284135	1789680653.8773704270
Voxel51__hard-hat-detection/data/hard_hat_workers4286.png	323222	1789680637.5973033990
Voxel51__hard-hat-detection/data/hard_hat_workers4315.png	253957	1789680641.3653188080
Voxel51__hard-hat-detection/data/hard_hat_workers4287.png	273400	1789680637.6573036440
Voxel51__hard-hat-detection/data/hard_hat_workers4401.png	206235	1789680652.4853646510
Voxel51__hard-hat-detection/data/hard_hat_workers433.png	173377	1789680643.3253268480
Voxel51__hard-hat-detection/data/hard_hat_workers4397.png	330341	1789680652.0893630080
Voxel51__hard-hat-detection/data/hard_hat_workers4329.png	279621	1789680643.3813270780
Voxel51__hard-hat-detection/data/hard_hat_workers4371.png	295602	1789680648.6853489230
Voxel51__hard-hat-detection/data/hard_hat_workers4330.png	185893	1789680643.3893271110
Voxel51__hard-hat-detection/data/hard_hat_workers4383.png	257282	1789680650.2533554050
Voxel51__hard-hat-detection/data/hard_hat_workers4331.png	284585	1789680643.8613290500
Voxel51__hard-hat-detection/data/hard_hat_workers4369.png	322598	1789680648.7093490220
Voxel51__hard-hat-detection/data/hard_hat_workers4332.png	232041	1789680643.9973296080
Voxel51__hard-hat-detection/data/hard_hat_workers4381.png	282294	1789680650.1733550740
Voxel51__hard-hat-detection/data/hard_hat_workers4333.png	263084	1789680644.0333297570
Voxel51__hard-hat-detection/data/hard_hat_workers4372.png	233690	1789680648.7533492040
Voxel51__hard-hat-detection/data/hard_hat_workers4335.png	255384	1789680644.0533298390
Voxel51__hard-hat-detection/data/hard_hat_workers4384.png	234100	1789680650.4933563980
Voxel51__hard-hat-detection/data/hard_hat_workers4334.png	234551	1789680644.0933300030
Voxel51__hard-hat-detection/data/hard_hat_workers4373.png	200020	1789680648.9493500130
Voxel51__hard-hat-detection/data/hard_hat_workers4336.png	305430	1789680644.2573306780
Voxel51__hard-hat-detection/data/hard_hat_workers4385.png	210802	1789680650.5013564310
Voxel51__hard-hat-detection/data/hard_hat_workers4337.png	309896	1789680644.4253313680
Voxel51__hard-hat-detection/data/hard_hat_workers4374.png	319683	1789680649.0253503270
Voxel51__hard-hat-detection/data/hard_hat_workers4338.png	232981	1789680644.4733315660
Voxel51__hard-hat-detection/data/hard_hat_workers4386.png	292759	1789680650.7973576570
Voxel51__hard-hat-detection/data/hard_hat_workers4339.png	287020	1789680644.5093317130
Voxel51__hard-hat-detection/data/hard_hat_workers4399.png	260450	1789680652.1733633560
Voxel51__hard-hat-detection/data/hard_hat_workers4341.png	248847	1789680644.6613323390
Voxel51__hard-hat-detection/data/hard_hat_workers4376.png	254048	1789680649.3733517660
Voxel51__hard-hat-detection/data/hard_hat_workers4340.png	302304	1789680644.7333326340
Voxel51__hard-hat-detection/data/hard_hat_workers4387.png	296721	1789680650.8373578220
Voxel51__hard-hat-detection/data/hard_hat_workers434.png	308928	1789680644.7533327170
Voxel51__hard-hat-detection/data/hard_hat_workers4375.png	298002	1789680649.4413520470
Voxel51__hard-hat-detection/data/hard_hat_workers4342.png	253328	1789680645.3413351360
Voxel51__hard-hat-detection/data/hard_hat_workers4389.png	281800	1789680650.8893580370
Voxel51__hard-hat-detection/data/hard_hat_workers4344.png	293917	1789680645.4373355310
Voxel51__hard-hat-detection/data/hard_hat_workers4377.png	216560	1789680649.5053523110
Voxel51__hard-hat-detection/data/hard_hat_workers4343.png	305412	1789680645.5013357950
Voxel51__hard-hat-detection/data/hard_hat_workers439.png	236911	1789680651.1413590800
Voxel51__hard-hat-detection/data/hard_hat_workers4345.png	253892	1789680645.5093358280
Voxel51__hard-hat-detection/data/hard_hat_workers4378.png	229636	1789680649.6253528080
Voxel51__hard-hat-detection/data/hard_hat_workers4346.png	390468	1789680645.6333363380
Voxel51__hard-hat-detection/data/hard_hat_workers4388.png	259422	1789680650.9493582850
Voxel51__hard-hat-detection/data/hard_hat_workers4349.png	273155	1789680645.7373367660
Voxel51__hard-hat-detection/data/hard_hat_workers4379.png	258696	1789680649.8293536510
Voxel51__hard-hat-detection/data/hard_hat_workers4347.png	246973	1789680645.7573368490
Voxel51__hard-hat-detection/data/hard_hat_workers4390.png	262920	1789680651.2293594450
Voxel51__hard-hat-detection/data/hard_hat_workers435.png	186738	1789680645.7733369150
Voxel51__hard-hat-detection/data/hard_hat_workers4398.png	330417	1789680652.2253635720
Voxel51__hard-hat-detection/data/hard_hat_workers4351.png	258556	1789680645.9333375730
Voxel51__hard-hat-detection/data/hard_hat_workers4380.png	324389	1789680649.8493537340
Voxel51__hard-hat-detection/data/hard_hat_workers4348.png	371228	1789680645.9773377540
Voxel51__hard-hat-detection/data/hard_hat_workers438.png	296422	1789680649.9333540810
Voxel51__hard-hat-detection/data/hard_hat_workers4352.png	209769	1789680646.0013378530
Voxel51__hard-hat-detection/data/hard_hat_workers4392.png	228363	1789680651.4653604230
Voxel51__hard-hat-detection/data/hard_hat_workers4350.png	236855	1789680646.0453380340
Voxel51__hard-hat-detection/data/hard_hat_workers4382.png	228851	1789680650.0333544950
Voxel51__hard-hat-detection/data/hard_hat_workers4353.png	278863	1789680646.6173403910
Voxel51__hard-hat-detection/data/hard_hat_workers4393.png	135545	1789680651.5213606550
Voxel51__hard-hat-detection/data/hard_hat_workers4355.png	211742	1789680646.7333408690
Voxel51__hard-hat-detection/data/hard_hat_workers4394.png	207480	1789680651.5533607880
Voxel51__hard-hat-detection/data/hard_hat_workers4354.png	301843	1789680646.7373408860
Voxel51__hard-hat-detection/data/hard_hat_workers4395.png	289011	1789680651.9253623280
Voxel51__hard-hat-detection/data/hard_hat_workers4356.png	296317	1789680646.8773414630
Voxel51__hard-hat-detection/data/hard_hat_workers4396.png	369464	1789680651.9613624780
Voxel51__hard-hat-detection/data/hard_hat_workers4357.png	247921	1789680646.9533417760
Voxel51__hard-hat-detection/data/hard_hat_workers4486.png	327790	1789680663.7894118080
Voxel51__hard-hat-detection/data/hard_hat_workers4358.png	312849	1789680647.1693426670
Voxel51__hard-hat-detection/data/hard_hat_workers4484.png	224323	1789680663.7934118240
Voxel51__hard-hat-detection/data/hard_hat_workers436.png	194525	1789680647.2133428480
Voxel51__hard-hat-detection/data/hard_hat_workers440.png	231890	1789680652.3773642030
Voxel51__hard-hat-detection/data/hard_hat_workers4359.png	219933	1789680647.2173428640
Voxel51__hard-hat-detection/data/hard_hat_workers4487.png	171762	1789680663.8014118580
Voxel51__hard-hat-detection/data/hard_hat_workers4361.png	153265	1789680647.3013432110
Voxel51__hard-hat-detection/data/hard_hat_workers4488.png	292685	1789680663.9334124110
Voxel51__hard-hat-detection/data/hard_hat_workers4360.png	251797	1789680647.3213432940
Voxel51__hard-hat-detection/data/hard_hat_workers4489.png	261105	1789680663.9814126130
Voxel51__hard-hat-detection/data/hard_hat_workers4363.png	284180	1789680647.4493438210
Voxel51__hard-hat-detection/data/hard_hat_workers449.png	336497	1789680664.0774130160
Voxel51__hard-hat-detection/data/hard_hat_workers4362.png	191018	1789680647.4653438870
Voxel51__hard-hat-detection/data/hard_hat_workers4391.png	209418	1789680651.2493595280
Voxel51__hard-hat-detection/data/hard_hat_workers4366.png	269694	1789680647.9893460490
Voxel51__hard-hat-detection/data/hard_hat_workers4490.png	300985	1789680664.0934130830
Voxel51__hard-hat-detection/data/hard_hat_workers4364.png	295441	1789680648.0413462640
Voxel51__hard-hat-detection/data/hard_hat_workers4491.png	270308	1789680664.3454141410
Voxel51__hard-hat-detection/data/hard_hat_workers4365.png	241727	1789680648.1173465780
Voxel51__hard-hat-detection/data/hard_hat_workers4493.png	228622	1789680664.3534141750
Voxel51__hard-hat-detection/data/hard_hat_workers4368.png	280834	1789680648.1893468750
Voxel51__hard-hat-detection/data/hard_hat_workers4492.png	290487	1789680664.4494145780
Voxel51__hard-hat-detection/data/hard_hat_workers4367.png	254812	1789680648.3053473540
Voxel51__hard-hat-detection/data/hard_hat_workers4494.png	304285	1789680664.9614167280
Voxel51__hard-hat-detection/data/hard_hat_workers437.png	239624	1789680648.5333482950
Voxel51__hard-hat-detection/data/hard_hat_workers44.png	232864	1789680652.3853642360
Voxel51__hard-hat-detection/data/hard_hat_workers4370.png	256500	1789680648.5613484110
Voxel51__hard-hat-detection/data/hard_hat_workers4485.png	171089	1789680663.6534112370
Voxel51__hard-hat-detection/data/hard_hat_workers4408.png	242523	1789680654.0173710080
Voxel51__hard-hat-detection/data/hard_hat_workers4452.png	286973	1789680659.5693941380
Voxel51__hard-hat-detection/data/hard_hat_workers4413.png	280055	1789680654.1733716570
Voxel51__hard-hat-detection/data/hard_hat_workers4462.png	285575	1789680660.9453998900
Voxel51__hard-hat-detection/data/hard_hat_workers4414.png	297782	1789680654.1813716900
Voxel51__hard-hat-detection/data/hard_hat_workers4455.png	233408	1789680659.5853942050
Voxel51__hard-hat-detection/data/hard_hat_workers4412.png	295118	1789680654.2573720060
Voxel51__hard-hat-detection/data/hard_hat_workers4468.png	294644	1789680661.1014005430
Voxel51__hard-hat-detection/data/hard_hat_workers4415.png	253382	1789680654.4453727870
Voxel51__hard-hat-detection/data/hard_hat_workers4454.png	238536	1789680659.6053942890
Voxel51__hard-hat-detection/data/hard_hat_workers4416.png	183935	1789680654.6213735180
Voxel51__hard-hat-detection/data/hard_hat_workers4465.png	255844	1789680661.0854004760
Voxel51__hard-hat-detection/data/hard_hat_workers4417.png	268306	1789680654.7773741670
Voxel51__hard-hat-detection/data/hard_hat_workers4456.png	229713	1789680659.6613945220
Voxel51__hard-hat-detection/data/hard_hat_workers4418.png	262522	1789680654.8413744330
Voxel51__hard-hat-detection/data/hard_hat_workers4466.png	152814	1789680661.0614003760
Voxel51__hard-hat-detection/data/hard_hat_workers4419.png	303441	1789680655.0493752970
Voxel51__hard-hat-detection/data/hard_hat_workers4480.png	283766	1789680662.9014080830
Voxel51__hard-hat-detection/data/hard_hat_workers442.png	158881	1789680655.0813754310
Voxel51__hard-hat-detection/data/hard_hat_workers4458.png	235477	1789680659.6973946720
Voxel51__hard-hat-detection/data/hard_hat_workers4420.png	155716	1789680655.1253756140
Voxel51__hard-hat-detection/data/hard_hat_workers4469.png	289745	1789680661.2334010960
Voxel51__hard-hat-detection/data/hard_hat_workers4421.png	207421	1789680655.2773762460
Voxel51__hard-hat-detection/data/hard_hat_workers4453.png	223646	1789680659.7493948900
Voxel51__hard-hat-detection/data/hard_hat_workers4422.png	308329	1789680655.3533765620
Voxel51__hard-hat-detection/data/hard_hat_workers447.png	263144	1789680661.4134018490
Voxel51__hard-hat-detection/data/hard_hat_workers4423.png	329687	1789680655.4613770120
Voxel51__hard-hat-detection/data/hard_hat_workers4460.png	238083	1789680660.1333964950
Voxel51__hard-hat-detection/data/hard_hat_workers4425.png	180936	1789680655.5413773440
Voxel51__hard-hat-detection/data/hard_hat_workers4470.png	317327	1789680661.5934026030
Voxel51__hard-hat-detection/data/hard_hat_workers4424.png	256077	1789680655.5933775610
Voxel51__hard-hat-detection/data/hard_hat_workers446.png	352050	1789680660.2493969800
Voxel51__hard-hat-detection/data/hard_hat_workers4426.png	240559	1789680655.7053780260
Voxel51__hard-hat-detection/data/hard_hat_workers4471.png	340919	1789680661.7654033230
Voxel51__hard-hat-detection/data/hard_hat_workers4428.png	249097	1789680656.0133793080
Voxel51__hard-hat-detection/data/hard_hat_workers4459.png	293675	1789680660.2813971130
Voxel51__hard-hat-detection/data/hard_hat_workers4427.png	265216	1789680656.1013796750
Voxel51__hard-hat-detection/data/hard_hat_workers4472.png	323979	1789680662.1014047300
Voxel51__hard-hat-detection/data/hard_hat_workers4429.png	198373	1789680656.3933808910
Voxel51__hard-hat-detection/data/hard_hat_workers4482.png	268389	1789680663.0654087700
Voxel51__hard-hat-detection/data/hard_hat_workers4430.png	284216	1789680656.5733816400
Voxel51__hard-hat-detection/data/hard_hat_workers4461.png	226405	1789680660.6173985190
Voxel51__hard-hat-detection/data/hard_hat_workers443.png	341601	1789680656.5893817070
Voxel51__hard-hat-detection/data/hard_hat_workers4473.png	272054	1789680662.1774050490
Voxel51__hard-hat-detection/data/hard_hat_workers4431.png	261636	1789680656.6653820230
Voxel51__hard-hat-detection/data/hard_hat_workers4463.png	256597	1789680660.8853996390
Voxel51__hard-hat-detection/data/hard_hat_workers4432.png	345740	1789680656.7373823230
Voxel51__hard-hat-detection/data/hard_hat_workers4464.png	232431	1789680660.9213997900
Voxel51__hard-hat-detection/data/hard_hat_workers4433.png	303033	1789680656.7493823730
Voxel51__hard-hat-detection/data/hard_hat_workers4478.png	221117	1789680662.5694066920
Voxel51__hard-hat-detection/data/hard_hat_workers4436.png	246850	1789680656.8653828560
Voxel51__hard-hat-detection/data/hard_hat_workers4479.png	188851	1789680662.4254060880
Voxel51__hard-hat-detection/data/hard_hat_workers4435.png	255469	1789680656.9253831060
Voxel51__hard-hat-detection/data/hard_hat_workers4467.png	308388	1789680661.0414002920
Voxel51__hard-hat-detection/data/hard_hat_workers4434.png	271177	1789680656.9613832560
Voxel51__hard-hat-detection/data/hard_hat_workers4475.png	346015	1789680662.3614058200
Voxel51__hard-hat-detection/data/hard_hat_workers4437.png	185172	1789680657.1413840060
Voxel51__hard-hat-detection/data/hard_hat_workers4474.png	253228	1789680662.4934063730
Voxel51__hard-hat-detection/data/hard_hat_workers4438.png	316860	1789680657.3493848730
Voxel51__hard-hat-detection/data/hard_hat_workers448.png	270987	1789680662.8214077480
Voxel51__hard-hat-detection/data/hard_hat_workers4439.png	158412	1789680657.4053851070
Voxel51__hard-hat-detection/data/hard_hat_workers4481.png	309834	1789680663.0974089050
Voxel51__hard-hat-detection/data/hard_hat_workers444.png	282156	1789680657.6813862570
Voxel51__hard-hat-detection/data/hard_hat_workers4477.png	266371	1789680662.4774063060
Voxel51__hard-hat-detection/data/hard_hat_workers4440.png	271922	1789680658.0373877420
Voxel51__hard-hat-detection/data/hard_hat_workers4568.png	267047	1789680674.2734560330
Voxel51__hard-hat-detection/data/hard_hat_workers4442.png	277062	1789680658.0413877590
Voxel51__hard-hat-detection/data/hard_hat_workers4569.png	247542	1789680674.6214575090
Voxel51__hard-hat-detection/data/hard_hat_workers4443.png	329424	1789680658.1893883760
Voxel51__hard-hat-detection/data/hard_hat_workers457.png	287978	1789680674.7174579160
Voxel51__hard-hat-detection/data/hard_hat_workers4444.png	334064	1789680658.1933883930
Voxel51__hard-hat-detection/data/hard_hat_workers4570.png	281676	1789680674.7934582390
Voxel51__hard-hat-detection/data/hard_hat_workers4441.png	312495	1789680658.1933883930
Voxel51__hard-hat-detection/data/hard_hat_workers4572.png	135594	1789680674.7934582390
Voxel51__hard-hat-detection/data/hard_hat_workers4445.png	338795	1789680658.2453886100
Voxel51__hard-hat-detection/data/hard_hat_workers4476.png	309530	1789680662.3334057020
Voxel51__hard-hat-detection/data/hard_hat_workers4446.png	347285	1789680658.2613886770
Voxel51__hard-hat-detection/data/hard_hat_workers4571.png	226982	1789680674.8134583230
Voxel51__hard-hat-detection/data/hard_hat_workers4447.png	330059	1789680658.3613890940
Voxel51__hard-hat-detection/data/hard_hat_workers4573.png	280229	1789680675.0494593250
Voxel51__hard-hat-detection/data/hard_hat_workers4448.png	270719	1789680658.6773904130
Voxel51__hard-hat-detection/data/hard_hat_workers4574.png	212976	1789680675.1774598680
Voxel51__hard-hat-detection/data/hard_hat_workers445.png	266570	1789680658.7573907470
Voxel51__hard-hat-detection/data/hard_hat_workers4483.png	284595	1789680663.4134102300
Voxel51__hard-hat-detection/data/hard_hat_workers4449.png	269454	1789680658.8093909640
Voxel51__hard-hat-detection/data/hard_hat_workers4575.png	217718	1789680675.2414601400
Voxel51__hard-hat-detection/data/hard_hat_workers4450.png	248756	1789680659.1533924000
Voxel51__hard-hat-detection/data/hard_hat_workers4576.png	281546	1789680675.5134612950
Voxel51__hard-hat-detection/data/hard_hat_workers4451.png	288527	1789680659.4973938370
Voxel51__hard-hat-detection/data/hard_hat_workers4579.png	250252	1789680675.5854616000
Voxel51__hard-hat-detection/data/hard_hat_workers4457.png	203491	1789680659.5653941210
Voxel51__hard-hat-detection/data/hard_hat_workers4566.png	286082	1789680674.1814556430
Voxel51__hard-hat-detection/data/hard_hat_workers4495.png	340801	1789680665.0734171990
Voxel51__hard-hat-detection/data/hard_hat_workers4536.png	206011	1789680670.4614398990
Voxel51__hard-hat-detection/data/hard_hat_workers4498.png	232440	1789680665.1774176350
Voxel51__hard-hat-detection/data/hard_hat_workers455.png	250377	1789680672.0614466630
Voxel51__hard-hat-detection/data/hard_hat_workers4499.png	247905	1789680665.2454179210
Voxel51__hard-hat-detection/data/hard_hat_workers4537.png	136336	1789680670.5734403720
Voxel51__hard-hat-detection/data/hard_hat_workers4496.png	287229	1789680665.2574179720
Voxel51__hard-hat-detection/data/hard_hat_workers4551.png	264748	1789680672.2694475430
Voxel51__hard-hat-detection/data/hard_hat_workers4497.png	291601	1789680665.2654180060
Voxel51__hard-hat-detection/data/hard_hat_workers4538.png	261198	1789680670.6094405240
Voxel51__hard-hat-detection/data/hard_hat_workers45.png	325961	1789680665.2934181230
Voxel51__hard-hat-detection/data/hard_hat_workers4564.png	152263	1789680673.8174541000
Voxel51__hard-hat-detection/data/hard_hat_workers4500.png	118800	1789680665.3774184760
Voxel51__hard-hat-detection/data/hard_hat_workers4548.png	368226	1789680672.1614470860
Voxel51__hard-hat-detection/data/hard_hat_workers450.png	274164	1789680665.6094194510
Voxel51__hard-hat-detection/data/hard_hat_workers454.png	233740	1789680670.7614411660
Voxel51__hard-hat-detection/data/hard_hat_workers4501.png	140374	1789680665.6694197040
Voxel51__hard-hat-detection/data/hard_hat_workers4549.png	321103	1789680672.0774467310
Voxel51__hard-hat-detection/data/hard_hat_workers4502.png	217662	1789680665.7894202080
Voxel51__hard-hat-detection/data/hard_hat_workers4539.png	384140	1789680670.9134418080
Voxel51__hard-hat-detection/data/hard_hat_workers4503.png	290217	1789680665.8094202920
Voxel51__hard-hat-detection/data/hard_hat_workers4552.png	219065	1789680672.4454482880
Voxel51__hard-hat-detection/data/hard_hat_workers4504.png	305845	1789680666.5294233210
Voxel51__hard-hat-detection/data/hard_hat_workers4540.png	271838	1789680670.9774420790
Voxel51__hard-hat-detection/data/hard_hat_workers4506.png	230079	1789680666.5814235400
Voxel51__hard-hat-detection/data/hard_hat_workers4550.png	292850	1789680672.3774480010
Voxel51__hard-hat-detection/data/hard_hat_workers4505.png	271351	1789680666.6334237590
Voxel51__hard-hat-detection/data/hard_hat_workers4541.png	254393	1789680671.0174422480
Voxel51__hard-hat-detection/data/hard_hat_workers4508.png	318668	1789680666.7014240450
Voxel51__hard-hat-detection/data/hard_hat_workers4554.png	240995	1789680672.5814488640
Voxel51__hard-hat-detection/data/hard_hat_workers4509.png	304709	1789680666.7254241460
Voxel51__hard-hat-detection/data/hard_hat_workers4543.png	251592	1789680671.2534432460
Voxel51__hard-hat-detection/data/hard_hat_workers4507.png	292426	1789680666.7254241460
Voxel51__hard-hat-detection/data/hard_hat_workers4563.png	263787	1789680673.8534542530
Voxel51__hard-hat-detection/data/hard_hat_workers451.png	307483	1789680666.7454242300
Voxel51__hard-hat-detection/data/hard_hat_workers4555.png	220521	1789680672.7214494570
Voxel51__hard-hat-detection/data/hard_hat_workers4510.png	289552	1789680667.0254254080
Voxel51__hard-hat-detection/data/hard_hat_workers4544.png	276325	1789680671.2694433130
Voxel51__hard-hat-detection/data/hard_hat_workers4512.png	304686	1789680667.0294254250
Voxel51__hard-hat-detection/data/hard_hat_workers4553.png	196245	1789680672.6214490340
Voxel51__hard-hat-detection/data/hard_hat_workers4511.png	274791	1789680667.0894256770
Voxel51__hard-hat-detection/data/hard_hat_workers4542.png	254660	1789680671.3014434490
Voxel51__hard-hat-detection/data/hard_hat_workers4513.png	213685	1789680667.1494259300
Voxel51__hard-hat-detection/data/hard_hat_workers4556.png	309700	1789680672.9054502360
Voxel51__hard-hat-detection/data/hard_hat_workers4514.png	248080	1789680667.2614264020
Voxel51__hard-hat-detection/data/hard_hat_workers4545.png	266034	1789680671.4374440240
Voxel51__hard-hat-detection/data/hard_hat_workers4515.png	285044	1789680667.8414288450
Voxel51__hard-hat-detection/data/hard_hat_workers4557.png	158110	1789680672.9494504220
Voxel51__hard-hat-detection/data/hard_hat_workers4516.png	244243	1789680667.8654289460
Voxel51__hard-hat-detection/data/hard_hat_workers4546.png	207004	1789680671.5854446500
Voxel51__hard-hat-detection/data/hard_hat_workers4518.png	293012	1789680668.0494297210
Voxel51__hard-hat-detection/data/hard_hat_workers4547.png	314886	1789680671.7534453600
Voxel51__hard-hat-detection/data/hard_hat_workers4517.png	256654	1789680668.2454305480
Voxel51__hard-hat-detection/data/hard_hat_workers4559.png	217562	1789680673.4374524890
Voxel51__hard-hat-detection/data/hard_hat_workers452.png	332148	1789680668.2934307500
Voxel51__hard-hat-detection/data/hard_hat_workers4565.png	324942	1789680674.0854552360
Voxel51__hard-hat-detection/data/hard_hat_workers4520.png	275016	1789680668.3374309360
Voxel51__hard-hat-detection/data/hard_hat_workers456.png	323652	1789680673.5214528450
Voxel51__hard-hat-detection/data/hard_hat_workers4519.png	319176	1789680668.3854311380
Voxel51__hard-hat-detection/data/hard_hat_workers4561.png	202937	1789680673.5374529140
Voxel51__hard-hat-detection/data/hard_hat_workers4523.png	214045	1789680668.5534318460
Voxel51__hard-hat-detection/data/hard_hat_workers465.png	146675	1789680684.9095013720
Voxel51__hard-hat-detection/data/hard_hat_workers4524.png	277810	1789680668.6814323860
Voxel51__hard-hat-detection/data/hard_hat_workers4562.png	305883	1789680673.6334533200
Voxel51__hard-hat-detection/data/hard_hat_workers4521.png	218720	1789680668.6814323860
Voxel51__hard-hat-detection/data/hard_hat_workers4560.png	280855	1789680673.6814535230
Voxel51__hard-hat-detection/data/hard_hat_workers4522.png	275275	1789680668.7774327910
Voxel51__hard-hat-detection/data/hard_hat_workers4651.png	332112	1789680684.9975017490
Voxel51__hard-hat-detection/data/hard_hat_workers4525.png	219434	1789680668.9814336510
Voxel51__hard-hat-detection/data/hard_hat_workers4650.png	200314	1789680685.1295023150
Voxel51__hard-hat-detection/data/hard_hat_workers4526.png	274887	1789680669.2254346800
Voxel51__hard-hat-detection/data/hard_hat_workers4654.png	347855	1789680685.2335027600
Voxel51__hard-hat-detection/data/hard_hat_workers4528.png	285674	1789680669.3294351200
Voxel51__hard-hat-detection/data/hard_hat_workers4653.png	261257	1789680685.2615028810
Voxel51__hard-hat-detection/data/hard_hat_workers4529.png	57071	1789680669.4494356260
Voxel51__hard-hat-detection/data/hard_hat_workers4658.png	219202	1789680685.7015047670
Voxel51__hard-hat-detection/data/hard_hat_workers453.png	203080	1789680669.5094358790
Voxel51__hard-hat-detection/data/hard_hat_workers4567.png	173202	1789680674.1734556090
Voxel51__hard-hat-detection/data/hard_hat_workers4527.png	317052	1789680669.5774361660
Voxel51__hard-hat-detection/data/hard_hat_workers4558.png	182589	1789680673.1654513370
Voxel51__hard-hat-detection/data/hard_hat_workers4530.png	242810	1789680669.6094363010
Voxel51__hard-hat-detection/data/hard_hat_workers4656.png	142038	1789680685.7215048530
Voxel51__hard-hat-detection/data/hard_hat_workers4532.png	289879	1789680669.9494377360
Voxel51__hard-hat-detection/data/hard_hat_workers4655.png	210381	1789680685.7535049900
Voxel51__hard-hat-detection/data/hard_hat_workers4531.png	202888	1789680669.9814378710
Voxel51__hard-hat-detection/data/hard_hat_workers466.png	285399	1789680685.9815059680
Voxel51__hard-hat-detection/data/hard_hat_workers4535.png	235569	1789680669.9894379050
Voxel51__hard-hat-detection/data/hard_hat_workers4659.png	259295	1789680686.0695063450
Voxel51__hard-hat-detection/data/hard_hat_workers4533.png	306195	1789680670.0334380910
Voxel51__hard-hat-detection/data/hard_hat_workers4661.png	303496	1789680686.2015069110
Voxel51__hard-hat-detection/data/hard_hat_workers4534.png	291502	1789680670.1254384790
Voxel51__hard-hat-detection/data/hard_hat_workers4652.png	259613	1789680684.8975013200
Voxel51__hard-hat-detection/data/hard_hat_workers4577.png	320386	1789680675.5894616180
Voxel51__hard-hat-detection/data/hard_hat_workers462.png	271386	1789680680.8374839580
Voxel51__hard-hat-detection/data/hard_hat_workers4578.png	208030	1789680675.5974616520
Voxel51__hard-hat-detection/data/hard_hat_workers4647.png	249547	1789680684.3734990760
Voxel51__hard-hat-detection/data/hard_hat_workers458.png	181832	1789680675.7934624840
Voxel51__hard-hat-detection/data/hard_hat_workers4627.png	271100	1789680682.3134902630
Voxel51__hard-hat-detection/data/hard_hat_workers4580.png	280775	1789680675.9454631290
Voxel51__hard-hat-detection/data/hard_hat_workers4619.png	320766	1789680680.8534840260
Voxel51__hard-hat-detection/data/hard_hat_workers4582.png	198761	1789680676.0574636050
Voxel51__hard-hat-detection/data/hard_hat_workers463.png	306858	1789680682.2894901600
Voxel51__hard-hat-detection/data/hard_hat_workers4581.png	253580	1789680676.1894641660
Voxel51__hard-hat-detection/data/hard_hat_workers4620.png	186863	1789680681.1334852220
Voxel51__hard-hat-detection/data/hard_hat_workers4583.png	312937	1789680676.3654649140
Voxel51__hard-hat-detection/data/hard_hat_workers4634.png	306297	1789680682.8614926050
Voxel51__hard-hat-detection/data/hard_hat_workers4584.png	207661	1789680676.4294651860
Voxel51__hard-hat-detection/data/hard_hat_workers4621.png	241702	1789680681.2694858030
Voxel51__hard-hat-detection/data/hard_hat_workers4586.png	289068	1789680676.5174655590
Voxel51__hard-hat-detection/data/hard_hat_workers4631.png	244857	1789680682.6054915110
Voxel51__hard-hat-detection/data/hard_hat_workers4585.png	165235	1789680676.5934658830
Voxel51__hard-hat-detection/data/hard_hat_workers4622.png	214684	1789680681.4854867250
Voxel51__hard-hat-detection/data/hard_hat_workers4587.png	210112	1789680676.8934671570
Voxel51__hard-hat-detection/data/hard_hat_workers4635.png	249392	1789680683.0214932890
Voxel51__hard-hat-detection/data/hard_hat_workers459.png	260422	1789680676.9214672770
Voxel51__hard-hat-detection/data/hard_hat_workers4623.png	218323	1789680681.5414869640
Voxel51__hard-hat-detection/data/hard_hat_workers4589.png	205873	1789680677.1014680420
Voxel51__hard-hat-detection/data/hard_hat_workers4644.png	277395	1789680684.3774990930
Voxel51__hard-hat-detection/data/hard_hat_workers4588.png	288556	1789680677.1294681610
Voxel51__hard-hat-detection/data/hard_hat_workers4645.png	263375	1789680684.4014991960
Voxel51__hard-hat-detection/data/hard_hat_workers4590.png	238914	1789680677.2374686210
Voxel51__hard-hat-detection/data/hard_hat_workers4633.png	249026	1789680682.8814926910
Voxel51__hard-hat-detection/data/hard_hat_workers4592.png	150559	1789680677.2854688250
Voxel51__hard-hat-detection/data/hard_hat_workers4625.png	293136	1789680681.7854880060
Voxel51__hard-hat-detection/data/hard_hat_workers4591.png	256298	1789680677.4054693350
Voxel51__hard-hat-detection/data/hard_hat_workers4636.png	262180	1789680683.1214937170
Voxel51__hard-hat-detection/data/hard_hat_workers4593.png	295171	1789680677.7134706450
Voxel51__hard-hat-detection/data/hard_hat_workers4626.png	279741	1789680681.8814884160
Voxel51__hard-hat-detection/data/hard_hat_workers4596.png	357793	1789680677.8854713770
Voxel51__hard-hat-detection/data/hard_hat_workers4637.png	234966	1789680683.2534942820
Voxel51__hard-hat-detection/data/hard_hat_workers4594.png	193032	1789680677.9094714800
Voxel51__hard-hat-detection/data/hard_hat_workers4624.png	333674	1789680681.9054885190
Voxel51__hard-hat-detection/data/hard_hat_workers4595.png	243471	1789680677.9494716500
Voxel51__hard-hat-detection/data/hard_hat_workers4638.png	290473	1789680683.4494951210
Voxel51__hard-hat-detection/data/hard_hat_workers4597.png	283196	1789680677.9654717180
Voxel51__hard-hat-detection/data/hard_hat_workers4628.png	217834	1789680682.0534891510
Voxel51__hard-hat-detection/data/hard_hat_workers4598.png	272953	1789680678.2494729270
Voxel51__hard-hat-detection/data/hard_hat_workers4640.png	283011	1789680683.5854957020
Voxel51__hard-hat-detection/data/hard_hat_workers4599.png	182503	1789680678.3094731820
Voxel51__hard-hat-detection/data/hard_hat_workers4629.png	227317	1789680682.2374899380
Voxel51__hard-hat-detection/data/hard_hat_workers460.png	199054	1789680678.3494733530
Voxel51__hard-hat-detection/data/hard_hat_workers4648.png	239093	1789680684.6135001040
Voxel51__hard-hat-detection/data/hard_hat_workers4600.png	343702	1789680678.4454737620
Voxel51__hard-hat-detection/data/hard_hat_workers4630.png	246529	1789680682.2774901090
Voxel51__hard-hat-detection/data/hard_hat_workers4602.png	234802	1789680678.6414745960
Voxel51__hard-hat-detection/data/hard_hat_workers4639.png	267591	1789680683.7934965920
Voxel51__hard-hat-detection/data/hard_hat_workers4601.png	220534	1789680678.8294753970
Voxel51__hard-hat-detection/data/hard_hat_workers464.png	230960	1789680683.6414959420
Voxel51__hard-hat-detection/data/hard_hat_workers46.png	294384	1789680678.9974761120
Voxel51__hard-hat-detection/data/hard_hat_workers4643.png	303686	1789680683.9334971920
Voxel51__hard-hat-detection/data/hard_hat_workers4603.png	276180	1789680679.1254766580
Voxel51__hard-hat-detection/data/hard_hat_workers4632.png	265372	1789680682.5654913400
Voxel51__hard-hat-detection/data/hard_hat_workers4607.png	283200	1789680679.2654772550
Voxel51__hard-hat-detection/data/hard_hat_workers4646.png	306362	1789680684.2894987160
Voxel51__hard-hat-detection/data/hard_hat_workers4604.png	156083	1789680679.2854773400
Voxel51__hard-hat-detection/data/hard_hat_workers4642.png	223876	1789680683.9374972090
Voxel51__hard-hat-detection/data/hard_hat_workers4605.png	299734	1789680679.3854777660
Voxel51__hard-hat-detection/data/hard_hat_workers473.png	196255	1789680695.4015465540
Voxel51__hard-hat-detection/data/hard_hat_workers4608.png	282098	1789680679.5214783460
Voxel51__hard-hat-detection/data/hard_hat_workers4733.png	359078	1789680695.5775473150
Voxel51__hard-hat-detection/data/hard_hat_workers4606.png	273372	1789680679.5614785160
Voxel51__hard-hat-detection/data/hard_hat_workers4735.png	241452	1789680695.7655481290
Voxel51__hard-hat-detection/data/hard_hat_workers4609.png	195758	1789680679.6374788400
Voxel51__hard-hat-detection/data/hard_hat_workers4649.png	246175	1789680684.6855004130
Voxel51__hard-hat-detection/data/hard_hat_workers461.png	290027	1789680679.8734798460
Voxel51__hard-hat-detection/data/hard_hat_workers4737.png	296590	1789680695.8895486660
Voxel51__hard-hat-detection/data/hard_hat_workers4610.png	337891	1789680679.8814798800
Voxel51__hard-hat-detection/data/hard_hat_workers4736.png	323091	1789680695.9255488210
Voxel51__hard-hat-detection/data/hard_hat_workers4612.png	289681	1789680680.1454810060
Voxel51__hard-hat-detection/data/hard_hat_workers4738.png	193487	1789680696.3775507790
Voxel51__hard-hat-detection/data/hard_hat_workers4611.png	336756	1789680680.2094812790
Voxel51__hard-hat-detection/data/hard_hat_workers474.png	169068	1789680696.4815512300
Voxel51__hard-hat-detection/data/hard_hat_workers4613.png	257484	1789680680.4054821150
Voxel51__hard-hat-detection/data/hard_hat_workers4742.png	269947	1789680696.5375514720
Voxel51__hard-hat-detection/data/hard_hat_workers4614.png	292664	1789680680.4934824900
Voxel51__hard-hat-detection/data/hard_hat_workers4641.png	284987	1789680683.7974966100
Voxel51__hard-hat-detection/data/hard_hat_workers4616.png	280713	1789680680.5334826620
Voxel51__hard-hat-detection/data/hard_hat_workers4741.png	289389	1789680696.5975517320
Voxel51__hard-hat-detection/data/hard_hat_workers4615.png	310825	1789680680.7414835490
Voxel51__hard-hat-detection/data/hard_hat_workers4739.png	300232	1789680696.6375519060
Voxel51__hard-hat-detection/data/hard_hat_workers4617.png	276923	1789680680.7814837190
Voxel51__hard-hat-detection/data/hard_hat_workers4743.png	275688	1789680696.6615520100
Voxel51__hard-hat-detection/data/hard_hat_workers4618.png	289102	1789680680.7934837700
Voxel51__hard-hat-detection/data/hard_hat_workers4734.png	275231	1789680695.3615463810
Voxel51__hard-hat-detection/data/hard_hat_workers4660.png	330807	1789680686.2735072200
Voxel51__hard-hat-detection/data/hard_hat_workers4701.png	223268	1789680691.5255298100
Voxel51__hard-hat-detection/data/hard_hat_workers4657.png	200055	1789680686.3215074260
Voxel51__hard-hat-detection/data/hard_hat_workers4714.png	214879	1789680693.1015366110
Voxel51__hard-hat-detection/data/hard_hat_workers4663.png	181616	1789680686.4015077690
Voxel51__hard-hat-detection/data/hard_hat_workers4703.png	212719	1789680691.6775304650
Voxel51__hard-hat-detection/data/hard_hat_workers4665.png	199592	1789680686.6095086620
Voxel51__hard-hat-detection/data/hard_hat_workers4715.png	270036	1789680693.1415367830
Voxel51__hard-hat-detection/data/hard_hat_workers4664.png	247030	1789680686.6975090400
Voxel51__hard-hat-detection/data/hard_hat_workers4705.png	237449	1789680691.7655308450
Voxel51__hard-hat-detection/data/hard_hat_workers4662.png	208781	1789680686.8455096750
Voxel51__hard-hat-detection/data/hard_hat_workers4713.png	186988	1789680693.1335367490
Voxel51__hard-hat-detection/data/hard_hat_workers4667.png	330257	1789680687.0895107220
Voxel51__hard-hat-detection/data/hard_hat_workers4702.png	308347	1789680691.8295311210
Voxel51__hard-hat-detection/data/hard_hat_workers4668.png	341857	1789680687.0895107220
Voxel51__hard-hat-detection/data/hard_hat_workers4716.png	322245	1789680693.4895382870
Voxel51__hard-hat-detection/data/hard_hat_workers4669.png	326755	1789680687.3615118910
Voxel51__hard-hat-detection/data/hard_hat_workers4704.png	387025	1789680691.9855317940
Voxel51__hard-hat-detection/data/hard_hat_workers4666.png	269944	1789680687.3655119080
Voxel51__hard-hat-detection/data/hard_hat_workers4731.png	255032	1789680695.2335458270
Voxel51__hard-hat-detection/data/hard_hat_workers467.png	296340	1789680687.4215121480
Voxel51__hard-hat-detection/data/hard_hat_workers4718.png	299367	1789680693.8335397730
Voxel51__hard-hat-detection/data/hard_hat_workers4671.png	296948	1789680687.5215125780
Voxel51__hard-hat-detection/data/hard_hat_workers4706.png	282595	1789680692.3655334340
Voxel51__hard-hat-detection/data/hard_hat_workers4670.png	246866	1789680687.5575127330
Voxel51__hard-hat-detection/data/hard_hat_workers4721.png	269800	1789680693.9895404470
Voxel51__hard-hat-detection/data/hard_hat_workers4672.png	261101	1789680687.6095129560
Voxel51__hard-hat-detection/data/hard_hat_workers4707.png	267692	1789680692.4135336410
Voxel51__hard-hat-detection/data/hard_hat_workers4674.png	243515	1789680687.8695140730
Voxel51__hard-hat-detection/data/hard_hat_workers4717.png	191220	1789680693.9015400670
Voxel51__hard-hat-detection/data/hard_hat_workers4676.png	269956	1789680688.1135151220
Voxel51__hard-hat-detection/data/hard_hat_workers4709.png	223075	1789680692.4415337620
Voxel51__hard-hat-detection/data/hard_hat_workers4675.png	320752	1789680688.2375156550
Voxel51__hard-hat-detection/data/hard_hat_workers4723.png	259584	1789680694.0695407930
Voxel51__hard-hat-detection/data/hard_hat_workers4673.png	203211	1789680688.2495157070
Voxel51__hard-hat-detection/data/hard_hat_workers4708.png	256380	1789680692.4975340040
Voxel51__hard-hat-detection/data/hard_hat_workers4678.png	289267	1789680688.3335160670
Voxel51__hard-hat-detection/data/hard_hat_workers4719.png	141771	1789680693.9895404470
Voxel51__hard-hat-detection/data/hard_hat_workers4677.png	325334	1789680688.6255173230
Voxel51__hard-hat-detection/data/hard_hat_workers471.png	144831	1789680692.6615347120
Voxel51__hard-hat-detection/data/hard_hat_workers468.png	292567	1789680688.7335177870
Voxel51__hard-hat-detection/data/hard_hat_workers4729.png	205712	1789680695.2295458100
Voxel51__hard-hat-detection/data/hard_hat_workers4680.png	301474	1789680688.8495182860
Voxel51__hard-hat-detection/data/hard_hat_workers4722.png	227338	1789680694.1015409310
Voxel51__hard-hat-detection/data/hard_hat_workers4679.png	242812	1789680688.8815184240
Voxel51__hard-hat-detection/data/hard_hat_workers4711.png	232640	1789680692.7575351260
Voxel51__hard-hat-detection/data/hard_hat_workers4681.png	295561	1789680688.8855184410
Voxel51__hard-hat-detection/data/hard_hat_workers4710.png	226723	1789680692.7935352810
Voxel51__hard-hat-detection/data/hard_hat_workers4682.png	345047	1789680689.0735192490
Voxel51__hard-hat-detection/data/hard_hat_workers4724.png	226265	1789680694.3775421250
Voxel51__hard-hat-detection/data/hard_hat_workers4683.png	335318	1789680689.1335195080
Voxel51__hard-hat-detection/data/hard_hat_workers4712.png	162883	1789680692.8175353850
Voxel51__hard-hat-detection/data/hard_hat_workers4684.png	258554	1789680689.1575196110
Voxel51__hard-hat-detection/data/hard_hat_workers4720.png	331870	1789680694.0815408450
Voxel51__hard-hat-detection/data/hard_hat_workers4685.png	190972	1789680689.3735205400
Voxel51__hard-hat-detection/data/hard_hat_workers4726.png	298911	1789680694.4175422980
Voxel51__hard-hat-detection/data/hard_hat_workers4686.png	188791	1789680689.5495212980
Voxel51__hard-hat-detection/data/hard_hat_workers4727.png	251015	1789680694.8295440790
Voxel51__hard-hat-detection/data/hard_hat_workers4687.png	244888	1789680689.7775222790
Voxel51__hard-hat-detection/data/hard_hat_workers4725.png	236431	1789680694.4415424010
Voxel51__hard-hat-detection/data/hard_hat_workers4688.png	258020	1789680689.8015223820
Voxel51__hard-hat-detection/data/hard_hat_workers4815.png	315096	1789680706.2175935950
Voxel51__hard-hat-detection/data/hard_hat_workers469.png	200156	1789680690.0415234150
Voxel51__hard-hat-detection/data/hard_hat_workers4730.png	285389	1789680695.2895460690
Voxel51__hard-hat-detection/data/hard_hat_workers4691.png	265694	1789680690.1015236740
Voxel51__hard-hat-detection/data/hard_hat_workers4732.png	263470	1789680695.3295462420
Voxel51__hard-hat-detection/data/hard_hat_workers4689.png	275122	1789680690.1535238980
Voxel51__hard-hat-detection/data/hard_hat_workers4817.png	396263	1789680706.2455937170
Voxel51__hard-hat-detection/data/hard_hat_workers4690.png	244277	1789680690.2695243980
Voxel51__hard-hat-detection/data/hard_hat_workers4818.png	248228	1789680706.3575942060
Voxel51__hard-hat-detection/data/hard_hat_workers4694.png	278663	1789680690.4055249830
Voxel51__hard-hat-detection/data/hard_hat_workers472.png	234069	1789680693.9855404290
Voxel51__hard-hat-detection/data/hard_hat_workers4693.png	230138	1789680690.4175250350
Voxel51__hard-hat-detection/data/hard_hat_workers482.png	206792	1789680706.6855956410
Voxel51__hard-hat-detection/data/hard_hat_workers4692.png	303851	1789680690.5055254140
Voxel51__hard-hat-detection/data/hard_hat_workers4819.png	234326	1789680706.7055957280
Voxel51__hard-hat-detection/data/hard_hat_workers4695.png	219120	1789680690.5215254830
Voxel51__hard-hat-detection/data/hard_hat_workers4820.png	200592	1789680706.7055957280
Voxel51__hard-hat-detection/data/hard_hat_workers4696.png	222123	1789680690.8815270340
Voxel51__hard-hat-detection/data/hard_hat_workers4821.png	232888	1789680706.7535959380
Voxel51__hard-hat-detection/data/hard_hat_workers4697.png	291889	1789680690.9215272060
Voxel51__hard-hat-detection/data/hard_hat_workers4822.png	330808	1789680706.8415963220
Voxel51__hard-hat-detection/data/hard_hat_workers4698.png	209006	1789680691.0855279130
Voxel51__hard-hat-detection/data/hard_hat_workers4823.png	216724	1789680706.8895965330
Voxel51__hard-hat-detection/data/hard_hat_workers4699.png	211551	1789680691.0935279470
Voxel51__hard-hat-detection/data/hard_hat_workers4824.png	254449	1789680707.2535981250
Voxel51__hard-hat-detection/data/hard_hat_workers470.png	207720	1789680691.3375289990
Voxel51__hard-hat-detection/data/hard_hat_workers4728.png	325484	1789680695.3415462940
Voxel51__hard-hat-detection/data/hard_hat_workers47.png	265414	1789680691.4695295690
Voxel51__hard-hat-detection/data/hard_hat_workers4825.png	238080	1789680707.4295988950
Voxel51__hard-hat-detection/data/hard_hat_workers4700.png	209874	1789680691.5135297580
Voxel51__hard-hat-detection/data/hard_hat_workers4816.png	293668	1789680706.1775934190
Voxel51__hard-hat-detection/data/hard_hat_workers4740.png	272962	1789680696.7535524080
Voxel51__hard-hat-detection/data/hard_hat_workers4785.png	217929	1789680702.1175757080
Voxel51__hard-hat-detection/data/hard_hat_workers4744.png	279099	1789680696.8135526680
Voxel51__hard-hat-detection/data/hard_hat_workers4799.png	264858	1789680703.8135830990
Voxel51__hard-hat-detection/data/hard_hat_workers4745.png	304150	1789680696.9615533090
Voxel51__hard-hat-detection/data/hard_hat_workers4786.png	300698	1789680702.2015760730
Voxel51__hard-hat-detection/data/hard_hat_workers4746.png	259092	1789680697.1135539680
Voxel51__hard-hat-detection/data/hard_hat_workers480.png	319623	1789680703.9735837960
Voxel51__hard-hat-detection/data/hard_hat_workers4747.png	331082	1789680697.2295544710
Voxel51__hard-hat-detection/data/hard_hat_workers4787.png	261234	1789680702.2855764390
Voxel51__hard-hat-detection/data/hard_hat_workers4748.png	229164	1789680697.3615550440
Voxel51__hard-hat-detection/data/hard_hat_workers4796.png	258058	1789680703.5775820700
Voxel51__hard-hat-detection/data/hard_hat_workers4749.png	247658	1789680697.6655563620
Voxel51__hard-hat-detection/data/hard_hat_workers4810.png	265632	1789680705.5615907280
Voxel51__hard-hat-detection/data/hard_hat_workers4750.png	293139	1789680697.8215570380
Voxel51__hard-hat-detection/data/hard_hat_workers4788.png	253123	1789680702.4615772060
Voxel51__hard-hat-detection/data/hard_hat_workers4751.png	232829	1789680697.8855573150
Voxel51__hard-hat-detection/data/hard_hat_workers4797.png	315859	1789680703.8815833950
Voxel51__hard-hat-detection/data/hard_hat_workers475.png	239073	1789680697.9295575060
Voxel51__hard-hat-detection/data/hard_hat_workers4789.png	341712	1789680702.6495780250
Voxel51__hard-hat-detection/data/hard_hat_workers4753.png	298654	1789680697.9895577670
Voxel51__hard-hat-detection/data/hard_hat_workers4801.png	235756	1789680704.3055852450
Voxel51__hard-hat-detection/data/hard_hat_workers4752.png	173735	1789680698.0135578710
Voxel51__hard-hat-detection/data/hard_hat_workers479.png	270554	1789680702.7175783210
Voxel51__hard-hat-detection/data/hard_hat_workers4755.png	243012	1789680698.1455584430
Voxel51__hard-hat-detection/data/hard_hat_workers4800.png	239877	1789680704.0935843200
Voxel51__hard-hat-detection/data/hard_hat_workers4754.png	225440	1789680698.1535584780
Voxel51__hard-hat-detection/data/hard_hat_workers4790.png	273982	1789680702.8695789840
Voxel51__hard-hat-detection/data/hard_hat_workers4756.png	228842	1789680698.3655593980
Voxel51__hard-hat-detection/data/hard_hat_workers48.png	275200	1789680704.1575845990
Voxel51__hard-hat-detection/data/hard_hat_workers4757.png	255957	1789680698.5375601450
Voxel51__hard-hat-detection/data/hard_hat_workers4791.png	190954	1789680702.9815794710
Voxel51__hard-hat-detection/data/hard_hat_workers4758.png	290913	1789680698.6255605270
Voxel51__hard-hat-detection/data/hard_hat_workers4802.png	303251	1789680704.6735868510
Voxel51__hard-hat-detection/data/hard_hat_workers4759.png	260407	1789680698.7895612380
Voxel51__hard-hat-detection/data/hard_hat_workers4812.png	316057	1789680705.6655911830
Voxel51__hard-hat-detection/data/hard_hat_workers476.png	302683	1789680699.0615624190
Voxel51__hard-hat-detection/data/hard_hat_workers4793.png	214915	1789680703.3055808840
Voxel51__hard-hat-detection/data/hard_hat_workers4763.png	150607	1789680699.2255631320
Voxel51__hard-hat-detection/data/hard_hat_workers4803.png	332957	1789680704.7975873920
Voxel51__hard-hat-detection/data/hard_hat_workers4760.png	277526	1789680699.2255631320
Voxel51__hard-hat-detection/data/hard_hat_workers4792.png	316031	1789680703.3135809190
Voxel51__hard-hat-detection/data/hard_hat_workers4764.png	194803	1789680699.3055634790
Voxel51__hard-hat-detection/data/hard_hat_workers4804.png	261613	1789680704.8055874270
Voxel51__hard-hat-detection/data/hard_hat_workers4761.png	337863	1789680699.3695637570
Voxel51__hard-hat-detection/data/hard_hat_workers4794.png	310795	1789680703.3295809890
Voxel51__hard-hat-detection/data/hard_hat_workers4766.png	229657	1789680699.5615645910
Voxel51__hard-hat-detection/data/hard_hat_workers4806.png	287834	1789680704.8775877410
Voxel51__hard-hat-detection/data/hard_hat_workers4765.png	221583	1789680699.5695646260
Voxel51__hard-hat-detection/data/hard_hat_workers4795.png	275336	1789680703.5415819130
Voxel51__hard-hat-detection/data/hard_hat_workers4762.png	276513	1789680699.5895647130
Voxel51__hard-hat-detection/data/hard_hat_workers4798.png	254278	1789680703.5735820530
Voxel51__hard-hat-detection/data/hard_hat_workers4768.png	262994	1789680699.7855655640
Voxel51__hard-hat-detection/data/hard_hat_workers4807.png	209286	1789680704.8895877930
Voxel51__hard-hat-detection/data/hard_hat_workers4767.png	282473	1789680699.8255657380
Voxel51__hard-hat-detection/data/hard_hat_workers4805.png	244382	1789680704.9655881250
Voxel51__hard-hat-detection/data/hard_hat_workers477.png	322071	1789680700.0775668330
Voxel51__hard-hat-detection/data/hard_hat_workers4813.png	271380	1789680705.8775921080
Voxel51__hard-hat-detection/data/hard_hat_workers4769.png	278928	1789680700.2535675980
Voxel51__hard-hat-detection/data/hard_hat_workers4811.png	286908	1789680705.3935899940
Voxel51__hard-hat-detection/data/hard_hat_workers4770.png	273631	1789680700.3495680160
Voxel51__hard-hat-detection/data/hard_hat_workers481.png	295587	1789680705.4935904310
Voxel51__hard-hat-detection/data/hard_hat_workers4773.png	220624	1789680700.5895690590
Voxel51__hard-hat-detection/data/hard_hat_workers49.png	343109	1789680716.7336397730
Voxel51__hard-hat-detection/data/hard_hat_workers4771.png	234396	1789680700.5895690590
Voxel51__hard-hat-detection/data/hard_hat_workers490.png	331212	1789680716.9136405670
Voxel51__hard-hat-detection/data/hard_hat_workers4772.png	269851	1789680700.7215696330
Voxel51__hard-hat-detection/data/hard_hat_workers4809.png	295024	1789680705.4655903090
Voxel51__hard-hat-detection/data/hard_hat_workers4774.png	302723	1789680700.7535697720
Voxel51__hard-hat-detection/data/hard_hat_workers4900.png	305805	1789680717.2736421560
Voxel51__hard-hat-detection/data/hard_hat_workers4776.png	157856	1789680700.7895699290
Voxel51__hard-hat-detection/data/hard_hat_workers4901.png	334552	1789680717.4416428980
Voxel51__hard-hat-detection/data/hard_hat_workers4777.png	290730	1789680700.8575702240
Voxel51__hard-hat-detection/data/hard_hat_workers4904.png	265032	1789680717.4856430920
Voxel51__hard-hat-detection/data/hard_hat_workers4778.png	226700	1789680701.1455714770
Voxel51__hard-hat-detection/data/hard_hat_workers4902.png	220949	1789680717.5456433570
Voxel51__hard-hat-detection/data/hard_hat_workers4775.png	264594	1789680701.1615715470
Voxel51__hard-hat-detection/data/hard_hat_workers4905.png	190837	1789680717.5496433750
Voxel51__hard-hat-detection/data/hard_hat_workers4779.png	358796	1789680701.2135717730
Voxel51__hard-hat-detection/data/hard_hat_workers4814.png	304094	1789680706.0375928070
Voxel51__hard-hat-detection/data/hard_hat_workers478.png	236574	1789680701.4615728520
Voxel51__hard-hat-detection/data/hard_hat_workers4907.png	98042	1789680717.6216436930
Voxel51__hard-hat-detection/data/hard_hat_workers4780.png	199710	1789680701.7735742100
Voxel51__hard-hat-detection/data/hard_hat_workers4808.png	298030	1789680705.2455893480
Voxel51__hard-hat-detection/data/hard_hat_workers4783.png	193023	1789680701.8655746110
Voxel51__hard-hat-detection/data/hard_hat_workers4903.png	240462	1789680717.6256437100
Voxel51__hard-hat-detection/data/hard_hat_workers4781.png	284860	1789680701.8855746980
Voxel51__hard-hat-detection/data/hard_hat_workers4906.png	332345	1789680717.6536438340
Voxel51__hard-hat-detection/data/hard_hat_workers4782.png	289904	1789680701.9055747850
Voxel51__hard-hat-detection/data/hard_hat_workers4908.png	248381	1789680717.8656447700
Voxel51__hard-hat-detection/data/hard_hat_workers4784.png	274641	1789680701.9895751500
Voxel51__hard-hat-detection/data/hard_hat_workers4899.png	292780	1789680716.7016396320
Voxel51__hard-hat-detection/data/hard_hat_workers4826.png	240012	1789680707.4655990520
Voxel51__hard-hat-detection/data/hard_hat_workers4868.png	261047	1789680712.6816219290
Voxel51__hard-hat-detection/data/hard_hat_workers4828.png	188916	1789680707.4855991400
Voxel51__hard-hat-detection/data/hard_hat_workers4878.png	244989	1789680713.9376274530
Voxel51__hard-hat-detection/data/hard_hat_workers4829.png	261077	1789680707.8496007330
Voxel51__hard-hat-detection/data/hard_hat_workers4870.png	292891	1789680712.9936233000
Voxel51__hard-hat-detection/data/hard_hat_workers4827.png	283896	1789680707.8576007680
Voxel51__hard-hat-detection/data/hard_hat_workers4895.png	268963	1789680716.3456380620
Voxel51__hard-hat-detection/data/hard_hat_workers4830.png	230232	1789680708.0696016960
Voxel51__hard-hat-detection/data/hard_hat_workers4881.png	224248	1789680714.7136308690
Voxel51__hard-hat-detection/data/hard_hat_workers483.png	276814	1789680708.1336019760
Voxel51__hard-hat-detection/data/hard_hat_workers487.png	186220	1789680713.0336234760
Voxel51__hard-hat-detection/data/hard_hat_workers4832.png	188506	1789680708.1776021690
Voxel51__hard-hat-detection/data/hard_hat_workers488.png	297237	1789680714.6216304640
Voxel51__hard-hat-detection/data/hard_hat_workers4834.png	207738	1789680708.2216023620
Voxel51__hard-hat-detection/data/hard_hat_workers4869.png	273299	1789680713.2176242850
Voxel51__hard-hat-detection/data/hard_hat_workers4831.png	294855	1789680708.2416024490
Voxel51__hard-hat-detection/data/hard_hat_workers4883.png	282470	1789680714.8576315030
Voxel51__hard-hat-detection/data/hard_hat_workers4833.png	279553	1789680708.3216027990
Voxel51__hard-hat-detection/data/hard_hat_workers4872.png	208828	1789680713.4896254820
Voxel51__hard-hat-detection/data/hard_hat_workers4835.png	374035	1789680708.5856039550
Voxel51__hard-hat-detection/data/hard_hat_workers4885.png	252136	1789680714.9616319620
Voxel51__hard-hat-detection/data/hard_hat_workers4836.png	253881	1789680708.7056044810
Voxel51__hard-hat-detection/data/hard_hat_workers4873.png	272504	1789680713.5536257640
Voxel51__hard-hat-detection/data/hard_hat_workers4838.png	221456	1789680708.9296054620
Voxel51__hard-hat-detection/data/hard_hat_workers4884.png	217298	1789680714.9176317680
Voxel51__hard-hat-detection/data/hard_hat_workers4837.png	185832	1789680709.0496059880
Voxel51__hard-hat-detection/data/hard_hat_workers4875.png	218927	1789680713.6376261330
Voxel51__hard-hat-detection/data/hard_hat_workers4839.png	326739	1789680709.2696069520
Voxel51__hard-hat-detection/data/hard_hat_workers4897.png	232173	1789680716.3776382030
Voxel51__hard-hat-detection/data/hard_hat_workers484.png	297699	1789680709.3416072680
Voxel51__hard-hat-detection/data/hard_hat_workers4882.png	281808	1789680714.9536319260
Voxel51__hard-hat-detection/data/hard_hat_workers4840.png	163441	1789680709.3936074950
Voxel51__hard-hat-detection/data/hard_hat_workers4871.png	262979	1789680713.6776263090
Voxel51__hard-hat-detection/data/hard_hat_workers4841.png	170022	1789680709.3936074950
Voxel51__hard-hat-detection/data/hard_hat_workers4887.png	275096	1789680715.1336327190
Voxel51__hard-hat-detection/data/hard_hat_workers4844.png	235963	1789680709.4616077940
Voxel51__hard-hat-detection/data/hard_hat_workers4874.png	251989	1789680713.7336265550
Voxel51__hard-hat-detection/data/hard_hat_workers4842.png	247347	1789680709.5856083380
Voxel51__hard-hat-detection/data/hard_hat_workers4888.png	292739	1789680715.3496336710
Voxel51__hard-hat-detection/data/hard_hat_workers4843.png	219959	1789680709.6736087230
Voxel51__hard-hat-detection/data/hard_hat_workers4876.png	279520	1789680713.7816267670
Voxel51__hard-hat-detection/data/hard_hat_workers4845.png	264045	1789680709.9096097580
Voxel51__hard-hat-detection/data/hard_hat_workers4886.png	226662	1789680715.2576332660
Voxel51__hard-hat-detection/data/hard_hat_workers4846.png	289684	1789680709.9856100910
Voxel51__hard-hat-detection/data/hard_hat_workers4879.png	311277	1789680713.9376274530
Voxel51__hard-hat-detection/data/hard_hat_workers4847.png	232822	1789680710.0856105300
Voxel51__hard-hat-detection/data/hard_hat_workers489.png	264357	1789680715.4296340240
Voxel51__hard-hat-detection/data/hard_hat_workers4848.png	234731	1789680710.3136115300
Voxel51__hard-hat-detection/data/hard_hat_workers4877.png	308312	1789680713.9816276470
Voxel51__hard-hat-detection/data/hard_hat_workers4849.png	231901	1789680710.3856118460
Voxel51__hard-hat-detection/data/hard_hat_workers4896.png	264112	1789680716.3856382380
Voxel51__hard-hat-detection/data/hard_hat_workers4852.png	242986	1789680710.5816127060
Voxel51__hard-hat-detection/data/hard_hat_workers4889.png	268913	1789680715.4296340240
Voxel51__hard-hat-detection/data/hard_hat_workers4853.png	269604	1789680710.7376133900
Voxel51__hard-hat-detection/data/hard_hat_workers4880.png	216869	1789680714.5976303590
Voxel51__hard-hat-detection/data/hard_hat_workers4850.png	283444	1789680710.7616134950
Voxel51__hard-hat-detection/data/hard_hat_workers4894.png	234124	1789680716.2336375680
Voxel51__hard-hat-detection/data/hard_hat_workers485.png	217850	1789680710.7896136180
Voxel51__hard-hat-detection/data/hard_hat_workers4892.png	333467	1789680716.1296371090
Voxel51__hard-hat-detection/data/hard_hat_workers4854.png	291674	1789680710.9576143560
Voxel51__hard-hat-detection/data/hard_hat_workers4890.png	279517	1789680716.1376371450
Voxel51__hard-hat-detection/data/hard_hat_workers4855.png	224809	1789680711.0496147590
Voxel51__hard-hat-detection/data/hard_hat_workers4982.png	209760	1789680727.5576877520
Voxel51__hard-hat-detection/data/hard_hat_workers4857.png	285683	1789680711.2656157080
Voxel51__hard-hat-detection/data/hard_hat_workers4893.png	294414	1789680716.2656377090
Voxel51__hard-hat-detection/data/hard_hat_workers4858.png	237676	1789680711.3216159540
Voxel51__hard-hat-detection/data/hard_hat_workers4981.png	275631	1789680727.6376881080
Voxel51__hard-hat-detection/data/hard_hat_workers4851.png	299652	1789680711.3256159710
Voxel51__hard-hat-detection/data/hard_hat_workers4985.png	208848	1789680727.7456885890
Voxel51__hard-hat-detection/data/hard_hat_workers4859.png	257600	1789680711.5896171300
Voxel51__hard-hat-detection/data/hard_hat_workers4984.png	317763	1789680727.8136888920
Voxel51__hard-hat-detection/data/hard_hat_workers486.png	286614	1789680711.6376173420
Voxel51__hard-hat-detection/data/hard_hat_workers4898.png	280439	1789680716.5296388740
Voxel51__hard-hat-detection/data/hard_hat_workers4856.png	234600	1789680711.6536174120
Voxel51__hard-hat-detection/data/hard_hat_workers4986.png	224067	1789680728.0056897470
Voxel51__hard-hat-detection/data/hard_hat_workers4860.png	196967	1789680712.0176190100
Voxel51__hard-hat-detection/data/hard_hat_workers4988.png	273944	1789680728.2016906200
Voxel51__hard-hat-detection/data/hard_hat_workers4862.png	249069	1789680712.1576196260
Voxel51__hard-hat-detection/data/hard_hat_workers4987.png	269882	1789680728.2136906740
Voxel51__hard-hat-detection/data/hard_hat_workers4863.png	223338	1789680712.2136198720
Voxel51__hard-hat-detection/data/hard_hat_workers4891.png	277031	1789680715.9056361210
Voxel51__hard-hat-detection/data/hard_hat_workers4861.png	225788	1789680712.2536200480
Voxel51__hard-hat-detection/data/hard_hat_workers4989.png	188998	1789680728.2776909590
Voxel51__hard-hat-detection/data/hard_hat_workers4865.png	279224	1789680712.2776201530
Voxel51__hard-hat-detection/data/hard_hat_workers499.png	175659	1789680728.4856918860
Voxel51__hard-hat-detection/data/hard_hat_workers4864.png	264433	1789680712.3496204700
Voxel51__hard-hat-detection/data/hard_hat_workers4990.png	194890	1789680728.7856932230
Voxel51__hard-hat-detection/data/hard_hat_workers4867.png	178897	1789680712.5336212780
Voxel51__hard-hat-detection/data/hard_hat_workers4991.png	307123	1789680728.9096937750
Voxel51__hard-hat-detection/data/hard_hat_workers4866.png	265736	1789680712.5736214540
Voxel51__hard-hat-detection/data/hard_hat_workers4983.png	208630	1789680727.5496877160
Voxel51__hard-hat-detection/data/hard_hat_workers491.png	213875	1789680717.9696452290
Voxel51__hard-hat-detection/data/hard_hat_workers4975.png	271398	1789680726.7736842620
Voxel51__hard-hat-detection/data/hard_hat_workers4910.png	264643	1789680718.2816466080
Voxel51__hard-hat-detection/data/hard_hat_workers4950.png	163038	1789680723.5736700400
Voxel51__hard-hat-detection/data/hard_hat_workers4909.png	335309	1789680718.2856466250
Voxel51__hard-hat-detection/data/hard_hat_workers4962.png	253320	1789680724.9096759730
Voxel51__hard-hat-detection/data/hard_hat_workers4912.png	295478	1789680718.7016484630
Voxel51__hard-hat-detection/data/hard_hat_workers4951.png	265828	1789680723.6176702350
Voxel51__hard-hat-detection/data/hard_hat_workers4911.png	217334	1789680718.7056484810
Voxel51__hard-hat-detection/data/hard_hat_workers496.png	223784	1789680724.9656762220
Voxel51__hard-hat-detection/data/hard_hat_workers4916.png	253191	1789680718.8856492760
Voxel51__hard-hat-detection/data/hard_hat_workers4953.png	316462	1789680723.8256711590
Voxel51__hard-hat-detection/data/hard_hat_workers4913.png	212294	1789680718.9096493820
Voxel51__hard-hat-detection/data/hard_hat_workers4960.png	304632	1789680725.0576766310
Voxel51__hard-hat-detection/data/hard_hat_workers4915.png	357631	1789680719.0736501070
Voxel51__hard-hat-detection/data/hard_hat_workers4952.png	222331	1789680723.9256716020
Voxel51__hard-hat-detection/data/hard_hat_workers4917.png	195992	1789680719.0976502130
Voxel51__hard-hat-detection/data/hard_hat_workers4966.png	247246	1789680725.1856771990
Voxel51__hard-hat-detection/data/hard_hat_workers4914.png	280222	1789680719.1336503730
Voxel51__hard-hat-detection/data/hard_hat_workers4954.png	264200	1789680723.9416716730
Voxel51__hard-hat-detection/data/hard_hat_workers4918.png	264184	1789680719.1936506380
Voxel51__hard-hat-detection/data/hard_hat_workers4967.png	170587	1789680725.6176791200
Voxel51__hard-hat-detection/data/hard_hat_workers4919.png	311281	1789680719.2576509210
Voxel51__hard-hat-detection/data/hard_hat_workers4978.png	251987	1789680727.0096853120
Voxel51__hard-hat-detection/data/hard_hat_workers492.png	263056	1789680719.5376521590
Voxel51__hard-hat-detection/data/hard_hat_workers4955.png	282725	1789680723.9456716910
Voxel51__hard-hat-detection/data/hard_hat_workers4920.png	234788	1789680719.6216525310
Voxel51__hard-hat-detection/data/hard_hat_workers4965.png	247531	1789680725.3216778040
Voxel51__hard-hat-detection/data/hard_hat_workers4921.png	227946	1789680719.6656527250
Voxel51__hard-hat-detection/data/hard_hat_workers4956.png	217078	1789680724.2856732010
Voxel51__hard-hat-detection/data/hard_hat_workers4923.png	259789	1789680720.0376543700
Voxel51__hard-hat-detection/data/hard_hat_workers4968.png	271036	1789680725.9016803820
Voxel51__hard-hat-detection/data/hard_hat_workers4922.png	226661	1789680720.2576553440
Voxel51__hard-hat-detection/data/hard_hat_workers4957.png	217362	1789680724.4456739120
Voxel51__hard-hat-detection/data/hard_hat_workers4924.png	283648	1789680720.3336556810
Voxel51__hard-hat-detection/data/hard_hat_workers4969.png	139367	1789680726.0856812000
Voxel51__hard-hat-detection/data/hard_hat_workers4925.png	223982	1789680720.4096560170
Voxel51__hard-hat-detection/data/hard_hat_workers4958.png	217584	1789680724.7856754220
Voxel51__hard-hat-detection/data/hard_hat_workers4926.png	248660	1789680720.5096564600
Voxel51__hard-hat-detection/data/hard_hat_workers4970.png	287461	1789680726.1176813430
Voxel51__hard-hat-detection/data/hard_hat_workers4927.png	217257	1789680720.5936568320
Voxel51__hard-hat-detection/data/hard_hat_workers4959.png	325236	1789680724.8176755640
Voxel51__hard-hat-detection/data/hard_hat_workers493.png	313922	1789680720.6296569910
Voxel51__hard-hat-detection/data/hard_hat_workers4971.png	227664	1789680726.2416818950
Voxel51__hard-hat-detection/data/hard_hat_workers4929.png	263957	1789680720.6576571150
Voxel51__hard-hat-detection/data/hard_hat_workers4979.png	310928	1789680727.2216862560
Voxel51__hard-hat-detection/data/hard_hat_workers4928.png	292468	1789680720.7096573450
Voxel51__hard-hat-detection/data/hard_hat_workers4961.png	325302	1789680724.8336756350
Voxel51__hard-hat-detection/data/hard_hat_workers4930.png	236497	1789680720.9536584250
Voxel51__hard-hat-detection/data/hard_hat_workers497.png	256122	1789680726.1616815390
Voxel51__hard-hat-detection/data/hard_hat_workers4931.png	253115	1789680721.0256587440
Voxel51__hard-hat-detection/data/hard_hat_workers4972.png	189792	1789680726.2936821260
Voxel51__hard-hat-detection/data/hard_hat_workers4933.png	190059	1789680721.2936599310
Voxel51__hard-hat-detection/data/hard_hat_workers4974.png	219371	1789680726.4336827490
Voxel51__hard-hat-detection/data/hard_hat_workers4932.png	274068	1789680721.3216600550
Voxel51__hard-hat-detection/data/hard_hat_workers4963.png	211954	1789680725.0416765590
Voxel51__hard-hat-detection/data/hard_hat_workers4935.png	212570	1789680721.5496610650
Voxel51__hard-hat-detection/data/hard_hat_workers4976.png	274567	1789680726.6336836390
Voxel51__hard-hat-detection/data/hard_hat_workers4934.png	336445	1789680721.5736611720
Voxel51__hard-hat-detection/data/hard_hat_workers4964.png	263910	1789680725.1816771820
Voxel51__hard-hat-detection/data/hard_hat_workers494.png	234830	1789680721.9856629970
Voxel51__hard-hat-detection/data/hard_hat_workers572.png	228268	1789680739.0977393920
Voxel51__hard-hat-detection/data/hard_hat_workers4937.png	182907	1789680721.9896630150
Voxel51__hard-hat-detection/data/hard_hat_workers4977.png	252359	1789680726.6776838350
Voxel51__hard-hat-detection/data/hard_hat_workers4938.png	266787	1789680721.9976630500
Voxel51__hard-hat-detection/data/hard_hat_workers573.png	234266	1789680739.2137399130
Voxel51__hard-hat-detection/data/hard_hat_workers4936.png	238207	1789680722.0576633160
Voxel51__hard-hat-detection/data/hard_hat_workers498.png	168053	1789680727.3856869860
Voxel51__hard-hat-detection/data/hard_hat_workers4940.png	283728	1789680722.1096635460
Voxel51__hard-hat-detection/data/hard_hat_workers576.png	259930	1789680739.3417404890
Voxel51__hard-hat-detection/data/hard_hat_workers4939.png	291232	1789680722.1176635820
Voxel51__hard-hat-detection/data/hard_hat_workers574.png	225992	1789680739.4017407590
Voxel51__hard-hat-detection/data/hard_hat_workers4941.png	227966	1789680722.4096648760
Voxel51__hard-hat-detection/data/hard_hat_workers575.png	336993	1789680739.4817411190
Voxel51__hard-hat-detection/data/hard_hat_workers4942.png	204305	1789680722.4216649300
Voxel51__hard-hat-detection/data/hard_hat_workers577.png	188700	1789680739.6097416940
Voxel51__hard-hat-detection/data/hard_hat_workers4944.png	277491	1789680722.6256658350
Voxel51__hard-hat-detection/data/hard_hat_workers578.png	284067	1789680740.0777438000
Voxel51__hard-hat-detection/data/hard_hat_workers4943.png	292896	1789680722.6936661360
Voxel51__hard-hat-detection/data/hard_hat_workers579.png	233904	1789680740.1257440160
Voxel51__hard-hat-detection/data/hard_hat_workers4946.png	219087	1789680722.9576673060
Voxel51__hard-hat-detection/data/hard_hat_workers58.png	329021	1789680740.1297440340
Voxel51__hard-hat-detection/data/hard_hat_workers4945.png	281230	1789680723.0136675550
Voxel51__hard-hat-detection/data/hard_hat_workers4973.png	250726	1789680726.4816829620
Voxel51__hard-hat-detection/data/hard_hat_workers4948.png	206435	1789680723.3696691350
Voxel51__hard-hat-detection/data/hard_hat_workers581.png	321557	1789680740.2817447180
Voxel51__hard-hat-detection/data/hard_hat_workers4949.png	317356	1789680723.3816691880
Voxel51__hard-hat-detection/data/hard_hat_workers580.png	315846	1789680740.2897447540
Voxel51__hard-hat-detection/data/hard_hat_workers4947.png	289654	1789680723.4016692770
Voxel51__hard-hat-detection/data/hard_hat_workers4980.png	222755	1789680727.5496877160
Voxel51__hard-hat-detection/data/hard_hat_workers495.png	367414	1789680723.5256698270
Voxel51__hard-hat-detection/data/hard_hat_workers571.png	229260	1789680739.0337391030
Voxel51__hard-hat-detection/data/hard_hat_workers4992.png	257576	1789680728.9976941680
Voxel51__hard-hat-detection/data/hard_hat_workers537.png	238053	1789680734.7297197870
Voxel51__hard-hat-detection/data/hard_hat_workers4993.png	245512	1789680729.0216942750
Voxel51__hard-hat-detection/data/hard_hat_workers55.png	211748	1789680736.2817267440
Voxel51__hard-hat-detection/data/hard_hat_workers4994.png	275668	1789680729.0776945240
Voxel51__hard-hat-detection/data/hard_hat_workers539.png	287309	1789680734.7377198230
Voxel51__hard-hat-detection/data/hard_hat_workers4995.png	298492	1789680729.1336947750
Voxel51__hard-hat-detection/data/hard_hat_workers548.png	253789	1789680736.2097264220
Voxel51__hard-hat-detection/data/hard_hat_workers4996.png	235454	1789680729.2376952380
Voxel51__hard-hat-detection/data/hard_hat_workers538.png	226215	1789680734.8097201450
Voxel51__hard-hat-detection/data/hard_hat_workers4997.png	263251	1789680729.3496957380
Voxel51__hard-hat-detection/data/hard_hat_workers550.png	149073	1789680736.3777271750
Voxel51__hard-hat-detection/data/hard_hat_workers4999.png	225308	1789680729.4896963620
Voxel51__hard-hat-detection/data/hard_hat_workers54.png	266609	1789680735.1017214540
Voxel51__hard-hat-detection/data/hard_hat_workers4998.png	293920	1789680729.5656967010
Voxel51__hard-hat-detection/data/hard_hat_workers552.png	296610	1789680736.5297278570
Voxel51__hard-hat-detection/data/hard_hat_workers5.png	239738	1789680729.5656967010
Voxel51__hard-hat-detection/data/hard_hat_workers540.png	306670	1789680735.2537221350
Voxel51__hard-hat-detection/data/hard_hat_workers50.png	273425	1789680729.7256974150
Voxel51__hard-hat-detection/data/hard_hat_workers553.png	247507	1789680736.7617288980
Voxel51__hard-hat-detection/data/hard_hat_workers500.png	138608	1789680730.0856990210
Voxel51__hard-hat-detection/data/hard_hat_workers541.png	321911	1789680735.2737222250
Voxel51__hard-hat-detection/data/hard_hat_workers502.png	237223	1789680730.2536997710
Voxel51__hard-hat-detection/data/hard_hat_workers551.png	177050	1789680736.5977281630
Voxel51__hard-hat-detection/data/hard_hat_workers501.png	179257	1789680730.3417001640
Voxel51__hard-hat-detection/data/hard_hat_workers542.png	193140	1789680735.3697226550
Voxel51__hard-hat-detection/data/hard_hat_workers504.png	233480	1789680730.4617007000
Voxel51__hard-hat-detection/data/hard_hat_workers555.png	286394	1789680736.9217296160
Voxel51__hard-hat-detection/data/hard_hat_workers503.png	425301	1789680730.5177009500
Voxel51__hard-hat-detection/data/hard_hat_workers544.png	198852	1789680735.6017236950
Voxel51__hard-hat-detection/data/hard_hat_workers505.png	281304	1789680730.6177013960
Voxel51__hard-hat-detection/data/hard_hat_workers556.png	292061	1789680736.9377296880
Voxel51__hard-hat-detection/data/hard_hat_workers506.png	360127	1789680730.6537015570
Voxel51__hard-hat-detection/data/hard_hat_workers545.png	271225	1789680735.6177237670
Voxel51__hard-hat-detection/data/hard_hat_workers507.png	133188	1789680730.6577015750
Voxel51__hard-hat-detection/data/hard_hat_workers554.png	179093	1789680736.9257296340
Voxel51__hard-hat-detection/data/hard_hat_workers508.png	209826	1789680730.8937026280
Voxel51__hard-hat-detection/data/hard_hat_workers543.png	264589	1789680735.6497239110
Voxel51__hard-hat-detection/data/hard_hat_workers510.png	210620	1789680730.9497028780
Voxel51__hard-hat-detection/data/hard_hat_workers558.png	247020	1789680737.2977313040
Voxel51__hard-hat-detection/data/hard_hat_workers51.png	205407	1789680730.9937030750
Voxel51__hard-hat-detection/data/hard_hat_workers546.png	254691	1789680735.9577252910
Voxel51__hard-hat-detection/data/hard_hat_workers509.png	288424	1789680731.0617033790
Voxel51__hard-hat-detection/data/hard_hat_workers56.png	293464	1789680737.5177322920
Voxel51__hard-hat-detection/data/hard_hat_workers513.png	179453	1789680731.5577055950
Voxel51__hard-hat-detection/data/hard_hat_workers547.png	273250	1789680735.9617253090
Voxel51__hard-hat-detection/data/hard_hat_workers512.png	332655	1789680731.5617056120
Voxel51__hard-hat-detection/data/hard_hat_workers549.png	280464	1789680736.1897263320
Voxel51__hard-hat-detection/data/hard_hat_workers511.png	319953	1789680731.5737056660
Voxel51__hard-hat-detection/data/hard_hat_workers560.png	189621	1789680737.7857334960
Voxel51__hard-hat-detection/data/hard_hat_workers515.png	242669	1789680731.9017071320
Voxel51__hard-hat-detection/data/hard_hat_workers561.png	222143	1789680737.6097327050
Voxel51__hard-hat-detection/data/hard_hat_workers514.png	346296	1789680731.9857075070
Voxel51__hard-hat-detection/data/hard_hat_workers562.png	243651	1789680737.8617338370
Voxel51__hard-hat-detection/data/hard_hat_workers517.png	221506	1789680732.0657078650
Voxel51__hard-hat-detection/data/hard_hat_workers559.png	318599	1789680737.7097331540
Voxel51__hard-hat-detection/data/hard_hat_workers516.png	338830	1789680732.1697083300
Voxel51__hard-hat-detection/data/hard_hat_workers563.png	228887	1789680737.9697343220
Voxel51__hard-hat-detection/data/hard_hat_workers518.png	276608	1789680732.1857084010
Voxel51__hard-hat-detection/data/hard_hat_workers564.png	245062	1789680738.0097345010
Voxel51__hard-hat-detection/data/hard_hat_workers52.png	307444	1789680732.3457091170
Voxel51__hard-hat-detection/data/hard_hat_workers566.png	156061	1789680738.0537346990
Voxel51__hard-hat-detection/data/hard_hat_workers519.png	188332	1789680732.4297094930
Voxel51__hard-hat-detection/data/hard_hat_workers567.png	256955	1789680738.3137358680
Voxel51__hard-hat-detection/data/hard_hat_workers521.png	209246	1789680732.4777097070
Voxel51__hard-hat-detection/data/hard_hat_workers565.png	334085	1789680738.2297354900
Voxel51__hard-hat-detection/data/hard_hat_workers520.png	298072	1789680732.5977102440
Voxel51__hard-hat-detection/data/hard_hat_workers569.png	283146	1789680738.7217377020
Voxel51__hard-hat-detection/data/hard_hat_workers524.png	285396	1789680732.8017111560
Voxel51__hard-hat-detection/data/hard_hat_workers557.png	245187	1789680737.3617315910
Voxel51__hard-hat-detection/data/hard_hat_workers522.png	262621	1789680732.9577118540
Voxel51__hard-hat-detection/data/hard_hat_workers57.png	283809	1789680738.8457382590
Voxel51__hard-hat-detection/data/hard_hat_workers523.png	349889	1789680733.0777123910
Voxel51__hard-hat-detection/data/hard_hat_workers663.png	300949	1789680750.9577929770
Voxel51__hard-hat-detection/data/hard_hat_workers525.png	308261	1789680733.2537131780
Voxel51__hard-hat-detection/data/hard_hat_workers662.png	304043	1789680750.9977931590
Voxel51__hard-hat-detection/data/hard_hat_workers526.png	230217	1789680733.3897137870
Voxel51__hard-hat-detection/data/hard_hat_workers664.png	173897	1789680751.0017931760
Voxel51__hard-hat-detection/data/hard_hat_workers527.png	382755	1789680733.4617141090
Voxel51__hard-hat-detection/data/hard_hat_workers666.png	201995	1789680751.2137941390
Voxel51__hard-hat-detection/data/hard_hat_workers529.png	237767	1789680733.5097143240
Voxel51__hard-hat-detection/data/hard_hat_workers665.png	224910	1789680751.3457947390
Voxel51__hard-hat-detection/data/hard_hat_workers528.png	275497	1789680733.5937147000
Voxel51__hard-hat-detection/data/hard_hat_workers667.png	271036	1789680751.3697948480
Voxel51__hard-hat-detection/data/hard_hat_workers530.png	235241	1789680733.6657150220
Voxel51__hard-hat-detection/data/hard_hat_workers669.png	203326	1789680751.3977949750
Voxel51__hard-hat-detection/data/hard_hat_workers53.png	249965	1789680733.6857151110
Voxel51__hard-hat-detection/data/hard_hat_workers668.png	234981	1789680751.4137950480
Voxel51__hard-hat-detection/data/hard_hat_workers531.png	255168	1789680733.9017160790
Voxel51__hard-hat-detection/data/hard_hat_workers67.png	290589	1789680751.7697966650
Voxel51__hard-hat-detection/data/hard_hat_workers532.png	339230	1789680734.0817168840
Voxel51__hard-hat-detection/data/hard_hat_workers670.png	311153	1789680751.8897972090
Voxel51__hard-hat-detection/data/hard_hat_workers534.png	253505	1789680734.1737172960
Voxel51__hard-hat-detection/data/hard_hat_workers672.png	278422	1789680751.9937976820
Voxel51__hard-hat-detection/data/hard_hat_workers535.png	298148	1789680734.3737181920
Voxel51__hard-hat-detection/data/hard_hat_workers568.png	342362	1789680738.8457382590
Voxel51__hard-hat-detection/data/hard_hat_workers533.png	270597	1789680734.5417189450
Voxel51__hard-hat-detection/data/hard_hat_workers570.png	348039	1789680738.8737383850
Voxel51__hard-hat-detection/data/hard_hat_workers536.png	211472	1789680734.6577194650
Voxel51__hard-hat-detection/data/hard_hat_workers661.png	236427	1789680750.7617920870
Voxel51__hard-hat-detection/data/hard_hat_workers582.png	197539	1789680740.3737451320
Voxel51__hard-hat-detection/data/hard_hat_workers626.png	339774	1789680746.1097710110
Voxel51__hard-hat-detection/data/hard_hat_workers583.png	287480	1789680740.6017461590
Voxel51__hard-hat-detection/data/hard_hat_workers639.png	193944	1789680747.8257787760
Voxel51__hard-hat-detection/data/hard_hat_workers585.png	281480	1789680740.6337463030
Voxel51__hard-hat-detection/data/hard_hat_workers628.png	322106	1789680746.4297724580
Voxel51__hard-hat-detection/data/hard_hat_workers584.png	264422	1789680740.7817469690
Voxel51__hard-hat-detection/data/hard_hat_workers640.png	271738	1789680748.0217796630
Voxel51__hard-hat-detection/data/hard_hat_workers586.png	182733	1789680740.8217471490
Voxel51__hard-hat-detection/data/hard_hat_workers629.png	340883	1789680746.6937736530
Voxel51__hard-hat-detection/data/hard_hat_workers588.png	172169	1789680740.8257471670
Voxel51__hard-hat-detection/data/hard_hat_workers641.png	233438	1789680748.1737803520
Voxel51__hard-hat-detection/data/hard_hat_workers587.png	368073	1789680741.0417481390
Voxel51__hard-hat-detection/data/hard_hat_workers63.png	318921	1789680746.7857740690
Voxel51__hard-hat-detection/data/hard_hat_workers59.png	274860	1789680741.4977501940
Voxel51__hard-hat-detection/data/hard_hat_workers64.png	214806	1789680748.0937799900
Voxel51__hard-hat-detection/data/hard_hat_workers589.png	231956	1789680741.6057506800
Voxel51__hard-hat-detection/data/hard_hat_workers630.png	301118	1789680746.7857740690
Voxel51__hard-hat-detection/data/hard_hat_workers591.png	223714	1789680741.6457508600
Voxel51__hard-hat-detection/data/hard_hat_workers642.png	251296	1789680748.1897804240
Voxel51__hard-hat-detection/data/hard_hat_workers592.png	245498	1789680741.6857510410
Voxel51__hard-hat-detection/data/hard_hat_workers632.png	310768	1789680746.9617748650
Voxel51__hard-hat-detection/data/hard_hat_workers590.png	246034	1789680741.6977510950
Voxel51__hard-hat-detection/data/hard_hat_workers643.png	286906	1789680748.4177814580
Voxel51__hard-hat-detection/data/hard_hat_workers593.png	229088	1789680741.7297512390
Voxel51__hard-hat-detection/data/hard_hat_workers631.png	318176	1789680747.0297751730
Voxel51__hard-hat-detection/data/hard_hat_workers594.png	318355	1789680742.0497526810
Voxel51__hard-hat-detection/data/hard_hat_workers644.png	284390	1789680748.4777817290
Voxel51__hard-hat-detection/data/hard_hat_workers596.png	249961	1789680742.1377530780
Voxel51__hard-hat-detection/data/hard_hat_workers634.png	151993	1789680747.0897754440
Voxel51__hard-hat-detection/data/hard_hat_workers597.png	261051	1789680742.2257534740
Voxel51__hard-hat-detection/data/hard_hat_workers646.png	210451	1789680748.5457820380
Voxel51__hard-hat-detection/data/hard_hat_workers598.png	298696	1789680742.4537545020
Voxel51__hard-hat-detection/data/hard_hat_workers633.png	264340	1789680747.1577757520
Voxel51__hard-hat-detection/data/hard_hat_workers599.png	203175	1789680742.5457549170
Voxel51__hard-hat-detection/data/hard_hat_workers648.png	247932	1789680748.7977831790
Voxel51__hard-hat-detection/data/hard_hat_workers595.png	307302	1789680742.6457553680
Voxel51__hard-hat-detection/data/hard_hat_workers637.png	336843	1789680747.2817763140
Voxel51__hard-hat-detection/data/hard_hat_workers6.png	156588	1789680742.8297561980
Voxel51__hard-hat-detection/data/hard_hat_workers635.png	265806	1789680747.3297765310
Voxel51__hard-hat-detection/data/hard_hat_workers60.png	244707	1789680742.9617567930
Voxel51__hard-hat-detection/data/hard_hat_workers645.png	263833	1789680748.6257824000
Voxel51__hard-hat-detection/data/hard_hat_workers603.png	277174	1789680743.0377571360
Voxel51__hard-hat-detection/data/hard_hat_workers636.png	313478	1789680747.3737767300
Voxel51__hard-hat-detection/data/hard_hat_workers600.png	278513	1789680743.0817573350
Voxel51__hard-hat-detection/data/hard_hat_workers65.png	176376	1789680749.1657848470
Voxel51__hard-hat-detection/data/hard_hat_workers602.png	384199	1789680743.1257575330
Voxel51__hard-hat-detection/data/hard_hat_workers638.png	169324	1789680747.8057786850
Voxel51__hard-hat-detection/data/hard_hat_workers601.png	273170	1789680743.1777577670
Voxel51__hard-hat-detection/data/hard_hat_workers650.png	266108	1789680749.4017859170
Voxel51__hard-hat-detection/data/hard_hat_workers605.png	175873	1789680743.3737586520
Voxel51__hard-hat-detection/data/hard_hat_workers649.png	233703	1789680749.2137850650
Voxel51__hard-hat-detection/data/hard_hat_workers604.png	359429	1789680743.4097588140
Voxel51__hard-hat-detection/data/hard_hat_workers652.png	263777	1789680749.5577866250
Voxel51__hard-hat-detection/data/hard_hat_workers606.png	251545	1789680743.5297593560
Voxel51__hard-hat-detection/data/hard_hat_workers653.png	267606	1789680749.7057872960
Voxel51__hard-hat-detection/data/hard_hat_workers607.png	229015	1789680743.8737609080
Voxel51__hard-hat-detection/data/hard_hat_workers651.png	342768	1789680749.6577870780
Voxel51__hard-hat-detection/data/hard_hat_workers608.png	179600	1789680743.8977610160
Voxel51__hard-hat-detection/data/hard_hat_workers654.png	272539	1789680749.9497884020
Voxel51__hard-hat-detection/data/hard_hat_workers609.png	283423	1789680744.0577617390
Voxel51__hard-hat-detection/data/hard_hat_workers655.png	280335	1789680749.9657884750
Voxel51__hard-hat-detection/data/hard_hat_workers61.png	283643	1789680744.2217624800
Voxel51__hard-hat-detection/data/hard_hat_workers657.png	272143	1789680749.9817885470
Voxel51__hard-hat-detection/data/hard_hat_workers610.png	231553	1789680744.2777627320
Voxel51__hard-hat-detection/data/hard_hat_workers647.png	147740	1789680748.5537820740
Voxel51__hard-hat-detection/data/hard_hat_workers611.png	289107	1789680744.4177633640
Voxel51__hard-hat-detection/data/hard_hat_workers656.png	268782	1789680750.0017886380
Voxel51__hard-hat-detection/data/hard_hat_workers612.png	246994	1789680744.4737636180
Voxel51__hard-hat-detection/data/hard_hat_workers66.png	355796	1789680750.5137909620
Voxel51__hard-hat-detection/data/hard_hat_workers614.png	253420	1789680744.5337638890
Voxel51__hard-hat-detection/data/hard_hat_workers658.png	259699	1789680750.3017900000
Voxel51__hard-hat-detection/data/hard_hat_workers613.png	219155	1789680744.5737640690
Voxel51__hard-hat-detection/data/hard_hat_workers660.png	311885	1789680750.6537915970
Voxel51__hard-hat-detection/data/hard_hat_workers615.png	128481	1789680744.6457643940
Voxel51__hard-hat-detection/data/hard_hat_workers752.png	382971	1789680762.5098456610
Voxel51__hard-hat-detection/data/hard_hat_workers616.png	233034	1789680744.6737645210
Voxel51__hard-hat-detection/data/hard_hat_workers754.png	279907	1789680762.6258461920
Voxel51__hard-hat-detection/data/hard_hat_workers617.png	254936	1789680744.8937655150
Voxel51__hard-hat-detection/data/hard_hat_workers755.png	221731	1789680762.6298462100
Voxel51__hard-hat-detection/data/hard_hat_workers618.png	218508	1789680745.2257670140
Voxel51__hard-hat-detection/data/hard_hat_workers751.png	332248	1789680762.7418467230
Voxel51__hard-hat-detection/data/hard_hat_workers619.png	230215	1789680745.3537675930
Voxel51__hard-hat-detection/data/hard_hat_workers756.png	190196	1789680763.0658482080
Voxel51__hard-hat-detection/data/hard_hat_workers62.png	286533	1789680745.3937677740
Voxel51__hard-hat-detection/data/hard_hat_workers758.png	223580	1789680763.2898492350
Voxel51__hard-hat-detection/data/hard_hat_workers620.png	229892	1789680745.5777686050
Voxel51__hard-hat-detection/data/hard_hat_workers757.png	251801	1789680763.3698496010
Voxel51__hard-hat-detection/data/hard_hat_workers621.png	272105	1789680745.6897691120
Voxel51__hard-hat-detection/data/hard_hat_workers76.png	303401	1789680763.4258498580
Voxel51__hard-hat-detection/data/hard_hat_workers623.png	266103	1789680745.7897695640
Voxel51__hard-hat-detection/data/hard_hat_workers659.png	260366	1789680750.1817894550
Voxel51__hard-hat-detection/data/hard_hat_workers625.png	214083	1789680745.8217697080
Voxel51__hard-hat-detection/data/hard_hat_workers759.png	332848	1789680763.5258503170
Voxel51__hard-hat-detection/data/hard_hat_workers622.png	247330	1789680745.8897700160
Voxel51__hard-hat-detection/data/hard_hat_workers761.png	246381	1789680763.6378508300
Voxel51__hard-hat-detection/data/hard_hat_workers624.png	232796	1789680745.9537703050
Voxel51__hard-hat-detection/data/hard_hat_workers760.png	248242	1789680763.6418508480
Voxel51__hard-hat-detection/data/hard_hat_workers627.png	229629	1789680745.9977705040
Voxel51__hard-hat-detection/data/hard_hat_workers753.png	290933	1789680762.4898455690
Voxel51__hard-hat-detection/data/hard_hat_workers671.png	230650	1789680752.2097986630
Voxel51__hard-hat-detection/data/hard_hat_workers717.png	349038	1789680758.1898259030
Voxel51__hard-hat-detection/data/hard_hat_workers673.png	346992	1789680752.4657998270
Voxel51__hard-hat-detection/data/hard_hat_workers729.png	270200	1789680759.6338325000
Voxel51__hard-hat-detection/data/hard_hat_workers674.png	310236	1789680752.5658002820
Voxel51__hard-hat-detection/data/hard_hat_workers720.png	295909	1789680758.2138260130
Voxel51__hard-hat-detection/data/hard_hat_workers675.png	306962	1789680752.5818003540
Voxel51__hard-hat-detection/data/hard_hat_workers73.png	284015	1789680759.6578326100
Voxel51__hard-hat-detection/data/hard_hat_workers679.png	137466	1789680752.6698007550
Voxel51__hard-hat-detection/data/hard_hat_workers72.png	210794	1789680758.2458261590
Voxel51__hard-hat-detection/data/hard_hat_workers678.png	256312	1789680752.6978008820
Voxel51__hard-hat-detection/data/hard_hat_workers732.png	269321	1789680759.6938327740
Voxel51__hard-hat-detection/data/hard_hat_workers677.png	298158	1789680752.8018013540
Voxel51__hard-hat-detection/data/hard_hat_workers719.png	316579	1789680758.2698262690
Voxel51__hard-hat-detection/data/hard_hat_workers676.png	267476	1789680752.8018013540
Voxel51__hard-hat-detection/data/hard_hat_workers731.png	256185	1789680759.7618330850
Voxel51__hard-hat-detection/data/hard_hat_workers68.png	189961	1789680752.8578016090
Voxel51__hard-hat-detection/data/hard_hat_workers721.png	332951	1789680758.2738262870
Voxel51__hard-hat-detection/data/hard_hat_workers681.png	224034	1789680753.2698034820
Voxel51__hard-hat-detection/data/hard_hat_workers733.png	310128	1789680759.7938332310
Voxel51__hard-hat-detection/data/hard_hat_workers682.png	245873	1789680753.3498038470
Voxel51__hard-hat-detection/data/hard_hat_workers718.png	311039	1789680758.4218269630
Voxel51__hard-hat-detection/data/hard_hat_workers683.png	191800	1789680753.4538043190
Voxel51__hard-hat-detection/data/hard_hat_workers730.png	314518	1789680759.7138328660
Voxel51__hard-hat-detection/data/hard_hat_workers680.png	275276	1789680753.5178046110
Voxel51__hard-hat-detection/data/hard_hat_workers722.png	209506	1789680758.4938272910
Voxel51__hard-hat-detection/data/hard_hat_workers685.png	232248	1789680753.8538061390
Voxel51__hard-hat-detection/data/hard_hat_workers736.png	132062	1789680760.3218356460
Voxel51__hard-hat-detection/data/hard_hat_workers684.png	355695	1789680753.8618061760
Voxel51__hard-hat-detection/data/hard_hat_workers724.png	240907	1789680758.9058291730
Voxel51__hard-hat-detection/data/hard_hat_workers688.png	252738	1789680753.9698066670
Voxel51__hard-hat-detection/data/hard_hat_workers735.png	269082	1789680760.5298365970
Voxel51__hard-hat-detection/data/hard_hat_workers690.png	298830	1789680754.1258073770
Voxel51__hard-hat-detection/data/hard_hat_workers723.png	241648	1789680758.9498293740
Voxel51__hard-hat-detection/data/hard_hat_workers686.png	272705	1789680754.1298073950
Voxel51__hard-hat-detection/data/hard_hat_workers737.png	265461	1789680760.6578371820
Voxel51__hard-hat-detection/data/hard_hat_workers687.png	276164	1789680754.1298073950
Voxel51__hard-hat-detection/data/hard_hat_workers725.png	231009	1789680759.0058296300
Voxel51__hard-hat-detection/data/hard_hat_workers69.png	313551	1789680754.2338078690
Voxel51__hard-hat-detection/data/hard_hat_workers734.png	316478	1789680760.3538357920
Voxel51__hard-hat-detection/data/hard_hat_workers689.png	233965	1789680754.2618079960
Voxel51__hard-hat-detection/data/hard_hat_workers726.png	240788	1789680759.1538303060
Voxel51__hard-hat-detection/data/hard_hat_workers691.png	246873	1789680754.5978095260
Voxel51__hard-hat-detection/data/hard_hat_workers738.png	235193	1789680760.7698376940
Voxel51__hard-hat-detection/data/hard_hat_workers692.png	169995	1789680754.6058095620
Voxel51__hard-hat-detection/data/hard_hat_workers727.png	264295	1789680759.4098314760
Voxel51__hard-hat-detection/data/hard_hat_workers694.png	292992	1789680754.7618102720
Voxel51__hard-hat-detection/data/hard_hat_workers728.png	201182	1789680759.5858322800
Voxel51__hard-hat-detection/data/hard_hat_workers693.png	261407	1789680754.8178105270
Voxel51__hard-hat-detection/data/hard_hat_workers742.png	232847	1789680761.0578390120
Voxel51__hard-hat-detection/data/hard_hat_workers696.png	315481	1789680755.2538125130
Voxel51__hard-hat-detection/data/hard_hat_workers741.png	318287	1789680760.9698386100
Voxel51__hard-hat-detection/data/hard_hat_workers697.png	184758	1789680755.2698125860
Voxel51__hard-hat-detection/data/hard_hat_workers74.png	218031	1789680760.9138383530
Voxel51__hard-hat-detection/data/hard_hat_workers698.png	128926	1789680755.4378133510
Voxel51__hard-hat-detection/data/hard_hat_workers739.png	293739	1789680761.0458389570
Voxel51__hard-hat-detection/data/hard_hat_workers7.png	238849	1789680755.4418133700
Voxel51__hard-hat-detection/data/hard_hat_workers743.png	282173	1789680761.1818395800
Voxel51__hard-hat-detection/data/hard_hat_workers699.png	281753	1789680755.4578134430
Voxel51__hard-hat-detection/data/hard_hat_workers744.png	292279	1789680761.1938396350
Voxel51__hard-hat-detection/data/hard_hat_workers700.png	228955	1789680755.5778139890
Voxel51__hard-hat-detection/data/hard_hat_workers745.png	275171	1789680761.5858414290
Voxel51__hard-hat-detection/data/hard_hat_workers695.png	199398	1789680755.5978140800
Voxel51__hard-hat-detection/data/hard_hat_workers746.png	226704	1789680761.7898423630
Voxel51__hard-hat-detection/data/hard_hat_workers70.png	207880	1789680755.7098145910
Voxel51__hard-hat-detection/data/hard_hat_workers747.png	323559	1789680761.8938428390
Voxel51__hard-hat-detection/data/hard_hat_workers702.png	251566	1789680756.0058159390
Voxel51__hard-hat-detection/data/hard_hat_workers749.png	256097	1789680762.0538435720
Voxel51__hard-hat-detection/data/hard_hat_workers701.png	305824	1789680756.0098159570
Voxel51__hard-hat-detection/data/hard_hat_workers75.png	243872	1789680762.2098442860
Voxel51__hard-hat-detection/data/hard_hat_workers703.png	222372	1789680756.1898167780
Voxel51__hard-hat-detection/data/hard_hat_workers740.png	230119	1789680760.8898382430
Voxel51__hard-hat-detection/data/hard_hat_workers704.png	287047	1789680756.2138168880
Voxel51__hard-hat-detection/data/hard_hat_workers750.png	277345	1789680762.3458449090
Voxel51__hard-hat-detection/data/hard_hat_workers706.png	292626	1789680756.5818185660
Voxel51__hard-hat-detection/data/hard_hat_workers841.png	206230	1789680774.4099004240
Voxel51__hard-hat-detection/data/hard_hat_workers705.png	251567	1789680756.6378188210
Voxel51__hard-hat-detection/data/hard_hat_workers843.png	257783	1789680774.5619011260
Voxel51__hard-hat-detection/data/hard_hat_workers709.png	246550	1789680756.7578193680
Voxel51__hard-hat-detection/data/hard_hat_workers844.png	252512	1789680774.6419014960
Voxel51__hard-hat-detection/data/hard_hat_workers71.png	212329	1789680756.7818194780
Voxel51__hard-hat-detection/data/hard_hat_workers848.png	313392	1789680774.8579024950
Voxel51__hard-hat-detection/data/hard_hat_workers707.png	251439	1789680756.8098196050
Voxel51__hard-hat-detection/data/hard_hat_workers847.png	247623	1789680774.8979026800
Voxel51__hard-hat-detection/data/hard_hat_workers708.png	303616	1789680756.8818199340
Voxel51__hard-hat-detection/data/hard_hat_workers846.png	262905	1789680774.9139027540
Voxel51__hard-hat-detection/data/hard_hat_workers710.png	343218	1789680756.9098200610
Voxel51__hard-hat-detection/data/hard_hat_workers845.png	279034	1789680774.9699030120
Voxel51__hard-hat-detection/data/hard_hat_workers711.png	216926	1789680756.9458202250
Voxel51__hard-hat-detection/data/hard_hat_workers849.png	212021	1789680775.0619034380
Voxel51__hard-hat-detection/data/hard_hat_workers713.png	225292	1789680757.4258224160
Voxel51__hard-hat-detection/data/hard_hat_workers851.png	320758	1789680775.1819039930
Voxel51__hard-hat-detection/data/hard_hat_workers712.png	265176	1789680757.5418229450
Voxel51__hard-hat-detection/data/hard_hat_workers748.png	278674	1789680762.1698441030
Voxel51__hard-hat-detection/data/hard_hat_workers715.png	226363	1789680757.5578230180
Voxel51__hard-hat-detection/data/hard_hat_workers850.png	261021	1789680775.2299042160
Voxel51__hard-hat-detection/data/hard_hat_workers714.png	280107	1789680757.6418234010
Voxel51__hard-hat-detection/data/hard_hat_workers85.png	259956	1789680775.2659043820
Voxel51__hard-hat-detection/data/hard_hat_workers716.png	284176	1789680757.9618248610
Voxel51__hard-hat-detection/data/hard_hat_workers842.png	320247	1789680774.0978989810
Voxel51__hard-hat-detection/data/hard_hat_workers763.png	250815	1789680763.7378512890
Voxel51__hard-hat-detection/data/hard_hat_workers806.png	301238	1789680769.5258778880
Voxel51__hard-hat-detection/data/hard_hat_workers762.png	210525	1789680763.9578522970
Voxel51__hard-hat-detection/data/hard_hat_workers82.png	228551	1789680771.0378848550
Voxel51__hard-hat-detection/data/hard_hat_workers764.png	268833	1789680764.0938529210
Voxel51__hard-hat-detection/data/hard_hat_workers808.png	282936	1789680769.5418779620
Voxel51__hard-hat-detection/data/hard_hat_workers766.png	396881	1789680764.1258530680
Voxel51__hard-hat-detection/data/hard_hat_workers812.png	273116	1789680770.8138838230
Voxel51__hard-hat-detection/data/hard_hat_workers765.png	275497	1789680764.1858533430
Voxel51__hard-hat-detection/data/hard_hat_workers809.png	289270	1789680769.7338788460
Voxel51__hard-hat-detection/data/hard_hat_workers767.png	302530	1789680764.5178548660
Voxel51__hard-hat-detection/data/hard_hat_workers817.png	346645	1789680771.0538849290
Voxel51__hard-hat-detection/data/hard_hat_workers768.png	216583	1789680764.6538554900
Voxel51__hard-hat-detection/data/hard_hat_workers81.png	291886	1789680770.0938805040
Voxel51__hard-hat-detection/data/hard_hat_workers77.png	247185	1789680764.6898556560
Voxel51__hard-hat-detection/data/hard_hat_workers822.png	269118	1789680771.8298885080
Voxel51__hard-hat-detection/data/hard_hat_workers769.png	311234	1789680764.8418563530
Voxel51__hard-hat-detection/data/hard_hat_workers810.png	192822	1789680770.5618826610
Voxel51__hard-hat-detection/data/hard_hat_workers770.png	215928	1789680764.9778569770
Voxel51__hard-hat-detection/data/hard_hat_workers825.png	273641	1789680772.0778896530
Voxel51__hard-hat-detection/data/hard_hat_workers772.png	299985	1789680765.0378572520
Voxel51__hard-hat-detection/data/hard_hat_workers811.png	246489	1789680770.5738827160
Voxel51__hard-hat-detection/data/hard_hat_workers771.png	274196	1789680765.0858574730
Voxel51__hard-hat-detection/data/hard_hat_workers821.png	296430	1789680771.8698886930
Voxel51__hard-hat-detection/data/hard_hat_workers773.png	290250	1789680765.1058575650
Voxel51__hard-hat-detection/data/hard_hat_workers814.png	296855	1789680770.6418830300
Voxel51__hard-hat-detection/data/hard_hat_workers776.png	267814	1789680765.3898588680
Voxel51__hard-hat-detection/data/hard_hat_workers829.png	291981	1789680772.2858906130
Voxel51__hard-hat-detection/data/hard_hat_workers774.png	206869	1789680765.4618591990
Voxel51__hard-hat-detection/data/hard_hat_workers813.png	243273	1789680770.7778836570
Voxel51__hard-hat-detection/data/hard_hat_workers775.png	240303	1789680765.4818592910
Voxel51__hard-hat-detection/data/hard_hat_workers828.png	258984	1789680772.1778901140
Voxel51__hard-hat-detection/data/hard_hat_workers777.png	293243	1789680765.5378595480
Voxel51__hard-hat-detection/data/hard_hat_workers819.png	158198	1789680770.7978837490
Voxel51__hard-hat-detection/data/hard_hat_workers778.png	270502	1789680766.0218617700
Voxel51__hard-hat-detection/data/hard_hat_workers824.png	235754	1789680772.1138898190
Voxel51__hard-hat-detection/data/hard_hat_workers779.png	315125	1789680766.0858620650
Voxel51__hard-hat-detection/data/hard_hat_workers823.png	274275	1789680772.2698905390
Voxel51__hard-hat-detection/data/hard_hat_workers782.png	195903	1789680766.2258627080
Voxel51__hard-hat-detection/data/hard_hat_workers815.png	283082	1789680770.8298838970
Voxel51__hard-hat-detection/data/hard_hat_workers780.png	264027	1789680766.2658628920
Voxel51__hard-hat-detection/data/hard_hat_workers83.png	242272	1789680772.3818910560
Voxel51__hard-hat-detection/data/hard_hat_workers781.png	190571	1789680766.3338632040
Voxel51__hard-hat-detection/data/hard_hat_workers816.png	233902	1789680770.8618840440
Voxel51__hard-hat-detection/data/hard_hat_workers784.png	312132	1789680766.4138635720
Voxel51__hard-hat-detection/data/hard_hat_workers826.png	251271	1789680772.2058902440
Voxel51__hard-hat-detection/data/hard_hat_workers783.png	303911	1789680766.4938639390
Voxel51__hard-hat-detection/data/hard_hat_workers818.png	264001	1789680770.9818845970
Voxel51__hard-hat-detection/data/hard_hat_workers78.png	291418	1789680766.5978644170
Voxel51__hard-hat-detection/data/hard_hat_workers827.png	282589	1789680772.2898906310
Voxel51__hard-hat-detection/data/hard_hat_workers786.png	247361	1789680766.6818648030
Voxel51__hard-hat-detection/data/hard_hat_workers830.png	275854	1789680772.5538918500
Voxel51__hard-hat-detection/data/hard_hat_workers785.png	229823	1789680766.8098653920
Voxel51__hard-hat-detection/data/hard_hat_workers820.png	184321	1789680771.3858864610
Voxel51__hard-hat-detection/data/hard_hat_workers787.png	228063	1789680766.9098658510
Voxel51__hard-hat-detection/data/hard_hat_workers833.png	277761	1789680773.1658946760
Voxel51__hard-hat-detection/data/hard_hat_workers788.png	250192	1789680766.9458660160
Voxel51__hard-hat-detection/data/hard_hat_workers838.png	316837	1789680773.5178963020
Voxel51__hard-hat-detection/data/hard_hat_workers79.png	217454	1789680767.3858680400
Voxel51__hard-hat-detection/data/hard_hat_workers832.png	251005	1789680773.3058953220
Voxel51__hard-hat-detection/data/hard_hat_workers792.png	316893	1789680767.6938694560
Voxel51__hard-hat-detection/data/hard_hat_workers837.png	348877	1789680773.6458968930
Voxel51__hard-hat-detection/data/hard_hat_workers790.png	177818	1789680767.7458696950
Voxel51__hard-hat-detection/data/hard_hat_workers84.png	295448	1789680773.8138976690
Voxel51__hard-hat-detection/data/hard_hat_workers791.png	222692	1789680767.7538697320
Voxel51__hard-hat-detection/data/hard_hat_workers834.png	274967	1789680773.6098967270
Voxel51__hard-hat-detection/data/hard_hat_workers794.png	219237	1789680767.8738702840
Voxel51__hard-hat-detection/data/hard_hat_workers835.png	393073	1789680773.6858970780
Voxel51__hard-hat-detection/data/hard_hat_workers795.png	247482	1789680767.9258705230
Voxel51__hard-hat-detection/data/hard_hat_workers836.png	283869	1789680773.5938966530
Voxel51__hard-hat-detection/data/hard_hat_workers789.png	279748	1789680768.0378710380
Voxel51__hard-hat-detection/data/hard_hat_workers930.png	251533	1789680785.9699540900
Voxel51__hard-hat-detection/data/hard_hat_workers793.png	286519	1789680768.0458710750
Voxel51__hard-hat-detection/data/hard_hat_workers840.png	262096	1789680773.8178976870
Voxel51__hard-hat-detection/data/hard_hat_workers797.png	230501	1789680768.0578711300
Voxel51__hard-hat-detection/data/hard_hat_workers839.png	288775	1789680773.8658979090
Voxel51__hard-hat-detection/data/hard_hat_workers796.png	298258	1789680768.0778712220
Voxel51__hard-hat-detection/data/hard_hat_workers831.png	273630	1789680772.8098930320
Voxel51__hard-hat-detection/data/hard_hat_workers799.png	314143	1789680768.2418719770
Voxel51__hard-hat-detection/data/hard_hat_workers933.png	270880	1789680786.1259548180
Voxel51__hard-hat-detection/data/hard_hat_workers798.png	277903	1789680768.3018722530
Voxel51__hard-hat-detection/data/hard_hat_workers935.png	239240	1789680786.4539563480
Voxel51__hard-hat-detection/data/hard_hat_workers8.png	264213	1789680768.7418742780
Voxel51__hard-hat-detection/data/hard_hat_workers936.png	301892	1789680786.4699564220
Voxel51__hard-hat-detection/data/hard_hat_workers80.png	245825	1789680769.1218760270
Voxel51__hard-hat-detection/data/hard_hat_workers934.png	238957	1789680786.5179566460
Voxel51__hard-hat-detection/data/hard_hat_workers802.png	212817	1789680769.3098768930
Voxel51__hard-hat-detection/data/hard_hat_workers937.png	233599	1789680786.5219566650
Voxel51__hard-hat-detection/data/hard_hat_workers801.png	317549	1789680769.3898772620
Voxel51__hard-hat-detection/data/hard_hat_workers938.png	214385	1789680786.5859569630
Voxel51__hard-hat-detection/data/hard_hat_workers800.png	258198	1789680769.4218774090
Voxel51__hard-hat-detection/data/hard_hat_workers939.png	192734	1789680786.7979579520
Voxel51__hard-hat-detection/data/hard_hat_workers804.png	298664	1789680769.4298774460
Voxel51__hard-hat-detection/data/hard_hat_workers94.png	171447	1789680786.8139580270
Voxel51__hard-hat-detection/data/hard_hat_workers805.png	234754	1789680769.4618775930
Voxel51__hard-hat-detection/data/hard_hat_workers941.png	197903	1789680787.1979598180
Voxel51__hard-hat-detection/data/hard_hat_workers803.png	276606	1789680769.4778776670
Voxel51__hard-hat-detection/data/hard_hat_workers940.png	236879	1789680787.2539600800
Voxel51__hard-hat-detection/data/hard_hat_workers807.png	252460	1789680769.5178778510
Voxel51__hard-hat-detection/data/hard_hat_workers93.png	273692	1789680785.9259538850
Voxel51__hard-hat-detection/data/hard_hat_workers852.png	264025	1789680775.5179055480
Voxel51__hard-hat-detection/data/hard_hat_workers91.png	278703	1789680783.3819420360
Voxel51__hard-hat-detection/data/hard_hat_workers855.png	165676	1789680775.8979073060
Voxel51__hard-hat-detection/data/hard_hat_workers898.png	279926	1789680781.6979342050
Voxel51__hard-hat-detection/data/hard_hat_workers853.png	232621	1789680775.9059073430
Voxel51__hard-hat-detection/data/hard_hat_workers910.png	182313	1789680783.1499409570
Voxel51__hard-hat-detection/data/hard_hat_workers854.png	305722	1789680776.0579080460
Voxel51__hard-hat-detection/data/hard_hat_workers900.png	247862	1789680781.8539349300
Voxel51__hard-hat-detection/data/hard_hat_workers857.png	320846	1789680776.2659090090
Voxel51__hard-hat-detection/data/hard_hat_workers912.png	256079	1789680783.3939420920
Voxel51__hard-hat-detection/data/hard_hat_workers859.png	238766	1789680776.3819095460
Voxel51__hard-hat-detection/data/hard_hat_workers856.png	285068	1789680776.3859095650
Voxel51__hard-hat-detection/data/hard_hat_workers903.png	218955	1789680782.7459390770
Voxel51__hard-hat-detection/data/hard_hat_workers9.png	226459	1789680781.8619349670
Voxel51__hard-hat-detection/data/hard_hat_workers86.png	260842	1789680776.4739099720
Voxel51__hard-hat-detection/data/hard_hat_workers908.png	315571	1789680783.2059412170
Voxel51__hard-hat-detection/data/hard_hat_workers858.png	327074	1789680776.4859100280
Voxel51__hard-hat-detection/data/hard_hat_workers90.png	332338	1789680781.9819355250
Voxel51__hard-hat-detection/data/hard_hat_workers860.png	327473	1789680776.5579103610
Voxel51__hard-hat-detection/data/hard_hat_workers913.png	286384	1789680783.6059430790
Voxel51__hard-hat-detection/data/hard_hat_workers862.png	255272	1789680776.6699108800
Voxel51__hard-hat-detection/data/hard_hat_workers902.png	267601	1789680782.0859360080
Voxel51__hard-hat-detection/data/hard_hat_workers861.png	321591	1789680776.7339111760
Voxel51__hard-hat-detection/data/hard_hat_workers911.png	281286	1789680783.4459423340
Voxel51__hard-hat-detection/data/hard_hat_workers863.png	254032	1789680776.9619122320
Voxel51__hard-hat-detection/data/hard_hat_workers905.png	233952	1789680782.2259366590
Voxel51__hard-hat-detection/data/hard_hat_workers865.png	283153	1789680777.2979137880
Voxel51__hard-hat-detection/data/hard_hat_workers914.png	301332	1789680783.7619438050
Voxel51__hard-hat-detection/data/hard_hat_workers864.png	258058	1789680777.4099143070
Voxel51__hard-hat-detection/data/hard_hat_workers904.png	271488	1789680782.3019370130
Voxel51__hard-hat-detection/data/hard_hat_workers866.png	277518	1789680777.5819151040
Voxel51__hard-hat-detection/data/hard_hat_workers915.png	270168	1789680783.8979444380
Voxel51__hard-hat-detection/data/hard_hat_workers867.png	200046	1789680777.7339158080
Voxel51__hard-hat-detection/data/hard_hat_workers901.png	284104	1789680782.3459372170
Voxel51__hard-hat-detection/data/hard_hat_workers870.png	277376	1789680777.7499158820
Voxel51__hard-hat-detection/data/hard_hat_workers916.png	325805	1789680783.9299445870
Voxel51__hard-hat-detection/data/hard_hat_workers868.png	318648	1789680777.8059161420
Voxel51__hard-hat-detection/data/hard_hat_workers906.png	268412	1789680782.3819373850
Voxel51__hard-hat-detection/data/hard_hat_workers869.png	215810	1789680777.8979165680
Voxel51__hard-hat-detection/data/hard_hat_workers917.png	262761	1789680784.0979453690
Voxel51__hard-hat-detection/data/hard_hat_workers87.png	270067	1789680777.9379167540
Voxel51__hard-hat-detection/data/hard_hat_workers907.png	251940	1789680782.7139389290
Voxel51__hard-hat-detection/data/hard_hat_workers871.png	217559	1789680777.9899169950
Voxel51__hard-hat-detection/data/hard_hat_workers918.png	290008	1789680784.1419455740
Voxel51__hard-hat-detection/data/hard_hat_workers873.png	251826	1789680778.0339171990
Voxel51__hard-hat-detection/data/hard_hat_workers919.png	349078	1789680784.4659470830
Voxel51__hard-hat-detection/data/hard_hat_workers872.png	225906	1789680778.1499177360
Voxel51__hard-hat-detection/data/hard_hat_workers909.png	309888	1789680783.1459409380
Voxel51__hard-hat-detection/data/hard_hat_workers874.png	262379	1789680778.3139184970
Voxel51__hard-hat-detection/data/hard_hat_workers92.png	279214	1789680784.5499474740
Voxel51__hard-hat-detection/data/hard_hat_workers875.png	240129	1789680778.6299199620
Voxel51__hard-hat-detection/data/hard_hat_workers920.png	309330	1789680784.5939476790
Voxel51__hard-hat-detection/data/hard_hat_workers876.png	297485	1789680778.7619205740
Voxel51__hard-hat-detection/data/hard_hat_workers921.png	206881	1789680784.6379478840
Voxel51__hard-hat-detection/data/hard_hat_workers877.png	290481	1789680778.9219213160
Voxel51__hard-hat-detection/data/hard_hat_workers922.png	373564	1789680784.7259482940
Voxel51__hard-hat-detection/data/hard_hat_workers879.png	204849	1789680779.1219222440
Voxel51__hard-hat-detection/data/hard_hat_workers925.png	184559	1789680785.1139501010
Voxel51__hard-hat-detection/data/hard_hat_workers878.png	209830	1789680779.1939225780
Voxel51__hard-hat-detection/data/hard_hat_workers927.png	219349	1789680785.1939504740
Voxel51__hard-hat-detection/data/hard_hat_workers88.png	266672	1789680779.2539228560
Voxel51__hard-hat-detection/data/hard_hat_workers923.png	280956	1789680785.1459502500
Voxel51__hard-hat-detection/data/hard_hat_workers881.png	276849	1789680779.3379232460
Voxel51__hard-hat-detection/data/hard_hat_workers924.png	351136	1789680785.1339501940
Voxel51__hard-hat-detection/data/hard_hat_workers883.png	158868	1789680779.3339232270
Voxel51__hard-hat-detection/data/hard_hat_workers931.png	233517	1789680785.8579535680
Voxel51__hard-hat-detection/data/hard_hat_workers880.png	258016	1789680779.4619238210
Voxel51__hard-hat-detection/data/hard_hat_workers928.png	289274	1789680785.3459511820
Voxel51__hard-hat-detection/data/hard_hat_workers882.png	253223	1789680779.5059240260
Voxel51__hard-hat-detection/data/hard_hat_workers929.png	298261	1789680785.5219520020
Voxel51__hard-hat-detection/data/hard_hat_workers884.png	269595	1789680779.6099245080
Voxel51__hard-hat-detection/data/hard_hat_workers926.png	297459	1789680785.5779522630
Voxel51__hard-hat-detection/data/hard_hat_workers885.png	267133	1789680779.8259255100
Voxel51__hard-hat-detection/data/hard_hat_workers886.png	281724	1789680780.0619266060
Voxel51__hard-hat-detection/data/hard_hat_workers888.png	306839	1789680780.1819271630
Voxel51__hard-hat-detection/data/hard_hat_workers932.png	238041	1789680785.8699536240
Voxel51__hard-hat-detection/data/hard_hat_workers887.png	268540	1789680780.2539274970
Voxel51__hard-hat-detection/data/hard_hat_workers89.png	368829	1789680780.4859285750
Voxel51__hard-hat-detection/data/hard_hat_workers889.png	282271	1789680780.5899290570
Voxel51__hard-hat-detection/data/hard_hat_workers891.png	258403	1789680780.6179291870
Voxel51__hard-hat-detection/data/hard_hat_workers893.png	280435	1789680780.8019300420
Voxel51__hard-hat-detection/data/hard_hat_workers892.png	354810	1789680780.8419302270
Voxel51__hard-hat-detection/data/hard_hat_workers890.png	335938	1789680780.9099305430
Voxel51__hard-hat-detection/data/hard_hat_workers895.png	135088	1789680780.9219305990
Voxel51__hard-hat-detection/data/hard_hat_workers894.png	303124	1789680780.9259306170
Voxel51__hard-hat-detection/data/hard_hat_workers896.png	236365	1789680781.0379311380
Voxel51__hard-hat-detection/data/hard_hat_workers897.png	306050	1789680781.4819332010
Voxel51__hard-hat-detection/data/hard_hat_workers899.png	310132	1789680781.6899341680
Voxel51__hard-hat-detection/data/hard_hat_workers942.png	207824	1789680787.3659606020
Voxel51__hard-hat-detection/data/hard_hat_workers987.png	312131	1789680793.1859878200
Voxel51__hard-hat-detection/data/hard_hat_workers943.png	308908	1789680787.3859606960
Voxel51__hard-hat-detection/data/hard_hat_workers944.png	233597	1789680787.4859611620
Voxel51__hard-hat-detection/data/hard_hat_workers99.png	251648	1789680793.2459881010
Voxel51__hard-hat-detection/data/hard_hat_workers945.png	290757	1789680787.7339623200
Voxel51__hard-hat-detection/data/hard_hat_workers991.png	269489	1789680793.3099884010
Voxel51__hard-hat-detection/data/hard_hat_workers946.png	319218	1789680787.8499628610
Voxel51__hard-hat-detection/data/hard_hat_workers988.png	289818	1789680793.3139884200
Voxel51__hard-hat-detection/data/hard_hat_workers948.png	243539	1789680787.9179631790
Voxel51__hard-hat-detection/data/hard_hat_workers990.png	217118	1789680793.3699886820
Voxel51__hard-hat-detection/data/hard_hat_workers947.png	250368	1789680787.9379632720
Voxel51__hard-hat-detection/data/hard_hat_workers992.png	255383	1789680793.5499895260
Voxel51__hard-hat-detection/data/hard_hat_workers949.png	236360	1789680787.9539633470
Voxel51__hard-hat-detection/data/hard_hat_workers994.png	188256	1789680793.6219898640
Voxel51__hard-hat-detection/data/hard_hat_workers95.png	296044	1789680788.0459637760
Voxel51__hard-hat-detection/data/hard_hat_workers993.png	250188	1789680793.7899906520
Voxel51__hard-hat-detection/data/hard_hat_workers950.png	275260	1789680788.1979644860
Voxel51__hard-hat-detection/data/hard_hat_workers995.png	270266	1789680793.9419913640
Voxel51__hard-hat-detection/data/hard_hat_workers951.png	270561	1789680788.4499656630
Voxel51__hard-hat-detection/data/hard_hat_workers996.png	133723	1789680793.9419913640
Voxel51__hard-hat-detection/data/hard_hat_workers952.png	364887	1789680788.5979663540
Voxel51__hard-hat-detection/data/hard_hat_workers997.png	215494	1789680794.2939930150
Voxel51__hard-hat-detection/data/hard_hat_workers953.png	320343	1789680788.7979672880
Voxel51__hard-hat-detection/data/hard_hat_workers998.png	219029	1789680794.4499937470
Voxel51__hard-hat-detection/data/hard_hat_workers954.png	296206	1789680788.8259674190
Voxel51__hard-hat-detection/data/hard_hat_workers955.png	256298	1789680788.9739681110
Voxel51__hard-hat-detection/data/hard_hat_workers956.png	305412	1789680789.0539684840
Voxel51__hard-hat-detection/data/hard_hat_workers959.png	149058	1789680789.2499694010
Voxel51__hard-hat-detection/data/hard_hat_workers957.png	196967	1789680789.3179697190
Voxel51__hard-hat-detection/data/hard_hat_workers960.png	301012	1789680789.3179697190
Voxel51__hard-hat-detection/data/hard_hat_workers958.png	226073	1789680789.3299697740
Voxel51__hard-hat-detection/data/hard_hat_workers96.png	273291	1789680789.4459703170
Voxel51__hard-hat-detection/data/hard_hat_workers961.png	345163	1789680789.6379712140
Voxel51__hard-hat-detection/data/hard_hat_workers962.png	235780	1789680789.8059719990
Voxel51__hard-hat-detection/data/hard_hat_workers963.png	216434	1789680789.9379726160
Voxel51__hard-hat-detection/data/hard_hat_workers964.png	257542	1789680790.0619731960
Voxel51__hard-hat-detection/data/hard_hat_workers965.png	202581	1789680790.2539740940
Voxel51__hard-hat-detection/data/hard_hat_workers967.png	302526	1789680790.4459749920
Voxel51__hard-hat-detection/data/hard_hat_workers966.png	242729	1789680790.5339754040
Voxel51__hard-hat-detection/data/hard_hat_workers97.png	255130	1789680790.5499754790
Voxel51__hard-hat-detection/data/hard_hat_workers968.png	362880	1789680790.5699755720
Voxel51__hard-hat-detection/data/hard_hat_workers970.png	218625	1789680790.6739760590
Voxel51__hard-hat-detection/data/hard_hat_workers969.png	327818	1789680790.6779760780
Voxel51__hard-hat-detection/data/hard_hat_workers971.png	292492	1789680790.8179767320
Voxel51__hard-hat-detection/data/hard_hat_workers972.png	301644	1789680791.0299777240
Voxel51__hard-hat-detection/data/hard_hat_workers973.png	250936	1789680791.1739783980
Voxel51__hard-hat-detection/data/hard_hat_workers974.png	281277	1789680791.2459787350
Voxel51__hard-hat-detection/data/hard_hat_workers975.png	242295	1789680791.4259795780
Voxel51__hard-hat-detection/data/hard_hat_workers976.png	276535	1789680791.7219809630
Voxel51__hard-hat-detection/data/hard_hat_workers977.png	317426	1789680791.8219814310
Voxel51__hard-hat-detection/data/hard_hat_workers98.png	290321	1789680791.8859817310
Voxel51__hard-hat-detection/data/hard_hat_workers978.png	228818	1789680791.9019818050
Voxel51__hard-hat-detection/data/hard_hat_workers980.png	166627	1789680791.9499820300
Voxel51__hard-hat-detection/data/hard_hat_workers979.png	352523	1789680792.0219823670
Voxel51__hard-hat-detection/data/hard_hat_workers981.png	298969	1789680792.0499824990
Voxel51__hard-hat-detection/data/hard_hat_workers982.png	305007	1789680792.3099837160
Voxel51__hard-hat-detection/data/hard_hat_workers983.png	208351	1789680792.4099841850
Voxel51__hard-hat-detection/data/hard_hat_workers985.png	254469	1789680792.5099846530
Voxel51__hard-hat-detection/data/hard_hat_workers984.png	329483	1789680792.6459852900
Voxel51__hard-hat-detection/data/hard_hat_workers986.png	290211	1789680792.8019860210
Voxel51__hard-hat-detection/data/hard_hat_workers989.png	300938	1789680793.0699872760
Voxel51__hard-hat-detection/data/hard_hat_workers999.png	332614	1789680794.5979944410
Voxel51__hard-hat-detection/README.md	2077	1789680210.5761153420
Voxel51__hard-hat-detection/.gitattributes	2307	1789680210.7361155130
Voxel51__hard-hat-detection/metadata.json	5126	1789680794.0219917390
Voxel51__hard-hat-detection/fiftyone.yml	110	1789680794.0339917960
Voxel51__hard-hat-detection/dataset_preview.gif	7091553	1789680795.1299969370
Voxel51__hard-hat-detection/samples.json	8952956	1789680795.2819976510
